barangay,year,month,case_count,rainfall_mm,temperature_c,humidity_pct,blood_a_positive_share,blood_a_negative_share,blood_b_positive_share,blood_b_negative_share,blood_ab_positive_share,blood_ab_negative_share,blood_o_positive_share,blood_o_negative_share
Abuno,2020,1,0,63.400000000000006,26.316129032258065,85.66397849462365,0.0,0.0,0.0,0.0,0.0,0.0,0.0,0.0
Abuno,2020,2,1,98.7,25.731034482758623,86.48994252873563,0.0,0.0,0.0,0.0,0.0,1.0,0.0,0.0
Abuno,2020,3,0,177.60000000000002,26.33225806451613,85.24462365591398,0.0,0.0,0.0,0.0,0.0,0.0,0.0,0.0
Abuno,2020,4,1,46.2,27.509999999999998,80.39166666666667,0.0,0.0,0.0,1.0,0.0,0.0,0.0,0.0
Abuno,2020,5,0,235.0,27.587096774193547,88.56048387096774,0.0,0.0,0.0,0.0,0.0,0.0,0.0,0.0
Abuno,2020,6,0,481.8,26.81,89.87361111111112,0.0,0.0,0.0,0.0,0.0,0.0,0.0,0.0
Abuno,2020,7,0,516.3,26.641935483870967,90.00940860215054,0.0,0.0,0.0,0.0,0.0,0.0,0.0,0.0
Abuno,2020,8,0,283.8,26.967741935483872,88.1975806451613,0.0,0.0,0.0,0.0,0.0,0.0,0.0,0.0
Abuno,2020,9,0,453.5,26.923333333333336,89.24722222222222,0.0,0.0,0.0,0.0,0.0,0.0,0.0,0.0
Abuno,2020,10,1,504.29999999999995,26.55806451612903,90.60215053763442,0.0,0.0,0.0,0.0,0.0,0.0,1.0,0.0
Abuno,2020,11,3,201.0,26.413333333333334,90.75972222222222,0.0,0.0,0.0,0.3333333333333333,0.3333333333333333,0.0,0.3333333333333333,0.0
Abuno,2020,12,0,284.9,26.187096774193545,90.4986559139785,0.0,0.0,0.0,0.0,0.0,0.0,0.0,0.0
Abuno,2021,1,1,270.59999999999997,25.55806451612903,90.90591397849462,0.0,1.0,0.0,0.0,0.0,0.0,0.0,0.0
Abuno,2021,2,0,204.1,25.635714285714283,90.38392857142857,0.0,0.0,0.0,0.0,0.0,0.0,0.0,0.0
Abuno,2021,3,0,150.9,26.135483870967743,88.36559139784946,0.0,0.0,0.0,0.0,0.0,0.0,0.0,0.0
Abuno,2021,4,2,119.9,26.88,85.50694444444444,0.0,0.0,0.0,0.0,0.0,0.0,0.5,0.5
Abuno,2021,5,1,412.90000000000003,26.948387096774194,88.83870967741936,0.0,0.0,1.0,0.0,0.0,0.0,0.0,0.0
Abuno,2021,6,1,256.4,26.863333333333333,88.29583333333333,0.0,0.0,0.0,0.0,0.0,0.0,0.0,1.0
Abuno,2021,7,3,301.0,27.65806451612903,82.94086021505376,0.0,0.6666666666666666,0.0,0.0,0.0,0.0,0.0,0.3333333333333333
Abuno,2021,8,1,183.3,27.200000000000003,85.51344086021506,0.0,0.0,0.0,0.0,1.0,0.0,0.0,0.0
Abuno,2021,9,0,343.0,26.756666666666668,88.62916666666666,0.0,0.0,0.0,0.0,0.0,0.0,0.0,0.0
Abuno,2021,10,1,335.7,26.748387096774195,88.47983870967742,0.0,0.0,0.0,0.0,0.0,0.0,1.0,0.0
Abuno,2021,11,0,327.7,26.176666666666666,91.05416666666666,0.0,0.0,0.0,0.0,0.0,0.0,0.0,0.0
Abuno,2021,12,1,256.0,25.706451612903226,90.11290322580645,0.0,0.0,0.0,0.0,0.0,0.0,1.0,0.0
Abuno,2022,1,0,144.2,25.48709677419355,89.05510752688173,0.0,0.0,0.0,0.0,0.0,0.0,0.0,0.0
Abuno,2022,2,0,104.3,25.42142857142857,89.55059523809524,0.0,0.0,0.0,0.0,0.0,0.0,0.0,0.0
Abuno,2022,3,0,325.59999999999997,26.003225806451614,90.24596774193549,0.0,0.0,0.0,0.0,0.0,0.0,0.0,0.0
Abuno,2022,4,3,355.7,26.136666666666667,89.14166666666667,0.0,0.0,0.3333333333333333,0.0,0.0,0.0,0.3333333333333333,0.3333333333333333
Abuno,2022,5,0,345.3,26.54516129032258,89.87768817204301,0.0,0.0,0.0,0.0,0.0,0.0,0.0,0.0
Abuno,2022,6,2,307.4,26.62,88.13888888888889,0.0,0.0,0.0,0.0,0.0,0.5,0.0,0.5
Abuno,2022,7,2,572.2,26.596774193548388,89.55510752688173,0.0,0.5,0.0,0.0,0.5,0.0,0.0,0.0
Abuno,2022,8,1,361.40000000000003,26.490322580645163,88.38306451612904,0.0,0.0,0.0,0.0,0.0,0.0,1.0,0.0
Abuno,2022,9,1,348.6,26.970000000000002,86.91805555555555,0.0,0.0,0.0,1.0,0.0,0.0,0.0,0.0
Abuno,2022,10,1,313.0,26.65806451612903,88.96774193548387,0.0,0.0,0.0,0.0,0.0,1.0,0.0,0.0
Abuno,2022,11,1,289.6,26.186666666666667,90.38888888888889,0.0,0.0,0.0,0.0,0.0,0.0,1.0,0.0
Abuno,2022,12,0,302.3,25.69677419354839,91.02016129032258,0.0,0.0,0.0,0.0,0.0,0.0,0.0,0.0
Abuno,2023,1,0,497.7,24.970967741935485,93.33198924731182,0.0,0.0,0.0,0.0,0.0,0.0,0.0,0.0
Abuno,2023,2,0,303.5,25.260714285714283,91.73660714285714,0.0,0.0,0.0,0.0,0.0,0.0,0.0,0.0
Abuno,2023,3,0,244.8,25.60967741935484,89.4260752688172,0.0,0.0,0.0,0.0,0.0,0.0,0.0,0.0
Abuno,2023,4,1,135.4,26.83,85.39861111111111,0.0,0.0,0.0,1.0,0.0,0.0,0.0,0.0
Abuno,2023,5,0,313.3,27.448387096774194,85.93548387096774,0.0,0.0,0.0,0.0,0.0,0.0,0.0,0.0
Abuno,2023,6,2,419.9,27.026666666666664,87.42222222222222,0.0,0.0,0.0,0.0,0.0,0.0,0.0,1.0
Abuno,2023,7,1,391.3,27.36774193548387,84.5524193548387,0.0,0.0,1.0,0.0,0.0,0.0,0.0,0.0
Abuno,2023,8,8,315.7,27.503225806451614,83.02822580645162,0.0,0.25,0.0,0.125,0.0,0.0,0.5,0.125
Abuno,2023,9,3,461.8,27.023333333333333,86.45694444444445,0.0,0.3333333333333333,0.0,0.3333333333333333,0.0,0.0,0.3333333333333333,0.0
Abuno,2023,10,6,219.7,26.990322580645163,85.48790322580645,0.16666666666666666,0.0,0.0,0.0,0.0,0.0,0.3333333333333333,0.5
Abuno,2023,11,12,216.0,26.396666666666665,89.29027777777777,0.08333333333333333,0.0,0.08333333333333333,0.16666666666666666,0.0,0.0,0.25,0.4166666666666667
Abuno,2023,12,8,183.6,26.219354838709677,89.28763440860214,0.25,0.125,0.125,0.25,0.0,0.0,0.25,0.0
Abuno,2024,1,8,99.3,25.983870967741936,87.50940860215054,0.0,0.0,0.125,0.25,0.0,0.0,0.125,0.5
Abuno,2024,2,2,78.0,25.886206896551727,85.03735632183908,0.0,0.0,0.0,0.0,0.0,0.0,1.0,0.0
Abuno,2024,3,2,48.7,26.693548387096776,80.3010752688172,0.0,0.0,0.0,0.0,0.0,0.0,0.5,0.5
Abuno,2024,4,2,55.5,28.14333333333333,77.69722222222222,0.0,0.0,0.0,0.0,0.0,0.0,0.5,0.5
Abuno,2024,5,0,111.1,28.719354838709677,78.03763440860214,0.0,0.0,0.0,0.0,0.0,0.0,0.0,0.0
Abuno,2024,6,0,268.8,27.096666666666668,87.57638888888889,0.0,0.0,0.0,0.0,0.0,0.0,0.0,0.0
Abuno,2024,7,4,424.40000000000003,26.993548387096773,87.25268817204301,0.0,0.0,0.25,0.0,0.0,0.0,0.0,0.75
Abuno,2024,8,18,314.8,26.948387096774194,87.74327956989248,0.05555555555555555,0.05555555555555555,0.16666666666666666,0.05555555555555555,0.0,0.0,0.5,0.16666666666666666
Abuno,2024,9,8,292.3,27.523333333333333,84.44722222222222,0.0,0.0,0.25,0.25,0.125,0.0,0.25,0.125
Abuno,2024,10,3,254.3,27.183870967741935,84.42069892473118,0.0,0.0,0.0,0.0,0.0,0.0,1.0,0.0
Abuno,2024,11,3,124.8,27.42,82.27083333333333,0.0,0.6666666666666666,0.3333333333333333,0.0,0.0,0.0,0.0,0.0
Abuno,2024,12,5,285.8,26.409677419354836,88.56182795698925,0.0,0.4,0.2,0.0,0.0,0.0,0.2,0.2
Abuno,2025,1,3,117.9,26.15806451612903,87.52956989247312,0.0,0.0,0.0,0.6666666666666666,0.3333333333333333,0.0,0.0,0.0
Abuno,2025,2,5,92.8,26.214285714285715,85.29017857142857,0.0,0.2,0.0,0.0,0.2,0.2,0.4,0.0
Abuno,2025,3,0,128.9,26.506451612903227,86.22043010752688,0.0,0.0,0.0,0.0,0.0,0.0,0.0,0.0
Abuno,2025,4,1,69.5,27.613333333333333,79.75138888888888,0.0,0.0,0.0,0.0,0.0,0.0,0.0,1.0
Abuno,2025,5,0,256.2,27.12258064516129,86.25403225806451,0.0,0.0,0.0,0.0,0.0,0.0,0.0,0.0
Abuno,2025,6,1,292.1,26.886666666666667,85.95972222222223,0.0,0.0,1.0,0.0,0.0,0.0,0.0,0.0
Abuno,2025,7,1,168.4,27.96129032258065,78.06317204301075,0.0,0.0,0.0,0.0,0.0,0.0,1.0,0.0
Abuno,2025,8,2,436.8,26.593548387096774,86.0241935483871,0.0,0.0,0.0,0.0,0.0,0.0,0.5,0.5
Abuno,2025,9,0,274.3,26.779999999999998,84.84583333333333,0.0,0.0,0.0,0.0,0.0,0.0,0.0,0.0
Abuno,2025,10,2,345.5,26.606451612903225,86.78360215053763,0.5,0.0,0.0,0.0,0.0,0.5,0.0,0.0
Abuno,2025,11,0,266.3,26.55666666666667,86.72083333333333,0.0,0.0,0.0,0.0,0.0,0.0,0.0,0.0
Abuno,2025,12,0,171.9,26.322580645161292,87.89516129032258,0.0,0.0,0.0,0.0,0.0,0.0,0.0,0.0
Abuno,2026,1,0,115.2,25.822580645161292,84.18682795698925,0.0,0.0,0.0,0.0,0.0,0.0,0.0,0.0
Acmac-Mariano Badelles Sr.,2020,1,0,63.400000000000006,26.316129032258065,85.66397849462365,0.0,0.0,0.0,0.0,0.0,0.0,0.0,0.0
Acmac-Mariano Badelles Sr.,2020,2,1,98.7,25.731034482758623,86.48994252873563,0.0,0.0,0.0,0.0,0.0,0.0,0.0,1.0
Acmac-Mariano Badelles Sr.,2020,3,0,177.60000000000002,26.33225806451613,85.24462365591398,0.0,0.0,0.0,0.0,0.0,0.0,0.0,0.0
Acmac-Mariano Badelles Sr.,2020,4,0,46.2,27.509999999999998,80.39166666666667,0.0,0.0,0.0,0.0,0.0,0.0,0.0,0.0
Acmac-Mariano Badelles Sr.,2020,5,1,235.0,27.587096774193547,88.56048387096774,0.0,0.0,0.0,0.0,0.0,0.0,0.0,1.0
Acmac-Mariano Badelles Sr.,2020,6,0,481.8,26.81,89.87361111111112,0.0,0.0,0.0,0.0,0.0,0.0,0.0,0.0
Acmac-Mariano Badelles Sr.,2020,7,1,516.3,26.641935483870967,90.00940860215054,0.0,0.0,1.0,0.0,0.0,0.0,0.0,0.0
Acmac-Mariano Badelles Sr.,2020,8,0,283.8,26.967741935483872,88.1975806451613,0.0,0.0,0.0,0.0,0.0,0.0,0.0,0.0
Acmac-Mariano Badelles Sr.,2020,9,0,453.5,26.923333333333336,89.24722222222222,0.0,0.0,0.0,0.0,0.0,0.0,0.0,0.0
Acmac-Mariano Badelles Sr.,2020,10,1,504.29999999999995,26.55806451612903,90.60215053763442,0.0,0.0,0.0,1.0,0.0,0.0,0.0,0.0
Acmac-Mariano Badelles Sr.,2020,11,0,201.0,26.413333333333334,90.75972222222222,0.0,0.0,0.0,0.0,0.0,0.0,0.0,0.0
Acmac-Mariano Badelles Sr.,2020,12,0,284.9,26.187096774193545,90.4986559139785,0.0,0.0,0.0,0.0,0.0,0.0,0.0,0.0
Acmac-Mariano Badelles Sr.,2021,1,1,270.59999999999997,25.55806451612903,90.90591397849462,0.0,0.0,0.0,0.0,0.0,0.0,0.0,1.0
Acmac-Mariano Badelles Sr.,2021,2,0,204.1,25.635714285714283,90.38392857142857,0.0,0.0,0.0,0.0,0.0,0.0,0.0,0.0
Acmac-Mariano Badelles Sr.,2021,3,0,150.9,26.135483870967743,88.36559139784946,0.0,0.0,0.0,0.0,0.0,0.0,0.0,0.0
Acmac-Mariano Badelles Sr.,2021,4,1,119.9,26.88,85.50694444444444,0.0,0.0,0.0,0.0,0.0,0.0,0.0,1.0
Acmac-Mariano Badelles Sr.,2021,5,1,412.90000000000003,26.948387096774194,88.83870967741936,0.0,0.0,0.0,0.0,0.0,0.0,1.0,0.0
Acmac-Mariano Badelles Sr.,2021,6,0,256.4,26.863333333333333,88.29583333333333,0.0,0.0,0.0,0.0,0.0,0.0,0.0,0.0
Acmac-Mariano Badelles Sr.,2021,7,1,301.0,27.65806451612903,82.94086021505376,0.0,0.0,0.0,0.0,0.0,1.0,0.0,0.0
Acmac-Mariano Badelles Sr.,2021,8,0,183.3,27.200000000000003,85.51344086021506,0.0,0.0,0.0,0.0,0.0,0.0,0.0,0.0
Acmac-Mariano Badelles Sr.,2021,9,0,343.0,26.756666666666668,88.62916666666666,0.0,0.0,0.0,0.0,0.0,0.0,0.0,0.0
Acmac-Mariano Badelles Sr.,2021,10,1,335.7,26.748387096774195,88.47983870967742,0.0,0.0,0.0,0.0,0.0,0.0,1.0,0.0
Acmac-Mariano Badelles Sr.,2021,11,0,327.7,26.176666666666666,91.05416666666666,0.0,0.0,0.0,0.0,0.0,0.0,0.0,0.0
Acmac-Mariano Badelles Sr.,2021,12,1,256.0,25.706451612903226,90.11290322580645,0.0,0.0,0.0,0.0,1.0,0.0,0.0,0.0
Acmac-Mariano Badelles Sr.,2022,1,1,144.2,25.48709677419355,89.05510752688173,0.0,0.0,0.0,0.0,0.0,0.0,0.0,1.0
Acmac-Mariano Badelles Sr.,2022,2,0,104.3,25.42142857142857,89.55059523809524,0.0,0.0,0.0,0.0,0.0,0.0,0.0,0.0
Acmac-Mariano Badelles Sr.,2022,3,1,325.59999999999997,26.003225806451614,90.24596774193549,0.0,1.0,0.0,0.0,0.0,0.0,0.0,0.0
Acmac-Mariano Badelles Sr.,2022,4,1,355.7,26.136666666666667,89.14166666666667,0.0,0.0,0.0,0.0,1.0,0.0,0.0,0.0
Acmac-Mariano Badelles Sr.,2022,5,1,345.3,26.54516129032258,89.87768817204301,0.0,0.0,0.0,0.0,0.0,0.0,1.0,0.0
Acmac-Mariano Badelles Sr.,2022,6,0,307.4,26.62,88.13888888888889,0.0,0.0,0.0,0.0,0.0,0.0,0.0,0.0
Acmac-Mariano Badelles Sr.,2022,7,2,572.2,26.596774193548388,89.55510752688173,0.0,0.0,0.0,0.0,0.5,0.5,0.0,0.0
Acmac-Mariano Badelles Sr.,2022,8,0,361.40000000000003,26.490322580645163,88.38306451612904,0.0,0.0,0.0,0.0,0.0,0.0,0.0,0.0
Acmac-Mariano Badelles Sr.,2022,9,1,348.6,26.970000000000002,86.91805555555555,0.0,0.0,0.0,0.0,0.0,1.0,0.0,0.0
Acmac-Mariano Badelles Sr.,2022,10,1,313.0,26.65806451612903,88.96774193548387,1.0,0.0,0.0,0.0,0.0,0.0,0.0,0.0
Acmac-Mariano Badelles Sr.,2022,11,2,289.6,26.186666666666667,90.38888888888889,0.0,0.0,0.5,0.0,0.0,0.0,0.5,0.0
Acmac-Mariano Badelles Sr.,2022,12,1,302.3,25.69677419354839,91.02016129032258,0.0,1.0,0.0,0.0,0.0,0.0,0.0,0.0
Acmac-Mariano Badelles Sr.,2023,1,0,497.7,24.970967741935485,93.33198924731182,0.0,0.0,0.0,0.0,0.0,0.0,0.0,0.0
Acmac-Mariano Badelles Sr.,2023,2,0,303.5,25.260714285714283,91.73660714285714,0.0,0.0,0.0,0.0,0.0,0.0,0.0,0.0
Acmac-Mariano Badelles Sr.,2023,3,0,244.8,25.60967741935484,89.4260752688172,0.0,0.0,0.0,0.0,0.0,0.0,0.0,0.0
Acmac-Mariano Badelles Sr.,2023,4,0,135.4,26.83,85.39861111111111,0.0,0.0,0.0,0.0,0.0,0.0,0.0,0.0
Acmac-Mariano Badelles Sr.,2023,5,1,313.3,27.448387096774194,85.93548387096774,0.0,0.0,0.0,0.0,0.0,0.0,1.0,0.0
Acmac-Mariano Badelles Sr.,2023,6,3,419.9,27.026666666666664,87.42222222222222,0.3333333333333333,0.3333333333333333,0.0,0.0,0.0,0.0,0.0,0.3333333333333333
Acmac-Mariano Badelles Sr.,2023,7,1,391.3,27.36774193548387,84.5524193548387,0.0,0.0,0.0,0.0,0.0,0.0,1.0,0.0
Acmac-Mariano Badelles Sr.,2023,8,3,315.7,27.503225806451614,83.02822580645162,0.0,0.3333333333333333,0.3333333333333333,0.0,0.0,0.0,0.0,0.3333333333333333
Acmac-Mariano Badelles Sr.,2023,9,10,461.8,27.023333333333333,86.45694444444445,0.2,0.2,0.1,0.1,0.0,0.0,0.1,0.3
Acmac-Mariano Badelles Sr.,2023,10,3,219.7,26.990322580645163,85.48790322580645,0.0,0.0,0.0,0.0,0.0,0.0,1.0,0.0
Acmac-Mariano Badelles Sr.,2023,11,3,216.0,26.396666666666665,89.29027777777777,0.0,0.0,0.0,0.3333333333333333,0.0,0.0,0.3333333333333333,0.3333333333333333
Acmac-Mariano Badelles Sr.,2023,12,2,183.6,26.219354838709677,89.28763440860214,0.0,0.0,0.0,0.0,0.0,0.0,0.0,1.0
Acmac-Mariano Badelles Sr.,2024,1,5,99.3,25.983870967741936,87.50940860215054,0.2,0.2,0.0,0.0,0.0,0.0,0.2,0.4
Acmac-Mariano Badelles Sr.,2024,2,0,78.0,25.886206896551727,85.03735632183908,0.0,0.0,0.0,0.0,0.0,0.0,0.0,0.0
Acmac-Mariano Badelles Sr.,2024,3,0,48.7,26.693548387096776,80.3010752688172,0.0,0.0,0.0,0.0,0.0,0.0,0.0,0.0
Acmac-Mariano Badelles Sr.,2024,4,3,55.5,28.14333333333333,77.69722222222222,0.3333333333333333,0.3333333333333333,0.0,0.3333333333333333,0.0,0.0,0.0,0.0
Acmac-Mariano Badelles Sr.,2024,5,0,111.1,28.719354838709677,78.03763440860214,0.0,0.0,0.0,0.0,0.0,0.0,0.0,0.0
Acmac-Mariano Badelles Sr.,2024,6,0,268.8,27.096666666666668,87.57638888888889,0.0,0.0,0.0,0.0,0.0,0.0,0.0,0.0
Acmac-Mariano Badelles Sr.,2024,7,2,424.40000000000003,26.993548387096773,87.25268817204301,0.0,0.0,0.0,0.5,0.0,0.0,0.5,0.0
Acmac-Mariano Badelles Sr.,2024,8,1,314.8,26.948387096774194,87.74327956989248,0.0,0.0,0.0,0.0,0.0,0.0,1.0,0.0
Acmac-Mariano Badelles Sr.,2024,9,2,292.3,27.523333333333333,84.44722222222222,0.0,0.0,0.0,0.0,0.0,0.0,0.5,0.5
Acmac-Mariano Badelles Sr.,2024,10,4,254.3,27.183870967741935,84.42069892473118,0.0,0.0,0.25,0.0,0.0,0.0,0.5,0.25
Acmac-Mariano Badelles Sr.,2024,11,0,124.8,27.42,82.27083333333333,0.0,0.0,0.0,0.0,0.0,0.0,0.0,0.0
Acmac-Mariano Badelles Sr.,2024,12,3,285.8,26.409677419354836,88.56182795698925,0.0,0.0,0.0,0.3333333333333333,0.0,0.0,0.6666666666666666,0.0
Acmac-Mariano Badelles Sr.,2025,1,1,117.9,26.15806451612903,87.52956989247312,0.0,1.0,0.0,0.0,0.0,0.0,0.0,0.0
Acmac-Mariano Badelles Sr.,2025,2,0,92.8,26.214285714285715,85.29017857142857,0.0,0.0,0.0,0.0,0.0,0.0,0.0,0.0
Acmac-Mariano Badelles Sr.,2025,3,2,128.9,26.506451612903227,86.22043010752688,0.5,0.0,0.0,0.0,0.0,0.5,0.0,0.0
Acmac-Mariano Badelles Sr.,2025,4,1,69.5,27.613333333333333,79.75138888888888,0.0,0.0,0.0,0.0,0.0,0.0,1.0,0.0
Acmac-Mariano Badelles Sr.,2025,5,1,256.2,27.12258064516129,86.25403225806451,0.0,0.0,0.0,0.0,0.0,0.0,0.0,1.0
Acmac-Mariano Badelles Sr.,2025,6,1,292.1,26.886666666666667,85.95972222222223,0.0,0.0,0.0,0.0,0.0,0.0,1.0,0.0
Acmac-Mariano Badelles Sr.,2025,7,3,168.4,27.96129032258065,78.06317204301075,0.0,0.3333333333333333,0.0,0.0,0.3333333333333333,0.3333333333333333,0.0,0.0
Acmac-Mariano Badelles Sr.,2025,8,1,436.8,26.593548387096774,86.0241935483871,0.0,0.0,0.0,0.0,0.0,0.0,1.0,0.0
Acmac-Mariano Badelles Sr.,2025,9,0,274.3,26.779999999999998,84.84583333333333,0.0,0.0,0.0,0.0,0.0,0.0,0.0,0.0
Acmac-Mariano Badelles Sr.,2025,10,1,345.5,26.606451612903225,86.78360215053763,0.0,0.0,1.0,0.0,0.0,0.0,0.0,0.0
Acmac-Mariano Badelles Sr.,2025,11,0,266.3,26.55666666666667,86.72083333333333,0.0,0.0,0.0,0.0,0.0,0.0,0.0,0.0
Acmac-Mariano Badelles Sr.,2025,12,0,171.9,26.322580645161292,87.89516129032258,0.0,0.0,0.0,0.0,0.0,0.0,0.0,0.0
Acmac-Mariano Badelles Sr.,2026,1,0,115.2,25.822580645161292,84.18682795698925,0.0,0.0,0.0,0.0,0.0,0.0,0.0,0.0
Bagong Silang,2020,1,1,63.400000000000006,26.316129032258065,85.66397849462365,0.0,0.0,0.0,1.0,0.0,0.0,0.0,0.0
Bagong Silang,2020,2,0,98.7,25.731034482758623,86.48994252873563,0.0,0.0,0.0,0.0,0.0,0.0,0.0,0.0
Bagong Silang,2020,3,1,177.60000000000002,26.33225806451613,85.24462365591398,0.0,0.0,0.0,1.0,0.0,0.0,0.0,0.0
Bagong Silang,2020,4,0,46.2,27.509999999999998,80.39166666666667,0.0,0.0,0.0,0.0,0.0,0.0,0.0,0.0
Bagong Silang,2020,5,0,235.0,27.587096774193547,88.56048387096774,0.0,0.0,0.0,0.0,0.0,0.0,0.0,0.0
Bagong Silang,2020,6,1,481.8,26.81,89.87361111111112,0.0,0.0,1.0,0.0,0.0,0.0,0.0,0.0
Bagong Silang,2020,7,0,516.3,26.641935483870967,90.00940860215054,0.0,0.0,0.0,0.0,0.0,0.0,0.0,0.0
Bagong Silang,2020,8,2,283.8,26.967741935483872,88.1975806451613,0.0,0.0,0.0,0.0,0.5,0.0,0.5,0.0
Bagong Silang,2020,9,1,453.5,26.923333333333336,89.24722222222222,0.0,0.0,0.0,0.0,0.0,0.0,0.0,1.0
Bagong Silang,2020,10,2,504.29999999999995,26.55806451612903,90.60215053763442,0.0,0.0,0.5,0.0,0.0,0.0,0.5,0.0
Bagong Silang,2020,11,1,201.0,26.413333333333334,90.75972222222222,0.0,0.0,0.0,0.0,0.0,0.0,1.0,0.0
Bagong Silang,2020,12,0,284.9,26.187096774193545,90.4986559139785,0.0,0.0,0.0,0.0,0.0,0.0,0.0,0.0
Bagong Silang,2021,1,1,270.59999999999997,25.55806451612903,90.90591397849462,0.0,0.0,0.0,0.0,0.0,1.0,0.0,0.0
Bagong Silang,2021,2,0,204.1,25.635714285714283,90.38392857142857,0.0,0.0,0.0,0.0,0.0,0.0,0.0,0.0
Bagong Silang,2021,3,0,150.9,26.135483870967743,88.36559139784946,0.0,0.0,0.0,0.0,0.0,0.0,0.0,0.0
Bagong Silang,2021,4,1,119.9,26.88,85.50694444444444,0.0,0.0,0.0,0.0,0.0,0.0,1.0,0.0
Bagong Silang,2021,5,1,412.90000000000003,26.948387096774194,88.83870967741936,0.0,0.0,0.0,0.0,0.0,1.0,0.0,0.0
Bagong Silang,2021,6,3,256.4,26.863333333333333,88.29583333333333,0.0,0.0,0.0,0.0,0.0,0.0,0.6666666666666666,0.3333333333333333
Bagong Silang,2021,7,1,301.0,27.65806451612903,82.94086021505376,0.0,1.0,0.0,0.0,0.0,0.0,0.0,0.0
Bagong Silang,2021,8,1,183.3,27.200000000000003,85.51344086021506,0.0,1.0,0.0,0.0,0.0,0.0,0.0,0.0
Bagong Silang,2021,9,2,343.0,26.756666666666668,88.62916666666666,0.0,0.0,0.0,0.0,0.5,0.0,0.5,0.0
Bagong Silang,2021,10,0,335.7,26.748387096774195,88.47983870967742,0.0,0.0,0.0,0.0,0.0,0.0,0.0,0.0
Bagong Silang,2021,11,1,327.7,26.176666666666666,91.05416666666666,0.0,0.0,0.0,0.0,0.0,0.0,1.0,0.0
Bagong Silang,2021,12,1,256.0,25.706451612903226,90.11290322580645,0.0,0.0,0.0,0.0,0.0,0.0,1.0,0.0
Bagong Silang,2022,1,1,144.2,25.48709677419355,89.05510752688173,0.0,0.0,0.0,1.0,0.0,0.0,0.0,0.0
Bagong Silang,2022,2,2,104.3,25.42142857142857,89.55059523809524,0.0,0.0,0.5,0.0,0.0,0.0,0.5,0.0
Bagong Silang,2022,3,0,325.59999999999997,26.003225806451614,90.24596774193549,0.0,0.0,0.0,0.0,0.0,0.0,0.0,0.0
Bagong Silang,2022,4,1,355.7,26.136666666666667,89.14166666666667,0.0,0.0,0.0,0.0,0.0,1.0,0.0,0.0
Bagong Silang,2022,5,1,345.3,26.54516129032258,89.87768817204301,0.0,0.0,0.0,0.0,0.0,1.0,0.0,0.0
Bagong Silang,2022,6,3,307.4,26.62,88.13888888888889,0.3333333333333333,0.0,0.0,0.3333333333333333,0.0,0.3333333333333333,0.0,0.0
Bagong Silang,2022,7,2,572.2,26.596774193548388,89.55510752688173,0.0,0.5,0.5,0.0,0.0,0.0,0.0,0.0
Bagong Silang,2022,8,1,361.40000000000003,26.490322580645163,88.38306451612904,0.0,0.0,0.0,0.0,0.0,0.0,0.0,1.0
Bagong Silang,2022,9,1,348.6,26.970000000000002,86.91805555555555,0.0,0.0,0.0,0.0,1.0,0.0,0.0,0.0
Bagong Silang,2022,10,1,313.0,26.65806451612903,88.96774193548387,0.0,0.0,0.0,0.0,0.0,0.0,1.0,0.0
Bagong Silang,2022,11,2,289.6,26.186666666666667,90.38888888888889,0.0,0.0,0.0,0.0,0.0,0.0,1.0,0.0
Bagong Silang,2022,12,1,302.3,25.69677419354839,91.02016129032258,0.0,1.0,0.0,0.0,0.0,0.0,0.0,0.0
Bagong Silang,2023,1,0,497.7,24.970967741935485,93.33198924731182,0.0,0.0,0.0,0.0,0.0,0.0,0.0,0.0
Bagong Silang,2023,2,0,303.5,25.260714285714283,91.73660714285714,0.0,0.0,0.0,0.0,0.0,0.0,0.0,0.0
Bagong Silang,2023,3,1,244.8,25.60967741935484,89.4260752688172,0.0,0.0,0.0,1.0,0.0,0.0,0.0,0.0
Bagong Silang,2023,4,5,135.4,26.83,85.39861111111111,0.0,0.0,0.0,0.0,0.0,0.0,0.4,0.6
Bagong Silang,2023,5,2,313.3,27.448387096774194,85.93548387096774,0.0,0.0,0.0,0.0,0.0,0.0,0.5,0.5
Bagong Silang,2023,6,3,419.9,27.026666666666664,87.42222222222222,0.0,0.0,0.0,0.0,0.0,0.0,0.3333333333333333,0.6666666666666666
Bagong Silang,2023,7,1,391.3,27.36774193548387,84.5524193548387,0.0,0.0,0.0,0.0,0.0,0.0,0.0,1.0
Bagong Silang,2023,8,2,315.7,27.503225806451614,83.02822580645162,0.0,0.5,0.0,0.0,0.0,0.0,0.5,0.0
Bagong Silang,2023,9,1,461.8,27.023333333333333,86.45694444444445,0.0,0.0,0.0,0.0,0.0,0.0,1.0,0.0
Bagong Silang,2023,10,8,219.7,26.990322580645163,85.48790322580645,0.0,0.25,0.125,0.125,0.0,0.0,0.375,0.125
Bagong Silang,2023,11,0,216.0,26.396666666666665,89.29027777777777,0.0,0.0,0.0,0.0,0.0,0.0,0.0,0.0
Bagong Silang,2023,12,1,183.6,26.219354838709677,89.28763440860214,0.0,0.0,0.0,0.0,0.0,0.0,0.0,1.0
Bagong Silang,2024,1,1,99.3,25.983870967741936,87.50940860215054,0.0,0.0,1.0,0.0,0.0,0.0,0.0,0.0
Bagong Silang,2024,2,6,78.0,25.886206896551727,85.03735632183908,0.0,0.16666666666666666,0.3333333333333333,0.0,0.0,0.0,0.16666666666666666,0.3333333333333333
Bagong Silang,2024,3,7,48.7,26.693548387096776,80.3010752688172,0.0,0.14285714285714285,0.0,0.0,0.0,0.0,0.5714285714285714,0.2857142857142857
Bagong Silang,2024,4,1,55.5,28.14333333333333,77.69722222222222,0.0,0.0,0.0,1.0,0.0,0.0,0.0,0.0
Bagong Silang,2024,5,1,111.1,28.719354838709677,78.03763440860214,0.0,0.0,0.0,0.0,0.0,0.0,0.0,1.0
Bagong Silang,2024,6,0,268.8,27.096666666666668,87.57638888888889,0.0,0.0,0.0,0.0,0.0,0.0,0.0,0.0
Bagong Silang,2024,7,2,424.40000000000003,26.993548387096773,87.25268817204301,0.5,0.0,0.0,0.0,0.0,0.0,0.5,0.0
Bagong Silang,2024,8,3,314.8,26.948387096774194,87.74327956989248,0.3333333333333333,0.0,0.0,0.0,0.0,0.0,0.3333333333333333,0.3333333333333333
Bagong Silang,2024,9,8,292.3,27.523333333333333,84.44722222222222,0.125,0.0,0.0,0.0,0.125,0.0,0.5,0.25
Bagong Silang,2024,10,2,254.3,27.183870967741935,84.42069892473118,0.0,0.5,0.0,0.0,0.0,0.0,0.5,0.0
Bagong Silang,2024,11,2,124.8,27.42,82.27083333333333,0.0,0.0,0.0,0.0,0.0,0.0,0.5,0.5
Bagong Silang,2024,12,4,285.8,26.409677419354836,88.56182795698925,0.0,0.0,0.0,0.25,0.0,0.0,0.5,0.25
Bagong Silang,2025,1,5,117.9,26.15806451612903,87.52956989247312,0.0,0.0,0.2,0.0,0.0,0.2,0.6,0.0
Bagong Silang,2025,2,4,92.8,26.214285714285715,85.29017857142857,0.0,0.0,0.0,0.25,0.25,0.25,0.25,0.0
Bagong Silang,2025,3,1,128.9,26.506451612903227,86.22043010752688,0.0,1.0,0.0,0.0,0.0,0.0,0.0,0.0
Bagong Silang,2025,4,1,69.5,27.613333333333333,79.75138888888888,0.0,0.0,0.0,0.0,0.0,0.0,1.0,0.0
Bagong Silang,2025,5,2,256.2,27.12258064516129,86.25403225806451,0.0,0.0,0.0,0.5,0.5,0.0,0.0,0.0
Bagong Silang,2025,6,0,292.1,26.886666666666667,85.95972222222223,0.0,0.0,0.0,0.0,0.0,0.0,0.0,0.0
Bagong Silang,2025,7,3,168.4,27.96129032258065,78.06317204301075,0.0,0.3333333333333333,0.3333333333333333,0.0,0.0,0.3333333333333333,0.0,0.0
Bagong Silang,2025,8,1,436.8,26.593548387096774,86.0241935483871,0.0,0.0,0.0,0.0,0.0,0.0,0.0,1.0
Bagong Silang,2025,9,0,274.3,26.779999999999998,84.84583333333333,0.0,0.0,0.0,0.0,0.0,0.0,0.0,0.0
Bagong Silang,2025,10,1,345.5,26.606451612903225,86.78360215053763,0.0,0.0,1.0,0.0,0.0,0.0,0.0,0.0
Bagong Silang,2025,11,0,266.3,26.55666666666667,86.72083333333333,0.0,0.0,0.0,0.0,0.0,0.0,0.0,0.0
Bagong Silang,2025,12,0,171.9,26.322580645161292,87.89516129032258,0.0,0.0,0.0,0.0,0.0,0.0,0.0,0.0
Bagong Silang,2026,1,1,115.2,25.822580645161292,84.18682795698925,1.0,0.0,0.0,0.0,0.0,0.0,0.0,0.0
Bonbonon,2020,1,1,63.400000000000006,26.316129032258065,85.66397849462365,0.0,0.0,0.0,0.0,0.0,0.0,0.0,1.0
Bonbonon,2020,2,0,98.7,25.731034482758623,86.48994252873563,0.0,0.0,0.0,0.0,0.0,0.0,0.0,0.0
Bonbonon,2020,3,0,177.60000000000002,26.33225806451613,85.24462365591398,0.0,0.0,0.0,0.0,0.0,0.0,0.0,0.0
Bonbonon,2020,4,0,46.2,27.509999999999998,80.39166666666667,0.0,0.0,0.0,0.0,0.0,0.0,0.0,0.0
Bonbonon,2020,5,0,235.0,27.587096774193547,88.56048387096774,0.0,0.0,0.0,0.0,0.0,0.0,0.0,0.0
Bonbonon,2020,6,0,481.8,26.81,89.87361111111112,0.0,0.0,0.0,0.0,0.0,0.0,0.0,0.0
Bonbonon,2020,7,0,516.3,26.641935483870967,90.00940860215054,0.0,0.0,0.0,0.0,0.0,0.0,0.0,0.0
Bonbonon,2020,8,1,283.8,26.967741935483872,88.1975806451613,0.0,0.0,0.0,1.0,0.0,0.0,0.0,0.0
Bonbonon,2020,9,0,453.5,26.923333333333336,89.24722222222222,0.0,0.0,0.0,0.0,0.0,0.0,0.0,0.0
Bonbonon,2020,10,0,504.29999999999995,26.55806451612903,90.60215053763442,0.0,0.0,0.0,0.0,0.0,0.0,0.0,0.0
Bonbonon,2020,11,0,201.0,26.413333333333334,90.75972222222222,0.0,0.0,0.0,0.0,0.0,0.0,0.0,0.0
Bonbonon,2020,12,1,284.9,26.187096774193545,90.4986559139785,0.0,0.0,0.0,1.0,0.0,0.0,0.0,0.0
Bonbonon,2021,1,0,270.59999999999997,25.55806451612903,90.90591397849462,0.0,0.0,0.0,0.0,0.0,0.0,0.0,0.0
Bonbonon,2021,2,0,204.1,25.635714285714283,90.38392857142857,0.0,0.0,0.0,0.0,0.0,0.0,0.0,0.0
Bonbonon,2021,3,0,150.9,26.135483870967743,88.36559139784946,0.0,0.0,0.0,0.0,0.0,0.0,0.0,0.0
Bonbonon,2021,4,0,119.9,26.88,85.50694444444444,0.0,0.0,0.0,0.0,0.0,0.0,0.0,0.0
Bonbonon,2021,5,0,412.90000000000003,26.948387096774194,88.83870967741936,0.0,0.0,0.0,0.0,0.0,0.0,0.0,0.0
Bonbonon,2021,6,0,256.4,26.863333333333333,88.29583333333333,0.0,0.0,0.0,0.0,0.0,0.0,0.0,0.0
Bonbonon,2021,7,2,301.0,27.65806451612903,82.94086021505376,0.0,0.0,0.5,0.0,0.0,0.0,0.5,0.0
Bonbonon,2021,8,1,183.3,27.200000000000003,85.51344086021506,0.0,1.0,0.0,0.0,0.0,0.0,0.0,0.0
Bonbonon,2021,9,0,343.0,26.756666666666668,88.62916666666666,0.0,0.0,0.0,0.0,0.0,0.0,0.0,0.0
Bonbonon,2021,10,0,335.7,26.748387096774195,88.47983870967742,0.0,0.0,0.0,0.0,0.0,0.0,0.0,0.0
Bonbonon,2021,11,0,327.7,26.176666666666666,91.05416666666666,0.0,0.0,0.0,0.0,0.0,0.0,0.0,0.0
Bonbonon,2021,12,1,256.0,25.706451612903226,90.11290322580645,0.0,0.0,0.0,0.0,0.0,0.0,1.0,0.0
Bonbonon,2022,1,0,144.2,25.48709677419355,89.05510752688173,0.0,0.0,0.0,0.0,0.0,0.0,0.0,0.0
Bonbonon,2022,2,1,104.3,25.42142857142857,89.55059523809524,0.0,0.0,0.0,0.0,0.0,0.0,1.0,0.0
Bonbonon,2022,3,0,325.59999999999997,26.003225806451614,90.24596774193549,0.0,0.0,0.0,0.0,0.0,0.0,0.0,0.0
Bonbonon,2022,4,1,355.7,26.136666666666667,89.14166666666667,0.0,0.0,0.0,0.0,0.0,1.0,0.0,0.0
Bonbonon,2022,5,0,345.3,26.54516129032258,89.87768817204301,0.0,0.0,0.0,0.0,0.0,0.0,0.0,0.0
Bonbonon,2022,6,4,307.4,26.62,88.13888888888889,0.0,0.0,0.25,0.0,0.25,0.25,0.25,0.0
Bonbonon,2022,7,0,572.2,26.596774193548388,89.55510752688173,0.0,0.0,0.0,0.0,0.0,0.0,0.0,0.0
Bonbonon,2022,8,1,361.40000000000003,26.490322580645163,88.38306451612904,0.0,1.0,0.0,0.0,0.0,0.0,0.0,0.0
Bonbonon,2022,9,0,348.6,26.970000000000002,86.91805555555555,0.0,0.0,0.0,0.0,0.0,0.0,0.0,0.0
Bonbonon,2022,10,0,313.0,26.65806451612903,88.96774193548387,0.0,0.0,0.0,0.0,0.0,0.0,0.0,0.0
Bonbonon,2022,11,0,289.6,26.186666666666667,90.38888888888889,0.0,0.0,0.0,0.0,0.0,0.0,0.0,0.0
Bonbonon,2022,12,0,302.3,25.69677419354839,91.02016129032258,0.0,0.0,0.0,0.0,0.0,0.0,0.0,0.0
Bonbonon,2023,1,0,497.7,24.970967741935485,93.33198924731182,0.0,0.0,0.0,0.0,0.0,0.0,0.0,0.0
Bonbonon,2023,2,0,303.5,25.260714285714283,91.73660714285714,0.0,0.0,0.0,0.0,0.0,0.0,0.0,0.0
Bonbonon,2023,3,0,244.8,25.60967741935484,89.4260752688172,0.0,0.0,0.0,0.0,0.0,0.0,0.0,0.0
Bonbonon,2023,4,0,135.4,26.83,85.39861111111111,0.0,0.0,0.0,0.0,0.0,0.0,0.0,0.0
Bonbonon,2023,5,0,313.3,27.448387096774194,85.93548387096774,0.0,0.0,0.0,0.0,0.0,0.0,0.0,0.0
Bonbonon,2023,6,0,419.9,27.026666666666664,87.42222222222222,0.0,0.0,0.0,0.0,0.0,0.0,0.0,0.0
Bonbonon,2023,7,0,391.3,27.36774193548387,84.5524193548387,0.0,0.0,0.0,0.0,0.0,0.0,0.0,0.0
Bonbonon,2023,8,1,315.7,27.503225806451614,83.02822580645162,0.0,0.0,0.0,0.0,0.0,0.0,0.0,1.0
Bonbonon,2023,9,1,461.8,27.023333333333333,86.45694444444445,0.0,0.0,0.0,1.0,0.0,0.0,0.0,0.0
Bonbonon,2023,10,0,219.7,26.990322580645163,85.48790322580645,0.0,0.0,0.0,0.0,0.0,0.0,0.0,0.0
Bonbonon,2023,11,3,216.0,26.396666666666665,89.29027777777777,0.3333333333333333,0.0,0.3333333333333333,0.3333333333333333,0.0,0.0,0.0,0.0
Bonbonon,2023,12,1,183.6,26.219354838709677,89.28763440860214,0.0,1.0,0.0,0.0,0.0,0.0,0.0,0.0
Bonbonon,2024,1,4,99.3,25.983870967741936,87.50940860215054,0.0,0.0,0.0,0.25,0.0,0.0,0.5,0.25
Bonbonon,2024,2,1,78.0,25.886206896551727,85.03735632183908,0.0,0.0,0.0,0.0,0.0,0.0,1.0,0.0
Bonbonon,2024,3,0,48.7,26.693548387096776,80.3010752688172,0.0,0.0,0.0,0.0,0.0,0.0,0.0,0.0
Bonbonon,2024,4,0,55.5,28.14333333333333,77.69722222222222,0.0,0.0,0.0,0.0,0.0,0.0,0.0,0.0
Bonbonon,2024,5,1,111.1,28.719354838709677,78.03763440860214,0.0,0.0,1.0,0.0,0.0,0.0,0.0,0.0
Bonbonon,2024,6,0,268.8,27.096666666666668,87.57638888888889,0.0,0.0,0.0,0.0,0.0,0.0,0.0,0.0
Bonbonon,2024,7,0,424.40000000000003,26.993548387096773,87.25268817204301,0.0,0.0,0.0,0.0,0.0,0.0,0.0,0.0
Bonbonon,2024,8,0,314.8,26.948387096774194,87.74327956989248,0.0,0.0,0.0,0.0,0.0,0.0,0.0,0.0
Bonbonon,2024,9,2,292.3,27.523333333333333,84.44722222222222,0.0,0.0,0.0,0.0,0.0,0.0,0.0,1.0
Bonbonon,2024,10,0,254.3,27.183870967741935,84.42069892473118,0.0,0.0,0.0,0.0,0.0,0.0,0.0,0.0
Bonbonon,2024,11,0,124.8,27.42,82.27083333333333,0.0,0.0,0.0,0.0,0.0,0.0,0.0,0.0
Bonbonon,2024,12,0,285.8,26.409677419354836,88.56182795698925,0.0,0.0,0.0,0.0,0.0,0.0,0.0,0.0
Bonbonon,2025,1,1,117.9,26.15806451612903,87.52956989247312,0.0,0.0,0.0,0.0,0.0,0.0,1.0,0.0
Bonbonon,2025,2,3,92.8,26.214285714285715,85.29017857142857,0.0,0.0,0.0,0.3333333333333333,0.0,0.6666666666666666,0.0,0.0
Bonbonon,2025,3,3,128.9,26.506451612903227,86.22043010752688,0.0,0.3333333333333333,0.0,0.0,0.3333333333333333,0.0,0.3333333333333333,0.0
Bonbonon,2025,4,0,69.5,27.613333333333333,79.75138888888888,0.0,0.0,0.0,0.0,0.0,0.0,0.0,0.0
Bonbonon,2025,5,2,256.2,27.12258064516129,86.25403225806451,0.0,0.0,0.5,0.0,0.0,0.0,0.5,0.0
Bonbonon,2025,6,0,292.1,26.886666666666667,85.95972222222223,0.0,0.0,0.0,0.0,0.0,0.0,0.0,0.0
Bonbonon,2025,7,0,168.4,27.96129032258065,78.06317204301075,0.0,0.0,0.0,0.0,0.0,0.0,0.0,0.0
Bonbonon,2025,8,0,436.8,26.593548387096774,86.0241935483871,0.0,0.0,0.0,0.0,0.0,0.0,0.0,0.0
Bonbonon,2025,9,0,274.3,26.779999999999998,84.84583333333333,0.0,0.0,0.0,0.0,0.0,0.0,0.0,0.0
Bonbonon,2025,10,1,345.5,26.606451612903225,86.78360215053763,0.0,1.0,0.0,0.0,0.0,0.0,0.0,0.0
Bonbonon,2025,11,0,266.3,26.55666666666667,86.72083333333333,0.0,0.0,0.0,0.0,0.0,0.0,0.0,0.0
Bonbonon,2025,12,0,171.9,26.322580645161292,87.89516129032258,0.0,0.0,0.0,0.0,0.0,0.0,0.0,0.0
Bonbonon,2026,1,1,115.2,25.822580645161292,84.18682795698925,0.0,0.0,0.0,0.0,0.0,0.0,1.0,0.0
Bunawan,2020,1,0,63.400000000000006,26.316129032258065,85.66397849462365,0.0,0.0,0.0,0.0,0.0,0.0,0.0,0.0
Bunawan,2020,2,0,98.7,25.731034482758623,86.48994252873563,0.0,0.0,0.0,0.0,0.0,0.0,0.0,0.0
Bunawan,2020,3,0,177.60000000000002,26.33225806451613,85.24462365591398,0.0,0.0,0.0,0.0,0.0,0.0,0.0,0.0
Bunawan,2020,4,0,46.2,27.509999999999998,80.39166666666667,0.0,0.0,0.0,0.0,0.0,0.0,0.0,0.0
Bunawan,2020,5,0,235.0,27.587096774193547,88.56048387096774,0.0,0.0,0.0,0.0,0.0,0.0,0.0,0.0
Bunawan,2020,6,0,481.8,26.81,89.87361111111112,0.0,0.0,0.0,0.0,0.0,0.0,0.0,0.0
Bunawan,2020,7,0,516.3,26.641935483870967,90.00940860215054,0.0,0.0,0.0,0.0,0.0,0.0,0.0,0.0
Bunawan,2020,8,0,283.8,26.967741935483872,88.1975806451613,0.0,0.0,0.0,0.0,0.0,0.0,0.0,0.0
Bunawan,2020,9,0,453.5,26.923333333333336,89.24722222222222,0.0,0.0,0.0,0.0,0.0,0.0,0.0,0.0
Bunawan,2020,10,2,504.29999999999995,26.55806451612903,90.60215053763442,0.0,0.5,0.0,0.0,0.0,0.0,0.0,0.5
Bunawan,2020,11,0,201.0,26.413333333333334,90.75972222222222,0.0,0.0,0.0,0.0,0.0,0.0,0.0,0.0
Bunawan,2020,12,0,284.9,26.187096774193545,90.4986559139785,0.0,0.0,0.0,0.0,0.0,0.0,0.0,0.0
Bunawan,2021,1,0,270.59999999999997,25.55806451612903,90.90591397849462,0.0,0.0,0.0,0.0,0.0,0.0,0.0,0.0
Bunawan,2021,2,0,204.1,25.635714285714283,90.38392857142857,0.0,0.0,0.0,0.0,0.0,0.0,0.0,0.0
Bunawan,2021,3,0,150.9,26.135483870967743,88.36559139784946,0.0,0.0,0.0,0.0,0.0,0.0,0.0,0.0
Bunawan,2021,4,0,119.9,26.88,85.50694444444444,0.0,0.0,0.0,0.0,0.0,0.0,0.0,0.0
Bunawan,2021,5,0,412.90000000000003,26.948387096774194,88.83870967741936,0.0,0.0,0.0,0.0,0.0,0.0,0.0,0.0
Bunawan,2021,6,0,256.4,26.863333333333333,88.29583333333333,0.0,0.0,0.0,0.0,0.0,0.0,0.0,0.0
Bunawan,2021,7,0,301.0,27.65806451612903,82.94086021505376,0.0,0.0,0.0,0.0,0.0,0.0,0.0,0.0
Bunawan,2021,8,0,183.3,27.200000000000003,85.51344086021506,0.0,0.0,0.0,0.0,0.0,0.0,0.0,0.0
Bunawan,2021,9,0,343.0,26.756666666666668,88.62916666666666,0.0,0.0,0.0,0.0,0.0,0.0,0.0,0.0
Bunawan,2021,10,0,335.7,26.748387096774195,88.47983870967742,0.0,0.0,0.0,0.0,0.0,0.0,0.0,0.0
Bunawan,2021,11,0,327.7,26.176666666666666,91.05416666666666,0.0,0.0,0.0,0.0,0.0,0.0,0.0,0.0
Bunawan,2021,12,0,256.0,25.706451612903226,90.11290322580645,0.0,0.0,0.0,0.0,0.0,0.0,0.0,0.0
Bunawan,2022,1,0,144.2,25.48709677419355,89.05510752688173,0.0,0.0,0.0,0.0,0.0,0.0,0.0,0.0
Bunawan,2022,2,0,104.3,25.42142857142857,89.55059523809524,0.0,0.0,0.0,0.0,0.0,0.0,0.0,0.0
Bunawan,2022,3,0,325.59999999999997,26.003225806451614,90.24596774193549,0.0,0.0,0.0,0.0,0.0,0.0,0.0,0.0
Bunawan,2022,4,0,355.7,26.136666666666667,89.14166666666667,0.0,0.0,0.0,0.0,0.0,0.0,0.0,0.0
Bunawan,2022,5,0,345.3,26.54516129032258,89.87768817204301,0.0,0.0,0.0,0.0,0.0,0.0,0.0,0.0
Bunawan,2022,6,0,307.4,26.62,88.13888888888889,0.0,0.0,0.0,0.0,0.0,0.0,0.0,0.0
Bunawan,2022,7,0,572.2,26.596774193548388,89.55510752688173,0.0,0.0,0.0,0.0,0.0,0.0,0.0,0.0
Bunawan,2022,8,0,361.40000000000003,26.490322580645163,88.38306451612904,0.0,0.0,0.0,0.0,0.0,0.0,0.0,0.0
Bunawan,2022,9,0,348.6,26.970000000000002,86.91805555555555,0.0,0.0,0.0,0.0,0.0,0.0,0.0,0.0
Bunawan,2022,10,0,313.0,26.65806451612903,88.96774193548387,0.0,0.0,0.0,0.0,0.0,0.0,0.0,0.0
Bunawan,2022,11,0,289.6,26.186666666666667,90.38888888888889,0.0,0.0,0.0,0.0,0.0,0.0,0.0,0.0
Bunawan,2022,12,0,302.3,25.69677419354839,91.02016129032258,0.0,0.0,0.0,0.0,0.0,0.0,0.0,0.0
Bunawan,2023,1,0,497.7,24.970967741935485,93.33198924731182,0.0,0.0,0.0,0.0,0.0,0.0,0.0,0.0
Bunawan,2023,2,0,303.5,25.260714285714283,91.73660714285714,0.0,0.0,0.0,0.0,0.0,0.0,0.0,0.0
Bunawan,2023,3,0,244.8,25.60967741935484,89.4260752688172,0.0,0.0,0.0,0.0,0.0,0.0,0.0,0.0
Bunawan,2023,4,0,135.4,26.83,85.39861111111111,0.0,0.0,0.0,0.0,0.0,0.0,0.0,0.0
Bunawan,2023,5,0,313.3,27.448387096774194,85.93548387096774,0.0,0.0,0.0,0.0,0.0,0.0,0.0,0.0
Bunawan,2023,6,0,419.9,27.026666666666664,87.42222222222222,0.0,0.0,0.0,0.0,0.0,0.0,0.0,0.0
Bunawan,2023,7,0,391.3,27.36774193548387,84.5524193548387,0.0,0.0,0.0,0.0,0.0,0.0,0.0,0.0
Bunawan,2023,8,1,315.7,27.503225806451614,83.02822580645162,0.0,0.0,0.0,0.0,0.0,0.0,0.0,1.0
Bunawan,2023,9,2,461.8,27.023333333333333,86.45694444444445,0.0,0.0,0.0,0.0,0.0,0.0,0.5,0.5
Bunawan,2023,10,0,219.7,26.990322580645163,85.48790322580645,0.0,0.0,0.0,0.0,0.0,0.0,0.0,0.0
Bunawan,2023,11,2,216.0,26.396666666666665,89.29027777777777,0.5,0.5,0.0,0.0,0.0,0.0,0.0,0.0
Bunawan,2023,12,2,183.6,26.219354838709677,89.28763440860214,0.0,0.0,0.0,0.0,0.0,0.0,0.0,1.0
Bunawan,2024,1,0,99.3,25.983870967741936,87.50940860215054,0.0,0.0,0.0,0.0,0.0,0.0,0.0,0.0
Bunawan,2024,2,0,78.0,25.886206896551727,85.03735632183908,0.0,0.0,0.0,0.0,0.0,0.0,0.0,0.0
Bunawan,2024,3,0,48.7,26.693548387096776,80.3010752688172,0.0,0.0,0.0,0.0,0.0,0.0,0.0,0.0
Bunawan,2024,4,0,55.5,28.14333333333333,77.69722222222222,0.0,0.0,0.0,0.0,0.0,0.0,0.0,0.0
Bunawan,2024,5,0,111.1,28.719354838709677,78.03763440860214,0.0,0.0,0.0,0.0,0.0,0.0,0.0,0.0
Bunawan,2024,6,0,268.8,27.096666666666668,87.57638888888889,0.0,0.0,0.0,0.0,0.0,0.0,0.0,0.0
Bunawan,2024,7,0,424.40000000000003,26.993548387096773,87.25268817204301,0.0,0.0,0.0,0.0,0.0,0.0,0.0,0.0
Bunawan,2024,8,0,314.8,26.948387096774194,87.74327956989248,0.0,0.0,0.0,0.0,0.0,0.0,0.0,0.0
Bunawan,2024,9,0,292.3,27.523333333333333,84.44722222222222,0.0,0.0,0.0,0.0,0.0,0.0,0.0,0.0
Bunawan,2024,10,0,254.3,27.183870967741935,84.42069892473118,0.0,0.0,0.0,0.0,0.0,0.0,0.0,0.0
Bunawan,2024,11,0,124.8,27.42,82.27083333333333,0.0,0.0,0.0,0.0,0.0,0.0,0.0,0.0
Bunawan,2024,12,0,285.8,26.409677419354836,88.56182795698925,0.0,0.0,0.0,0.0,0.0,0.0,0.0,0.0
Bunawan,2025,1,0,117.9,26.15806451612903,87.52956989247312,0.0,0.0,0.0,0.0,0.0,0.0,0.0,0.0
Bunawan,2025,2,0,92.8,26.214285714285715,85.29017857142857,0.0,0.0,0.0,0.0,0.0,0.0,0.0,0.0
Bunawan,2025,3,0,128.9,26.506451612903227,86.22043010752688,0.0,0.0,0.0,0.0,0.0,0.0,0.0,0.0
Bunawan,2025,4,1,69.5,27.613333333333333,79.75138888888888,0.0,1.0,0.0,0.0,0.0,0.0,0.0,0.0
Bunawan,2025,5,0,256.2,27.12258064516129,86.25403225806451,0.0,0.0,0.0,0.0,0.0,0.0,0.0,0.0
Bunawan,2025,6,0,292.1,26.886666666666667,85.95972222222223,0.0,0.0,0.0,0.0,0.0,0.0,0.0,0.0
Bunawan,2025,7,0,168.4,27.96129032258065,78.06317204301075,0.0,0.0,0.0,0.0,0.0,0.0,0.0,0.0
Bunawan,2025,8,0,436.8,26.593548387096774,86.0241935483871,0.0,0.0,0.0,0.0,0.0,0.0,0.0,0.0
Bunawan,2025,9,0,274.3,26.779999999999998,84.84583333333333,0.0,0.0,0.0,0.0,0.0,0.0,0.0,0.0
Bunawan,2025,10,0,345.5,26.606451612903225,86.78360215053763,0.0,0.0,0.0,0.0,0.0,0.0,0.0,0.0
Bunawan,2025,11,0,266.3,26.55666666666667,86.72083333333333,0.0,0.0,0.0,0.0,0.0,0.0,0.0,0.0
Bunawan,2025,12,0,171.9,26.322580645161292,87.89516129032258,0.0,0.0,0.0,0.0,0.0,0.0,0.0,0.0
Bunawan,2026,1,0,115.2,25.822580645161292,84.18682795698925,0.0,0.0,0.0,0.0,0.0,0.0,0.0,0.0
Buru-un,2020,1,3,63.400000000000006,26.316129032258065,85.66397849462365,0.0,0.0,0.0,0.3333333333333333,0.0,0.0,0.0,0.6666666666666666
Buru-un,2020,2,1,98.7,25.731034482758623,86.48994252873563,0.0,0.0,0.0,0.0,0.0,0.0,1.0,0.0
Buru-un,2020,3,2,177.60000000000002,26.33225806451613,85.24462365591398,0.0,0.0,0.0,0.0,0.0,0.0,0.0,1.0
Buru-un,2020,4,1,46.2,27.509999999999998,80.39166666666667,0.0,0.0,0.0,0.0,1.0,0.0,0.0,0.0
Buru-un,2020,5,1,235.0,27.587096774193547,88.56048387096774,0.0,0.0,0.0,0.0,1.0,0.0,0.0,0.0
Buru-un,2020,6,1,481.8,26.81,89.87361111111112,0.0,0.0,0.0,0.0,0.0,0.0,0.0,1.0
Buru-un,2020,7,1,516.3,26.641935483870967,90.00940860215054,0.0,0.0,0.0,0.0,1.0,0.0,0.0,0.0
Buru-un,2020,8,1,283.8,26.967741935483872,88.1975806451613,0.0,0.0,0.0,0.0,0.0,0.0,0.0,1.0
Buru-un,2020,9,5,453.5,26.923333333333336,89.24722222222222,0.2,0.2,0.2,0.0,0.0,0.0,0.4,0.0
Buru-un,2020,10,7,504.29999999999995,26.55806451612903,90.60215053763442,0.14285714285714285,0.0,0.0,0.2857142857142857,0.14285714285714285,0.14285714285714285,0.14285714285714285,0.14285714285714285
Buru-un,2020,11,1,201.0,26.413333333333334,90.75972222222222,0.0,0.0,1.0,0.0,0.0,0.0,0.0,0.0
Buru-un,2020,12,3,284.9,26.187096774193545,90.4986559139785,0.0,0.0,0.0,0.0,0.0,0.3333333333333333,0.6666666666666666,0.0
Buru-un,2021,1,3,270.59999999999997,25.55806451612903,90.90591397849462,0.0,0.0,0.0,0.0,0.0,0.0,0.6666666666666666,0.3333333333333333
Buru-un,2021,2,1,204.1,25.635714285714283,90.38392857142857,0.0,0.0,0.0,0.0,0.0,0.0,1.0,0.0
Buru-un,2021,3,1,150.9,26.135483870967743,88.36559139784946,0.0,0.0,0.0,0.0,0.0,0.0,0.0,1.0
Buru-un,2021,4,0,119.9,26.88,85.50694444444444,0.0,0.0,0.0,0.0,0.0,0.0,0.0,0.0
Buru-un,2021,5,3,412.90000000000003,26.948387096774194,88.83870967741936,0.0,0.0,0.0,0.3333333333333333,0.3333333333333333,0.0,0.3333333333333333,0.0
Buru-un,2021,6,3,256.4,26.863333333333333,88.29583333333333,0.0,0.0,0.0,0.3333333333333333,0.3333333333333333,0.3333333333333333,0.0,0.0
Buru-un,2021,7,1,301.0,27.65806451612903,82.94086021505376,0.0,0.0,0.0,0.0,0.0,0.0,1.0,0.0
Buru-un,2021,8,6,183.3,27.200000000000003,85.51344086021506,0.0,0.0,0.16666666666666666,0.0,0.3333333333333333,0.0,0.3333333333333333,0.16666666666666666
Buru-un,2021,9,4,343.0,26.756666666666668,88.62916666666666,0.0,0.25,0.0,0.0,0.0,0.0,0.25,0.5
Buru-un,2021,10,4,335.7,26.748387096774195,88.47983870967742,0.25,0.25,0.0,0.0,0.25,0.0,0.25,0.0
Buru-un,2021,11,4,327.7,26.176666666666666,91.05416666666666,0.0,0.0,0.25,0.0,0.25,0.25,0.25,0.0
Buru-un,2021,12,3,256.0,25.706451612903226,90.11290322580645,0.0,0.0,0.0,0.3333333333333333,0.3333333333333333,0.0,0.3333333333333333,0.0
Buru-un,2022,1,2,144.2,25.48709677419355,89.05510752688173,0.0,0.0,0.0,0.0,0.5,0.0,0.0,0.5
Buru-un,2022,2,3,104.3,25.42142857142857,89.55059523809524,0.3333333333333333,0.3333333333333333,0.0,0.0,0.0,0.0,0.0,0.3333333333333333
Buru-un,2022,3,4,325.59999999999997,26.003225806451614,90.24596774193549,0.0,0.0,0.25,0.0,0.25,0.0,0.25,0.25
Buru-un,2022,4,1,355.7,26.136666666666667,89.14166666666667,0.0,0.0,0.0,1.0,0.0,0.0,0.0,0.0
Buru-un,2022,5,4,345.3,26.54516129032258,89.87768817204301,0.0,0.0,0.25,0.0,0.0,0.25,0.25,0.25
Buru-un,2022,6,3,307.4,26.62,88.13888888888889,0.0,0.0,0.0,0.0,0.0,0.0,0.3333333333333333,0.6666666666666666
Buru-un,2022,7,0,572.2,26.596774193548388,89.55510752688173,0.0,0.0,0.0,0.0,0.0,0.0,0.0,0.0
Buru-un,2022,8,6,361.40000000000003,26.490322580645163,88.38306451612904,0.0,0.0,0.16666666666666666,0.0,0.3333333333333333,0.0,0.16666666666666666,0.3333333333333333
Buru-un,2022,9,5,348.6,26.970000000000002,86.91805555555555,0.0,0.0,0.0,0.4,0.0,0.2,0.0,0.4
Buru-un,2022,10,8,313.0,26.65806451612903,88.96774193548387,0.125,0.0,0.25,0.25,0.0,0.125,0.25,0.0
Buru-un,2022,11,1,289.6,26.186666666666667,90.38888888888889,0.0,0.0,0.0,0.0,0.0,1.0,0.0,0.0
Buru-un,2022,12,3,302.3,25.69677419354839,91.02016129032258,0.0,0.0,0.0,0.0,0.0,0.0,0.6666666666666666,0.3333333333333333
Buru-un,2023,1,0,497.7,24.970967741935485,93.33198924731182,0.0,0.0,0.0,0.0,0.0,0.0,0.0,0.0
Buru-un,2023,2,0,303.5,25.260714285714283,91.73660714285714,0.0,0.0,0.0,0.0,0.0,0.0,0.0,0.0
Buru-un,2023,3,0,244.8,25.60967741935484,89.4260752688172,0.0,0.0,0.0,0.0,0.0,0.0,0.0,0.0
Buru-un,2023,4,2,135.4,26.83,85.39861111111111,0.5,0.0,0.0,0.0,0.5,0.0,0.0,0.0
Buru-un,2023,5,4,313.3,27.448387096774194,85.93548387096774,0.0,0.5,0.25,0.0,0.0,0.25,0.0,0.0
Buru-un,2023,6,3,419.9,27.026666666666664,87.42222222222222,0.3333333333333333,0.0,0.0,0.3333333333333333,0.0,0.0,0.3333333333333333,0.0
Buru-un,2023,7,4,391.3,27.36774193548387,84.5524193548387,0.0,0.25,0.25,0.0,0.0,0.0,0.25,0.25
Buru-un,2023,8,9,315.7,27.503225806451614,83.02822580645162,0.1111111111111111,0.0,0.2222222222222222,0.1111111111111111,0.0,0.1111111111111111,0.3333333333333333,0.1111111111111111
Buru-un,2023,9,7,461.8,27.023333333333333,86.45694444444445,0.0,0.14285714285714285,0.0,0.0,0.0,0.0,0.42857142857142855,0.42857142857142855
Buru-un,2023,10,18,219.7,26.990322580645163,85.48790322580645,0.05555555555555555,0.1111111111111111,0.05555555555555555,0.0,0.05555555555555555,0.0,0.5555555555555556,0.16666666666666666
Buru-un,2023,11,3,216.0,26.396666666666665,89.29027777777777,0.0,0.0,0.0,0.0,0.0,0.0,0.3333333333333333,0.6666666666666666
Buru-un,2023,12,15,183.6,26.219354838709677,89.28763440860214,0.13333333333333333,0.06666666666666667,0.3333333333333333,0.13333333333333333,0.0,0.0,0.13333333333333333,0.2
Buru-un,2024,1,9,99.3,25.983870967741936,87.50940860215054,0.0,0.0,0.1111111111111111,0.0,0.0,0.0,0.5555555555555556,0.3333333333333333
Buru-un,2024,2,7,78.0,25.886206896551727,85.03735632183908,0.14285714285714285,0.14285714285714285,0.0,0.0,0.0,0.0,0.2857142857142857,0.42857142857142855
Buru-un,2024,3,5,48.7,26.693548387096776,80.3010752688172,0.0,0.0,0.2,0.0,0.0,0.0,0.6,0.2
Buru-un,2024,4,5,55.5,28.14333333333333,77.69722222222222,0.0,0.0,0.0,0.0,0.0,0.0,0.6,0.4
Buru-un,2024,5,2,111.1,28.719354838709677,78.03763440860214,0.0,0.0,0.0,0.0,0.0,0.0,0.5,0.5
Buru-un,2024,6,5,268.8,27.096666666666668,87.57638888888889,0.0,0.0,0.0,0.2,0.0,0.0,0.4,0.4
Buru-un,2024,7,7,424.40000000000003,26.993548387096773,87.25268817204301,0.0,0.0,0.14285714285714285,0.14285714285714285,0.0,0.0,0.42857142857142855,0.2857142857142857
Buru-un,2024,8,17,314.8,26.948387096774194,87.74327956989248,0.0,0.11764705882352941,0.0,0.058823529411764705,0.0,0.0,0.5882352941176471,0.23529411764705882
Buru-un,2024,9,7,292.3,27.523333333333333,84.44722222222222,0.0,0.42857142857142855,0.0,0.42857142857142855,0.0,0.0,0.14285714285714285,0.0
Buru-un,2024,10,6,254.3,27.183870967741935,84.42069892473118,0.0,0.16666666666666666,0.0,0.0,0.0,0.0,0.5,0.3333333333333333
Buru-un,2024,11,0,124.8,27.42,82.27083333333333,0.0,0.0,0.0,0.0,0.0,0.0,0.0,0.0
Buru-un,2024,12,3,285.8,26.409677419354836,88.56182795698925,0.0,0.0,0.0,0.0,0.0,0.0,1.0,0.0
Buru-un,2025,1,8,117.9,26.15806451612903,87.52956989247312,0.0,0.125,0.125,0.0,0.0,0.25,0.375,0.125
Buru-un,2025,2,7,92.8,26.214285714285715,85.29017857142857,0.14285714285714285,0.0,0.2857142857142857,0.14285714285714285,0.0,0.2857142857142857,0.0,0.14285714285714285
Buru-un,2025,3,4,128.9,26.506451612903227,86.22043010752688,0.0,0.0,0.0,0.25,0.0,0.0,0.25,0.5
Buru-un,2025,4,3,69.5,27.613333333333333,79.75138888888888,0.0,0.0,0.0,0.3333333333333333,0.0,0.0,0.0,0.6666666666666666
Buru-un,2025,5,1,256.2,27.12258064516129,86.25403225806451,0.0,0.0,0.0,0.0,1.0,0.0,0.0,0.0
Buru-un,2025,6,3,292.1,26.886666666666667,85.95972222222223,0.0,0.0,0.0,0.0,0.3333333333333333,0.0,0.3333333333333333,0.3333333333333333
Buru-un,2025,7,2,168.4,27.96129032258065,78.06317204301075,0.5,0.0,0.0,0.0,0.0,0.0,0.5,0.0
Buru-un,2025,8,4,436.8,26.593548387096774,86.0241935483871,0.0,0.0,0.25,0.25,0.0,0.0,0.25,0.25
Buru-un,2025,9,3,274.3,26.779999999999998,84.84583333333333,0.0,0.0,0.0,0.0,0.3333333333333333,0.0,0.0,0.6666666666666666
Buru-un,2025,10,3,345.5,26.606451612903225,86.78360215053763,0.3333333333333333,0.0,0.0,0.3333333333333333,0.0,0.0,0.3333333333333333,0.0
Buru-un,2025,11,2,266.3,26.55666666666667,86.72083333333333,0.0,0.0,0.0,0.0,0.5,0.0,0.5,0.0
Buru-un,2025,12,3,171.9,26.322580645161292,87.89516129032258,0.0,0.0,0.3333333333333333,0.3333333333333333,0.0,0.0,0.0,0.3333333333333333
Buru-un,2026,1,0,115.2,25.822580645161292,84.18682795698925,0.0,0.0,0.0,0.0,0.0,0.0,0.0,0.0
Dalipuga,2020,1,0,63.400000000000006,26.316129032258065,85.66397849462365,0.0,0.0,0.0,0.0,0.0,0.0,0.0,0.0
Dalipuga,2020,2,2,98.7,25.731034482758623,86.48994252873563,0.0,0.0,0.0,0.5,0.0,0.0,0.0,0.5
Dalipuga,2020,3,1,177.60000000000002,26.33225806451613,85.24462365591398,1.0,0.0,0.0,0.0,0.0,0.0,0.0,0.0
Dalipuga,2020,4,0,46.2,27.509999999999998,80.39166666666667,0.0,0.0,0.0,0.0,0.0,0.0,0.0,0.0
Dalipuga,2020,5,1,235.0,27.587096774193547,88.56048387096774,0.0,0.0,0.0,1.0,0.0,0.0,0.0,0.0
Dalipuga,2020,6,1,481.8,26.81,89.87361111111112,0.0,0.0,0.0,0.0,1.0,0.0,0.0,0.0
Dalipuga,2020,7,5,516.3,26.641935483870967,90.00940860215054,0.0,0.2,0.0,0.0,0.0,0.0,0.0,0.8
Dalipuga,2020,8,0,283.8,26.967741935483872,88.1975806451613,0.0,0.0,0.0,0.0,0.0,0.0,0.0,0.0
Dalipuga,2020,9,2,453.5,26.923333333333336,89.24722222222222,0.0,0.0,0.0,0.0,0.0,0.0,1.0,0.0
Dalipuga,2020,10,1,504.29999999999995,26.55806451612903,90.60215053763442,0.0,0.0,1.0,0.0,0.0,0.0,0.0,0.0
Dalipuga,2020,11,3,201.0,26.413333333333334,90.75972222222222,0.0,0.3333333333333333,0.0,0.0,0.0,0.0,0.3333333333333333,0.3333333333333333
Dalipuga,2020,12,3,284.9,26.187096774193545,90.4986559139785,0.0,0.0,0.3333333333333333,0.0,0.3333333333333333,0.0,0.0,0.3333333333333333
Dalipuga,2021,1,3,270.59999999999997,25.55806451612903,90.90591397849462,0.0,0.3333333333333333,0.0,0.0,0.3333333333333333,0.0,0.0,0.3333333333333333
Dalipuga,2021,2,6,204.1,25.635714285714283,90.38392857142857,0.16666666666666666,0.16666666666666666,0.0,0.16666666666666666,0.16666666666666666,0.16666666666666666,0.16666666666666666,0.0
Dalipuga,2021,3,2,150.9,26.135483870967743,88.36559139784946,0.0,0.5,0.0,0.0,0.0,0.0,0.0,0.5
Dalipuga,2021,4,4,119.9,26.88,85.50694444444444,0.0,0.0,0.0,0.0,0.25,0.0,0.5,0.25
Dalipuga,2021,5,2,412.90000000000003,26.948387096774194,88.83870967741936,0.0,0.0,0.0,0.0,0.5,0.0,0.5,0.0
Dalipuga,2021,6,6,256.4,26.863333333333333,88.29583333333333,0.0,0.0,0.16666666666666666,0.0,0.16666666666666666,0.16666666666666666,0.5,0.0
Dalipuga,2021,7,2,301.0,27.65806451612903,82.94086021505376,0.0,0.0,0.5,0.0,0.0,0.5,0.0,0.0
Dalipuga,2021,8,6,183.3,27.200000000000003,85.51344086021506,0.0,0.0,0.16666666666666666,0.0,0.0,0.3333333333333333,0.5,0.0
Dalipuga,2021,9,4,343.0,26.756666666666668,88.62916666666666,0.25,0.0,0.0,0.0,0.0,0.25,0.25,0.25
Dalipuga,2021,10,5,335.7,26.748387096774195,88.47983870967742,0.0,0.2,0.0,0.0,0.0,0.0,0.8,0.0
Dalipuga,2021,11,3,327.7,26.176666666666666,91.05416666666666,0.0,0.0,0.0,0.3333333333333333,0.0,0.0,0.6666666666666666,0.0
Dalipuga,2021,12,6,256.0,25.706451612903226,90.11290322580645,0.16666666666666666,0.0,0.16666666666666666,0.0,0.16666666666666666,0.3333333333333333,0.16666666666666666,0.0
Dalipuga,2022,1,3,144.2,25.48709677419355,89.05510752688173,0.0,0.0,0.0,0.0,0.3333333333333333,0.3333333333333333,0.0,0.3333333333333333
Dalipuga,2022,2,2,104.3,25.42142857142857,89.55059523809524,0.0,0.0,0.0,0.5,0.0,0.0,0.5,0.0
Dalipuga,2022,3,6,325.59999999999997,26.003225806451614,90.24596774193549,0.0,0.0,0.0,0.3333333333333333,0.0,0.16666666666666666,0.5,0.0
Dalipuga,2022,4,3,355.7,26.136666666666667,89.14166666666667,0.0,0.3333333333333333,0.0,0.3333333333333333,0.0,0.0,0.3333333333333333,0.0
Dalipuga,2022,5,5,345.3,26.54516129032258,89.87768817204301,0.0,0.0,0.0,0.0,0.0,0.2,0.8,0.0
Dalipuga,2022,6,6,307.4,26.62,88.13888888888889,0.0,0.0,0.16666666666666666,0.0,0.0,0.16666666666666666,0.16666666666666666,0.5
Dalipuga,2022,7,5,572.2,26.596774193548388,89.55510752688173,0.0,0.0,0.0,0.2,0.0,0.0,0.6,0.2
Dalipuga,2022,8,8,361.40000000000003,26.490322580645163,88.38306451612904,0.0,0.0,0.25,0.0,0.125,0.125,0.25,0.25
Dalipuga,2022,9,3,348.6,26.970000000000002,86.91805555555555,0.0,0.3333333333333333,0.0,0.0,0.3333333333333333,0.0,0.3333333333333333,0.0
Dalipuga,2022,10,7,313.0,26.65806451612903,88.96774193548387,0.0,0.14285714285714285,0.0,0.2857142857142857,0.2857142857142857,0.0,0.2857142857142857,0.0
Dalipuga,2022,11,6,289.6,26.186666666666667,90.38888888888889,0.0,0.0,0.16666666666666666,0.16666666666666666,0.0,0.0,0.16666666666666666,0.5
Dalipuga,2022,12,9,302.3,25.69677419354839,91.02016129032258,0.2222222222222222,0.1111111111111111,0.3333333333333333,0.1111111111111111,0.1111111111111111,0.0,0.0,0.1111111111111111
Dalipuga,2023,1,1,497.7,24.970967741935485,93.33198924731182,0.0,0.0,0.0,0.0,0.0,0.0,0.0,1.0
Dalipuga,2023,2,0,303.5,25.260714285714283,91.73660714285714,0.0,0.0,0.0,0.0,0.0,0.0,0.0,0.0
Dalipuga,2023,3,2,244.8,25.60967741935484,89.4260752688172,0.0,0.5,0.0,0.0,0.0,0.0,0.0,0.5
Dalipuga,2023,4,1,135.4,26.83,85.39861111111111,0.0,0.0,0.0,0.0,0.0,0.0,1.0,0.0
Dalipuga,2023,5,3,313.3,27.448387096774194,85.93548387096774,0.0,0.0,0.6666666666666666,0.0,0.0,0.0,0.3333333333333333,0.0
Dalipuga,2023,6,3,419.9,27.026666666666664,87.42222222222222,0.0,0.0,0.3333333333333333,0.0,0.0,0.0,0.6666666666666666,0.0
Dalipuga,2023,7,6,391.3,27.36774193548387,84.5524193548387,0.0,0.3333333333333333,0.0,0.0,0.0,0.0,0.16666666666666666,0.5
Dalipuga,2023,8,5,315.7,27.503225806451614,83.02822580645162,0.0,0.2,0.0,0.2,0.0,0.0,0.2,0.4
Dalipuga,2023,9,8,461.8,27.023333333333333,86.45694444444445,0.0,0.0,0.25,0.25,0.0,0.0,0.0,0.5
Dalipuga,2023,10,9,219.7,26.990322580645163,85.48790322580645,0.1111111111111111,0.0,0.1111111111111111,0.2222222222222222,0.0,0.0,0.3333333333333333,0.2222222222222222
Dalipuga,2023,11,14,216.0,26.396666666666665,89.29027777777777,0.0,0.07142857142857142,0.14285714285714285,0.21428571428571427,0.07142857142857142,0.0,0.35714285714285715,0.14285714285714285
Dalipuga,2023,12,5,183.6,26.219354838709677,89.28763440860214,0.2,0.0,0.0,0.0,0.0,0.0,0.4,0.4
Dalipuga,2024,1,17,99.3,25.983870967741936,87.50940860215054,0.058823529411764705,0.058823529411764705,0.17647058823529413,0.11764705882352941,0.0,0.0,0.17647058823529413,0.4117647058823529
Dalipuga,2024,2,23,78.0,25.886206896551727,85.03735632183908,0.0,0.21739130434782608,0.13043478260869565,0.13043478260869565,0.043478260869565216,0.0,0.34782608695652173,0.13043478260869565
Dalipuga,2024,3,3,48.7,26.693548387096776,80.3010752688172,0.0,0.0,0.0,0.3333333333333333,0.0,0.0,0.6666666666666666,0.0
Dalipuga,2024,4,5,55.5,28.14333333333333,77.69722222222222,0.0,0.2,0.0,0.2,0.0,0.0,0.2,0.4
Dalipuga,2024,5,2,111.1,28.719354838709677,78.03763440860214,0.0,0.0,0.0,0.0,0.0,0.0,1.0,0.0
Dalipuga,2024,6,1,268.8,27.096666666666668,87.57638888888889,0.0,0.0,0.0,0.0,0.0,0.0,1.0,0.0
Dalipuga,2024,7,2,424.40000000000003,26.993548387096773,87.25268817204301,0.0,0.5,0.0,0.5,0.0,0.0,0.0,0.0
Dalipuga,2024,8,8,314.8,26.948387096774194,87.74327956989248,0.0,0.125,0.0,0.0,0.0,0.0,0.75,0.125
Dalipuga,2024,9,14,292.3,27.523333333333333,84.44722222222222,0.0,0.0,0.07142857142857142,0.21428571428571427,0.0,0.0,0.2857142857142857,0.42857142857142855
Dalipuga,2024,10,8,254.3,27.183870967741935,84.42069892473118,0.0,0.0,0.125,0.0,0.125,0.0,0.625,0.125
Dalipuga,2024,11,6,124.8,27.42,82.27083333333333,0.0,0.3333333333333333,0.16666666666666666,0.0,0.3333333333333333,0.0,0.0,0.16666666666666666
Dalipuga,2024,12,9,285.8,26.409677419354836,88.56182795698925,0.1111111111111111,0.1111111111111111,0.0,0.0,0.0,0.1111111111111111,0.3333333333333333,0.3333333333333333
Dalipuga,2025,1,10,117.9,26.15806451612903,87.52956989247312,0.1,0.1,0.0,0.2,0.1,0.1,0.4,0.0
Dalipuga,2025,2,14,92.8,26.214285714285715,85.29017857142857,0.0,0.0,0.21428571428571427,0.21428571428571427,0.07142857142857142,0.07142857142857142,0.2857142857142857,0.14285714285714285
Dalipuga,2025,3,10,128.9,26.506451612903227,86.22043010752688,0.0,0.0,0.1,0.2,0.2,0.1,0.2,0.2
Dalipuga,2025,4,6,69.5,27.613333333333333,79.75138888888888,0.0,0.16666666666666666,0.0,0.16666666666666666,0.0,0.16666666666666666,0.16666666666666666,0.3333333333333333
Dalipuga,2025,5,4,256.2,27.12258064516129,86.25403225806451,0.0,0.0,0.25,0.5,0.25,0.0,0.0,0.0
Dalipuga,2025,6,3,292.1,26.886666666666667,85.95972222222223,0.0,0.0,0.0,0.0,0.0,0.0,1.0,0.0
Dalipuga,2025,7,4,168.4,27.96129032258065,78.06317204301075,0.0,0.25,0.0,0.0,0.0,0.0,0.25,0.5
Dalipuga,2025,8,6,436.8,26.593548387096774,86.0241935483871,0.0,0.0,0.16666666666666666,0.3333333333333333,0.0,0.0,0.5,0.0
Dalipuga,2025,9,9,274.3,26.779999999999998,84.84583333333333,0.1111111111111111,0.1111111111111111,0.1111111111111111,0.0,0.1111111111111111,0.1111111111111111,0.3333333333333333,0.1111111111111111
Dalipuga,2025,10,2,345.5,26.606451612903225,86.78360215053763,0.0,0.0,0.0,0.5,0.0,0.0,0.5,0.0
Dalipuga,2025,11,0,266.3,26.55666666666667,86.72083333333333,0.0,0.0,0.0,0.0,0.0,0.0,0.0,0.0
Dalipuga,2025,12,4,171.9,26.322580645161292,87.89516129032258,0.25,0.25,0.0,0.0,0.25,0.0,0.25,0.0
Dalipuga,2026,1,0,115.2,25.822580645161292,84.18682795698925,0.0,0.0,0.0,0.0,0.0,0.0,0.0,0.0
Del Carmen,2020,1,0,63.400000000000006,26.316129032258065,85.66397849462365,0.0,0.0,0.0,0.0,0.0,0.0,0.0,0.0
Del Carmen,2020,2,0,98.7,25.731034482758623,86.48994252873563,0.0,0.0,0.0,0.0,0.0,0.0,0.0,0.0
Del Carmen,2020,3,1,177.60000000000002,26.33225806451613,85.24462365591398,1.0,0.0,0.0,0.0,0.0,0.0,0.0,0.0
Del Carmen,2020,4,1,46.2,27.509999999999998,80.39166666666667,0.0,0.0,0.0,0.0,1.0,0.0,0.0,0.0
Del Carmen,2020,5,0,235.0,27.587096774193547,88.56048387096774,0.0,0.0,0.0,0.0,0.0,0.0,0.0,0.0
Del Carmen,2020,6,1,481.8,26.81,89.87361111111112,0.0,0.0,0.0,0.0,0.0,1.0,0.0,0.0
Del Carmen,2020,7,1,516.3,26.641935483870967,90.00940860215054,0.0,0.0,0.0,0.0,0.0,0.0,0.0,1.0
Del Carmen,2020,8,1,283.8,26.967741935483872,88.1975806451613,0.0,0.0,0.0,0.0,1.0,0.0,0.0,0.0
Del Carmen,2020,9,1,453.5,26.923333333333336,89.24722222222222,0.0,0.0,0.0,0.0,0.0,0.0,0.0,1.0
Del Carmen,2020,10,4,504.29999999999995,26.55806451612903,90.60215053763442,0.0,0.25,0.25,0.0,0.0,0.0,0.5,0.0
Del Carmen,2020,11,2,201.0,26.413333333333334,90.75972222222222,0.0,0.5,0.0,0.0,0.0,0.0,0.5,0.0
Del Carmen,2020,12,0,284.9,26.187096774193545,90.4986559139785,0.0,0.0,0.0,0.0,0.0,0.0,0.0,0.0
Del Carmen,2021,1,1,270.59999999999997,25.55806451612903,90.90591397849462,0.0,0.0,0.0,0.0,1.0,0.0,0.0,0.0
Del Carmen,2021,2,1,204.1,25.635714285714283,90.38392857142857,0.0,0.0,0.0,0.0,0.0,0.0,1.0,0.0
Del Carmen,2021,3,1,150.9,26.135483870967743,88.36559139784946,0.0,0.0,1.0,0.0,0.0,0.0,0.0,0.0
Del Carmen,2021,4,1,119.9,26.88,85.50694444444444,0.0,1.0,0.0,0.0,0.0,0.0,0.0,0.0
Del Carmen,2021,5,0,412.90000000000003,26.948387096774194,88.83870967741936,0.0,0.0,0.0,0.0,0.0,0.0,0.0,0.0
Del Carmen,2021,6,0,256.4,26.863333333333333,88.29583333333333,0.0,0.0,0.0,0.0,0.0,0.0,0.0,0.0
Del Carmen,2021,7,1,301.0,27.65806451612903,82.94086021505376,0.0,0.0,0.0,0.0,0.0,0.0,1.0,0.0
Del Carmen,2021,8,4,183.3,27.200000000000003,85.51344086021506,0.0,0.0,0.25,0.25,0.0,0.0,0.25,0.25
Del Carmen,2021,9,3,343.0,26.756666666666668,88.62916666666666,0.0,0.0,0.0,0.0,0.3333333333333333,0.0,0.6666666666666666,0.0
Del Carmen,2021,10,0,335.7,26.748387096774195,88.47983870967742,0.0,0.0,0.0,0.0,0.0,0.0,0.0,0.0
Del Carmen,2021,11,2,327.7,26.176666666666666,91.05416666666666,0.0,0.5,0.0,0.0,0.0,0.0,0.5,0.0
Del Carmen,2021,12,3,256.0,25.706451612903226,90.11290322580645,0.0,0.0,0.3333333333333333,0.0,0.0,0.3333333333333333,0.0,0.3333333333333333
Del Carmen,2022,1,0,144.2,25.48709677419355,89.05510752688173,0.0,0.0,0.0,0.0,0.0,0.0,0.0,0.0
Del Carmen,2022,2,0,104.3,25.42142857142857,89.55059523809524,0.0,0.0,0.0,0.0,0.0,0.0,0.0,0.0
Del Carmen,2022,3,3,325.59999999999997,26.003225806451614,90.24596774193549,0.0,0.3333333333333333,0.0,0.0,0.0,0.0,0.6666666666666666,0.0
Del Carmen,2022,4,1,355.7,26.136666666666667,89.14166666666667,0.0,0.0,0.0,0.0,0.0,0.0,0.0,1.0
Del Carmen,2022,5,1,345.3,26.54516129032258,89.87768817204301,0.0,0.0,1.0,0.0,0.0,0.0,0.0,0.0
Del Carmen,2022,6,1,307.4,26.62,88.13888888888889,0.0,0.0,1.0,0.0,0.0,0.0,0.0,0.0
Del Carmen,2022,7,1,572.2,26.596774193548388,89.55510752688173,0.0,0.0,0.0,1.0,0.0,0.0,0.0,0.0
Del Carmen,2022,8,2,361.40000000000003,26.490322580645163,88.38306451612904,0.0,0.0,0.0,0.0,0.0,0.0,0.0,1.0
Del Carmen,2022,9,3,348.6,26.970000000000002,86.91805555555555,0.0,0.0,0.0,0.3333333333333333,0.0,0.0,0.6666666666666666,0.0
Del Carmen,2022,10,0,313.0,26.65806451612903,88.96774193548387,0.0,0.0,0.0,0.0,0.0,0.0,0.0,0.0
Del Carmen,2022,11,1,289.6,26.186666666666667,90.38888888888889,0.0,0.0,0.0,1.0,0.0,0.0,0.0,0.0
Del Carmen,2022,12,1,302.3,25.69677419354839,91.02016129032258,0.0,0.0,0.0,0.0,0.0,0.0,0.0,1.0
Del Carmen,2023,1,0,497.7,24.970967741935485,93.33198924731182,0.0,0.0,0.0,0.0,0.0,0.0,0.0,0.0
Del Carmen,2023,2,0,303.5,25.260714285714283,91.73660714285714,0.0,0.0,0.0,0.0,0.0,0.0,0.0,0.0
Del Carmen,2023,3,0,244.8,25.60967741935484,89.4260752688172,0.0,0.0,0.0,0.0,0.0,0.0,0.0,0.0
Del Carmen,2023,4,4,135.4,26.83,85.39861111111111,0.0,0.5,0.25,0.0,0.0,0.0,0.25,0.0
Del Carmen,2023,5,3,313.3,27.448387096774194,85.93548387096774,0.3333333333333333,0.0,0.0,0.0,0.0,0.0,0.6666666666666666,0.0
Del Carmen,2023,6,1,419.9,27.026666666666664,87.42222222222222,0.0,0.0,0.0,0.0,0.0,1.0,0.0,0.0
Del Carmen,2023,7,4,391.3,27.36774193548387,84.5524193548387,0.25,0.0,0.0,0.0,0.0,0.0,0.0,0.75
Del Carmen,2023,8,7,315.7,27.503225806451614,83.02822580645162,0.0,0.0,0.14285714285714285,0.0,0.0,0.14285714285714285,0.5714285714285714,0.14285714285714285
Del Carmen,2023,9,7,461.8,27.023333333333333,86.45694444444445,0.0,0.0,0.14285714285714285,0.14285714285714285,0.14285714285714285,0.0,0.42857142857142855,0.14285714285714285
Del Carmen,2023,10,3,219.7,26.990322580645163,85.48790322580645,0.0,0.0,0.3333333333333333,0.3333333333333333,0.0,0.0,0.3333333333333333,0.0
Del Carmen,2023,11,7,216.0,26.396666666666665,89.29027777777777,0.0,0.14285714285714285,0.0,0.0,0.0,0.14285714285714285,0.42857142857142855,0.2857142857142857
Del Carmen,2023,12,13,183.6,26.219354838709677,89.28763440860214,0.07692307692307693,0.07692307692307693,0.23076923076923078,0.07692307692307693,0.0,0.0,0.3076923076923077,0.23076923076923078
Del Carmen,2024,1,2,99.3,25.983870967741936,87.50940860215054,0.0,0.0,0.0,0.0,0.0,0.0,0.5,0.5
Del Carmen,2024,2,4,78.0,25.886206896551727,85.03735632183908,0.0,0.0,0.0,0.0,0.0,0.0,0.75,0.25
Del Carmen,2024,3,14,48.7,26.693548387096776,80.3010752688172,0.07142857142857142,0.07142857142857142,0.07142857142857142,0.14285714285714285,0.0,0.0,0.42857142857142855,0.21428571428571427
Del Carmen,2024,4,1,55.5,28.14333333333333,77.69722222222222,0.0,0.0,0.0,0.0,0.0,0.0,1.0,0.0
Del Carmen,2024,5,1,111.1,28.719354838709677,78.03763440860214,0.0,0.0,0.0,0.0,0.0,0.0,1.0,0.0
Del Carmen,2024,6,2,268.8,27.096666666666668,87.57638888888889,0.0,0.0,0.0,0.0,0.0,0.0,0.5,0.5
Del Carmen,2024,7,5,424.40000000000003,26.993548387096773,87.25268817204301,0.0,0.0,0.2,0.0,0.0,0.0,0.2,0.6
Del Carmen,2024,8,11,314.8,26.948387096774194,87.74327956989248,0.0,0.0,0.09090909090909091,0.18181818181818182,0.0,0.0,0.2727272727272727,0.45454545454545453
Del Carmen,2024,9,3,292.3,27.523333333333333,84.44722222222222,0.0,0.0,0.3333333333333333,0.0,0.0,0.0,0.6666666666666666,0.0
Del Carmen,2024,10,2,254.3,27.183870967741935,84.42069892473118,0.0,0.5,0.0,0.0,0.0,0.0,0.5,0.0
Del Carmen,2024,11,3,124.8,27.42,82.27083333333333,0.3333333333333333,0.0,0.0,0.0,0.0,0.0,0.3333333333333333,0.3333333333333333
Del Carmen,2024,12,3,285.8,26.409677419354836,88.56182795698925,0.0,0.0,0.0,0.0,0.0,0.0,0.3333333333333333,0.6666666666666666
Del Carmen,2025,1,2,117.9,26.15806451612903,87.52956989247312,0.0,0.0,0.5,0.0,0.5,0.0,0.0,0.0
Del Carmen,2025,2,1,92.8,26.214285714285715,85.29017857142857,0.0,0.0,0.0,0.0,0.0,1.0,0.0,0.0
Del Carmen,2025,3,3,128.9,26.506451612903227,86.22043010752688,0.0,0.0,0.3333333333333333,0.0,0.0,0.0,0.3333333333333333,0.3333333333333333
Del Carmen,2025,4,1,69.5,27.613333333333333,79.75138888888888,0.0,1.0,0.0,0.0,0.0,0.0,0.0,0.0
Del Carmen,2025,5,1,256.2,27.12258064516129,86.25403225806451,0.0,0.0,0.0,1.0,0.0,0.0,0.0,0.0
Del Carmen,2025,6,1,292.1,26.886666666666667,85.95972222222223,0.0,0.0,0.0,0.0,0.0,0.0,0.0,1.0
Del Carmen,2025,7,3,168.4,27.96129032258065,78.06317204301075,0.0,0.0,0.3333333333333333,0.0,0.0,0.0,0.3333333333333333,0.3333333333333333
Del Carmen,2025,8,1,436.8,26.593548387096774,86.0241935483871,0.0,1.0,0.0,0.0,0.0,0.0,0.0,0.0
Del Carmen,2025,9,0,274.3,26.779999999999998,84.84583333333333,0.0,0.0,0.0,0.0,0.0,0.0,0.0,0.0
Del Carmen,2025,10,1,345.5,26.606451612903225,86.78360215053763,0.0,0.0,0.0,1.0,0.0,0.0,0.0,0.0
Del Carmen,2025,11,0,266.3,26.55666666666667,86.72083333333333,0.0,0.0,0.0,0.0,0.0,0.0,0.0,0.0
Del Carmen,2025,12,0,171.9,26.322580645161292,87.89516129032258,0.0,0.0,0.0,0.0,0.0,0.0,0.0,0.0
Del Carmen,2026,1,0,115.2,25.822580645161292,84.18682795698925,0.0,0.0,0.0,0.0,0.0,0.0,0.0,0.0
Digkilaan,2020,1,0,63.400000000000006,26.316129032258065,85.66397849462365,0.0,0.0,0.0,0.0,0.0,0.0,0.0,0.0
Digkilaan,2020,2,0,98.7,25.731034482758623,86.48994252873563,0.0,0.0,0.0,0.0,0.0,0.0,0.0,0.0
Digkilaan,2020,3,0,177.60000000000002,26.33225806451613,85.24462365591398,0.0,0.0,0.0,0.0,0.0,0.0,0.0,0.0
Digkilaan,2020,4,0,46.2,27.509999999999998,80.39166666666667,0.0,0.0,0.0,0.0,0.0,0.0,0.0,0.0
Digkilaan,2020,5,0,235.0,27.587096774193547,88.56048387096774,0.0,0.0,0.0,0.0,0.0,0.0,0.0,0.0
Digkilaan,2020,6,0,481.8,26.81,89.87361111111112,0.0,0.0,0.0,0.0,0.0,0.0,0.0,0.0
Digkilaan,2020,7,0,516.3,26.641935483870967,90.00940860215054,0.0,0.0,0.0,0.0,0.0,0.0,0.0,0.0
Digkilaan,2020,8,0,283.8,26.967741935483872,88.1975806451613,0.0,0.0,0.0,0.0,0.0,0.0,0.0,0.0
Digkilaan,2020,9,0,453.5,26.923333333333336,89.24722222222222,0.0,0.0,0.0,0.0,0.0,0.0,0.0,0.0
Digkilaan,2020,10,0,504.29999999999995,26.55806451612903,90.60215053763442,0.0,0.0,0.0,0.0,0.0,0.0,0.0,0.0
Digkilaan,2020,11,0,201.0,26.413333333333334,90.75972222222222,0.0,0.0,0.0,0.0,0.0,0.0,0.0,0.0
Digkilaan,2020,12,0,284.9,26.187096774193545,90.4986559139785,0.0,0.0,0.0,0.0,0.0,0.0,0.0,0.0
Digkilaan,2021,1,0,270.59999999999997,25.55806451612903,90.90591397849462,0.0,0.0,0.0,0.0,0.0,0.0,0.0,0.0
Digkilaan,2021,2,0,204.1,25.635714285714283,90.38392857142857,0.0,0.0,0.0,0.0,0.0,0.0,0.0,0.0
Digkilaan,2021,3,0,150.9,26.135483870967743,88.36559139784946,0.0,0.0,0.0,0.0,0.0,0.0,0.0,0.0
Digkilaan,2021,4,0,119.9,26.88,85.50694444444444,0.0,0.0,0.0,0.0,0.0,0.0,0.0,0.0
Digkilaan,2021,5,0,412.90000000000003,26.948387096774194,88.83870967741936,0.0,0.0,0.0,0.0,0.0,0.0,0.0,0.0
Digkilaan,2021,6,2,256.4,26.863333333333333,88.29583333333333,0.0,0.0,0.0,0.0,0.0,0.0,0.5,0.5
Digkilaan,2021,7,0,301.0,27.65806451612903,82.94086021505376,0.0,0.0,0.0,0.0,0.0,0.0,0.0,0.0
Digkilaan,2021,8,0,183.3,27.200000000000003,85.51344086021506,0.0,0.0,0.0,0.0,0.0,0.0,0.0,0.0
Digkilaan,2021,9,1,343.0,26.756666666666668,88.62916666666666,0.0,0.0,0.0,0.0,0.0,0.0,1.0,0.0
Digkilaan,2021,10,0,335.7,26.748387096774195,88.47983870967742,0.0,0.0,0.0,0.0,0.0,0.0,0.0,0.0
Digkilaan,2021,11,0,327.7,26.176666666666666,91.05416666666666,0.0,0.0,0.0,0.0,0.0,0.0,0.0,0.0
Digkilaan,2021,12,0,256.0,25.706451612903226,90.11290322580645,0.0,0.0,0.0,0.0,0.0,0.0,0.0,0.0
Digkilaan,2022,1,0,144.2,25.48709677419355,89.05510752688173,0.0,0.0,0.0,0.0,0.0,0.0,0.0,0.0
Digkilaan,2022,2,0,104.3,25.42142857142857,89.55059523809524,0.0,0.0,0.0,0.0,0.0,0.0,0.0,0.0
Digkilaan,2022,3,0,325.59999999999997,26.003225806451614,90.24596774193549,0.0,0.0,0.0,0.0,0.0,0.0,0.0,0.0
Digkilaan,2022,4,0,355.7,26.136666666666667,89.14166666666667,0.0,0.0,0.0,0.0,0.0,0.0,0.0,0.0
Digkilaan,2022,5,1,345.3,26.54516129032258,89.87768817204301,0.0,0.0,0.0,0.0,1.0,0.0,0.0,0.0
Digkilaan,2022,6,0,307.4,26.62,88.13888888888889,0.0,0.0,0.0,0.0,0.0,0.0,0.0,0.0
Digkilaan,2022,7,0,572.2,26.596774193548388,89.55510752688173,0.0,0.0,0.0,0.0,0.0,0.0,0.0,0.0
Digkilaan,2022,8,0,361.40000000000003,26.490322580645163,88.38306451612904,0.0,0.0,0.0,0.0,0.0,0.0,0.0,0.0
Digkilaan,2022,9,0,348.6,26.970000000000002,86.91805555555555,0.0,0.0,0.0,0.0,0.0,0.0,0.0,0.0
Digkilaan,2022,10,0,313.0,26.65806451612903,88.96774193548387,0.0,0.0,0.0,0.0,0.0,0.0,0.0,0.0
Digkilaan,2022,11,0,289.6,26.186666666666667,90.38888888888889,0.0,0.0,0.0,0.0,0.0,0.0,0.0,0.0
Digkilaan,2022,12,0,302.3,25.69677419354839,91.02016129032258,0.0,0.0,0.0,0.0,0.0,0.0,0.0,0.0
Digkilaan,2023,1,0,497.7,24.970967741935485,93.33198924731182,0.0,0.0,0.0,0.0,0.0,0.0,0.0,0.0
Digkilaan,2023,2,0,303.5,25.260714285714283,91.73660714285714,0.0,0.0,0.0,0.0,0.0,0.0,0.0,0.0
Digkilaan,2023,3,0,244.8,25.60967741935484,89.4260752688172,0.0,0.0,0.0,0.0,0.0,0.0,0.0,0.0
Digkilaan,2023,4,0,135.4,26.83,85.39861111111111,0.0,0.0,0.0,0.0,0.0,0.0,0.0,0.0
Digkilaan,2023,5,0,313.3,27.448387096774194,85.93548387096774,0.0,0.0,0.0,0.0,0.0,0.0,0.0,0.0
Digkilaan,2023,6,0,419.9,27.026666666666664,87.42222222222222,0.0,0.0,0.0,0.0,0.0,0.0,0.0,0.0
Digkilaan,2023,7,0,391.3,27.36774193548387,84.5524193548387,0.0,0.0,0.0,0.0,0.0,0.0,0.0,0.0
Digkilaan,2023,8,2,315.7,27.503225806451614,83.02822580645162,0.0,0.5,0.0,0.5,0.0,0.0,0.0,0.0
Digkilaan,2023,9,1,461.8,27.023333333333333,86.45694444444445,0.0,0.0,0.0,0.0,0.0,0.0,0.0,1.0
Digkilaan,2023,10,2,219.7,26.990322580645163,85.48790322580645,0.0,0.5,0.5,0.0,0.0,0.0,0.0,0.0
Digkilaan,2023,11,0,216.0,26.396666666666665,89.29027777777777,0.0,0.0,0.0,0.0,0.0,0.0,0.0,0.0
Digkilaan,2023,12,2,183.6,26.219354838709677,89.28763440860214,0.0,0.0,0.5,0.0,0.0,0.0,0.5,0.0
Digkilaan,2024,1,2,99.3,25.983870967741936,87.50940860215054,0.0,0.0,0.0,0.5,0.0,0.0,0.5,0.0
Digkilaan,2024,2,0,78.0,25.886206896551727,85.03735632183908,0.0,0.0,0.0,0.0,0.0,0.0,0.0,0.0
Digkilaan,2024,3,0,48.7,26.693548387096776,80.3010752688172,0.0,0.0,0.0,0.0,0.0,0.0,0.0,0.0
Digkilaan,2024,4,0,55.5,28.14333333333333,77.69722222222222,0.0,0.0,0.0,0.0,0.0,0.0,0.0,0.0
Digkilaan,2024,5,0,111.1,28.719354838709677,78.03763440860214,0.0,0.0,0.0,0.0,0.0,0.0,0.0,0.0
Digkilaan,2024,6,0,268.8,27.096666666666668,87.57638888888889,0.0,0.0,0.0,0.0,0.0,0.0,0.0,0.0
Digkilaan,2024,7,4,424.40000000000003,26.993548387096773,87.25268817204301,0.25,0.0,0.25,0.0,0.0,0.0,0.0,0.5
Digkilaan,2024,8,1,314.8,26.948387096774194,87.74327956989248,0.0,0.0,1.0,0.0,0.0,0.0,0.0,0.0
Digkilaan,2024,9,0,292.3,27.523333333333333,84.44722222222222,0.0,0.0,0.0,0.0,0.0,0.0,0.0,0.0
Digkilaan,2024,10,0,254.3,27.183870967741935,84.42069892473118,0.0,0.0,0.0,0.0,0.0,0.0,0.0,0.0
Digkilaan,2024,11,2,124.8,27.42,82.27083333333333,0.0,0.5,0.0,0.0,0.0,0.0,0.0,0.5
Digkilaan,2024,12,0,285.8,26.409677419354836,88.56182795698925,0.0,0.0,0.0,0.0,0.0,0.0,0.0,0.0
Digkilaan,2025,1,0,117.9,26.15806451612903,87.52956989247312,0.0,0.0,0.0,0.0,0.0,0.0,0.0,0.0
Digkilaan,2025,2,2,92.8,26.214285714285715,85.29017857142857,0.0,0.0,0.0,0.0,0.5,0.5,0.0,0.0
Digkilaan,2025,3,0,128.9,26.506451612903227,86.22043010752688,0.0,0.0,0.0,0.0,0.0,0.0,0.0,0.0
Digkilaan,2025,4,0,69.5,27.613333333333333,79.75138888888888,0.0,0.0,0.0,0.0,0.0,0.0,0.0,0.0
Digkilaan,2025,5,0,256.2,27.12258064516129,86.25403225806451,0.0,0.0,0.0,0.0,0.0,0.0,0.0,0.0
Digkilaan,2025,6,0,292.1,26.886666666666667,85.95972222222223,0.0,0.0,0.0,0.0,0.0,0.0,0.0,0.0
Digkilaan,2025,7,0,168.4,27.96129032258065,78.06317204301075,0.0,0.0,0.0,0.0,0.0,0.0,0.0,0.0
Digkilaan,2025,8,0,436.8,26.593548387096774,86.0241935483871,0.0,0.0,0.0,0.0,0.0,0.0,0.0,0.0
Digkilaan,2025,9,1,274.3,26.779999999999998,84.84583333333333,0.0,0.0,0.0,1.0,0.0,0.0,0.0,0.0
Digkilaan,2025,10,0,345.5,26.606451612903225,86.78360215053763,0.0,0.0,0.0,0.0,0.0,0.0,0.0,0.0
Digkilaan,2025,11,0,266.3,26.55666666666667,86.72083333333333,0.0,0.0,0.0,0.0,0.0,0.0,0.0,0.0
Digkilaan,2025,12,0,171.9,26.322580645161292,87.89516129032258,0.0,0.0,0.0,0.0,0.0,0.0,0.0,0.0
Digkilaan,2026,1,0,115.2,25.822580645161292,84.18682795698925,0.0,0.0,0.0,0.0,0.0,0.0,0.0,0.0
Ditucalan,2020,1,0,63.400000000000006,26.316129032258065,85.66397849462365,0.0,0.0,0.0,0.0,0.0,0.0,0.0,0.0
Ditucalan,2020,2,0,98.7,25.731034482758623,86.48994252873563,0.0,0.0,0.0,0.0,0.0,0.0,0.0,0.0
Ditucalan,2020,3,0,177.60000000000002,26.33225806451613,85.24462365591398,0.0,0.0,0.0,0.0,0.0,0.0,0.0,0.0
Ditucalan,2020,4,0,46.2,27.509999999999998,80.39166666666667,0.0,0.0,0.0,0.0,0.0,0.0,0.0,0.0
Ditucalan,2020,5,0,235.0,27.587096774193547,88.56048387096774,0.0,0.0,0.0,0.0,0.0,0.0,0.0,0.0
Ditucalan,2020,6,1,481.8,26.81,89.87361111111112,0.0,0.0,0.0,0.0,1.0,0.0,0.0,0.0
Ditucalan,2020,7,0,516.3,26.641935483870967,90.00940860215054,0.0,0.0,0.0,0.0,0.0,0.0,0.0,0.0
Ditucalan,2020,8,0,283.8,26.967741935483872,88.1975806451613,0.0,0.0,0.0,0.0,0.0,0.0,0.0,0.0
Ditucalan,2020,9,0,453.5,26.923333333333336,89.24722222222222,0.0,0.0,0.0,0.0,0.0,0.0,0.0,0.0
Ditucalan,2020,10,0,504.29999999999995,26.55806451612903,90.60215053763442,0.0,0.0,0.0,0.0,0.0,0.0,0.0,0.0
Ditucalan,2020,11,1,201.0,26.413333333333334,90.75972222222222,0.0,0.0,0.0,0.0,1.0,0.0,0.0,0.0
Ditucalan,2020,12,0,284.9,26.187096774193545,90.4986559139785,0.0,0.0,0.0,0.0,0.0,0.0,0.0,0.0
Ditucalan,2021,1,0,270.59999999999997,25.55806451612903,90.90591397849462,0.0,0.0,0.0,0.0,0.0,0.0,0.0,0.0
Ditucalan,2021,2,0,204.1,25.635714285714283,90.38392857142857,0.0,0.0,0.0,0.0,0.0,0.0,0.0,0.0
Ditucalan,2021,3,0,150.9,26.135483870967743,88.36559139784946,0.0,0.0,0.0,0.0,0.0,0.0,0.0,0.0
Ditucalan,2021,4,0,119.9,26.88,85.50694444444444,0.0,0.0,0.0,0.0,0.0,0.0,0.0,0.0
Ditucalan,2021,5,0,412.90000000000003,26.948387096774194,88.83870967741936,0.0,0.0,0.0,0.0,0.0,0.0,0.0,0.0
Ditucalan,2021,6,3,256.4,26.863333333333333,88.29583333333333,0.0,0.0,0.0,0.0,0.3333333333333333,0.0,0.6666666666666666,0.0
Ditucalan,2021,7,1,301.0,27.65806451612903,82.94086021505376,0.0,0.0,0.0,0.0,0.0,0.0,0.0,1.0
Ditucalan,2021,8,0,183.3,27.200000000000003,85.51344086021506,0.0,0.0,0.0,0.0,0.0,0.0,0.0,0.0
Ditucalan,2021,9,0,343.0,26.756666666666668,88.62916666666666,0.0,0.0,0.0,0.0,0.0,0.0,0.0,0.0
Ditucalan,2021,10,0,335.7,26.748387096774195,88.47983870967742,0.0,0.0,0.0,0.0,0.0,0.0,0.0,0.0
Ditucalan,2021,11,1,327.7,26.176666666666666,91.05416666666666,0.0,0.0,0.0,0.0,0.0,0.0,1.0,0.0
Ditucalan,2021,12,0,256.0,25.706451612903226,90.11290322580645,0.0,0.0,0.0,0.0,0.0,0.0,0.0,0.0
Ditucalan,2022,1,0,144.2,25.48709677419355,89.05510752688173,0.0,0.0,0.0,0.0,0.0,0.0,0.0,0.0
Ditucalan,2022,2,0,104.3,25.42142857142857,89.55059523809524,0.0,0.0,0.0,0.0,0.0,0.0,0.0,0.0
Ditucalan,2022,3,0,325.59999999999997,26.003225806451614,90.24596774193549,0.0,0.0,0.0,0.0,0.0,0.0,0.0,0.0
Ditucalan,2022,4,0,355.7,26.136666666666667,89.14166666666667,0.0,0.0,0.0,0.0,0.0,0.0,0.0,0.0
Ditucalan,2022,5,0,345.3,26.54516129032258,89.87768817204301,0.0,0.0,0.0,0.0,0.0,0.0,0.0,0.0
Ditucalan,2022,6,0,307.4,26.62,88.13888888888889,0.0,0.0,0.0,0.0,0.0,0.0,0.0,0.0
Ditucalan,2022,7,2,572.2,26.596774193548388,89.55510752688173,0.0,0.0,0.0,0.0,0.0,0.5,0.5,0.0
Ditucalan,2022,8,1,361.40000000000003,26.490322580645163,88.38306451612904,0.0,0.0,0.0,0.0,0.0,0.0,1.0,0.0
Ditucalan,2022,9,0,348.6,26.970000000000002,86.91805555555555,0.0,0.0,0.0,0.0,0.0,0.0,0.0,0.0
Ditucalan,2022,10,0,313.0,26.65806451612903,88.96774193548387,0.0,0.0,0.0,0.0,0.0,0.0,0.0,0.0
Ditucalan,2022,11,1,289.6,26.186666666666667,90.38888888888889,0.0,0.0,0.0,0.0,0.0,1.0,0.0,0.0
Ditucalan,2022,12,0,302.3,25.69677419354839,91.02016129032258,0.0,0.0,0.0,0.0,0.0,0.0,0.0,0.0
Ditucalan,2023,1,0,497.7,24.970967741935485,93.33198924731182,0.0,0.0,0.0,0.0,0.0,0.0,0.0,0.0
Ditucalan,2023,2,0,303.5,25.260714285714283,91.73660714285714,0.0,0.0,0.0,0.0,0.0,0.0,0.0,0.0
Ditucalan,2023,3,0,244.8,25.60967741935484,89.4260752688172,0.0,0.0,0.0,0.0,0.0,0.0,0.0,0.0
Ditucalan,2023,4,0,135.4,26.83,85.39861111111111,0.0,0.0,0.0,0.0,0.0,0.0,0.0,0.0
Ditucalan,2023,5,0,313.3,27.448387096774194,85.93548387096774,0.0,0.0,0.0,0.0,0.0,0.0,0.0,0.0
Ditucalan,2023,6,0,419.9,27.026666666666664,87.42222222222222,0.0,0.0,0.0,0.0,0.0,0.0,0.0,0.0
Ditucalan,2023,7,0,391.3,27.36774193548387,84.5524193548387,0.0,0.0,0.0,0.0,0.0,0.0,0.0,0.0
Ditucalan,2023,8,4,315.7,27.503225806451614,83.02822580645162,0.0,0.0,0.5,0.0,0.0,0.0,0.25,0.25
Ditucalan,2023,9,3,461.8,27.023333333333333,86.45694444444445,0.0,0.0,0.3333333333333333,0.0,0.0,0.0,0.3333333333333333,0.3333333333333333
Ditucalan,2023,10,1,219.7,26.990322580645163,85.48790322580645,0.0,0.0,0.0,0.0,0.0,0.0,1.0,0.0
Ditucalan,2023,11,3,216.0,26.396666666666665,89.29027777777777,0.0,0.3333333333333333,0.0,0.0,0.0,0.0,0.6666666666666666,0.0
Ditucalan,2023,12,3,183.6,26.219354838709677,89.28763440860214,0.0,0.3333333333333333,0.3333333333333333,0.0,0.0,0.0,0.3333333333333333,0.0
Ditucalan,2024,1,2,99.3,25.983870967741936,87.50940860215054,0.5,0.0,0.0,0.0,0.0,0.0,0.5,0.0
Ditucalan,2024,2,2,78.0,25.886206896551727,85.03735632183908,0.5,0.0,0.0,0.0,0.0,0.0,0.5,0.0
Ditucalan,2024,3,0,48.7,26.693548387096776,80.3010752688172,0.0,0.0,0.0,0.0,0.0,0.0,0.0,0.0
Ditucalan,2024,4,2,55.5,28.14333333333333,77.69722222222222,0.0,0.0,0.5,0.5,0.0,0.0,0.0,0.0
Ditucalan,2024,5,3,111.1,28.719354838709677,78.03763440860214,0.0,0.0,0.3333333333333333,0.0,0.0,0.3333333333333333,0.0,0.3333333333333333
Ditucalan,2024,6,1,268.8,27.096666666666668,87.57638888888889,0.0,0.0,0.0,1.0,0.0,0.0,0.0,0.0
Ditucalan,2024,7,3,424.40000000000003,26.993548387096773,87.25268817204301,0.0,0.3333333333333333,0.3333333333333333,0.0,0.0,0.0,0.0,0.3333333333333333
Ditucalan,2024,8,1,314.8,26.948387096774194,87.74327956989248,0.0,1.0,0.0,0.0,0.0,0.0,0.0,0.0
Ditucalan,2024,9,2,292.3,27.523333333333333,84.44722222222222,0.0,0.5,0.0,0.5,0.0,0.0,0.0,0.0
Ditucalan,2024,10,3,254.3,27.183870967741935,84.42069892473118,0.0,0.0,0.3333333333333333,0.0,0.0,0.0,0.3333333333333333,0.3333333333333333
Ditucalan,2024,11,0,124.8,27.42,82.27083333333333,0.0,0.0,0.0,0.0,0.0,0.0,0.0,0.0
Ditucalan,2024,12,0,285.8,26.409677419354836,88.56182795698925,0.0,0.0,0.0,0.0,0.0,0.0,0.0,0.0
Ditucalan,2025,1,1,117.9,26.15806451612903,87.52956989247312,0.0,0.0,0.0,0.0,0.0,0.0,1.0,0.0
Ditucalan,2025,2,1,92.8,26.214285714285715,85.29017857142857,0.0,0.0,0.0,0.0,1.0,0.0,0.0,0.0
Ditucalan,2025,3,0,128.9,26.506451612903227,86.22043010752688,0.0,0.0,0.0,0.0,0.0,0.0,0.0,0.0
Ditucalan,2025,4,0,69.5,27.613333333333333,79.75138888888888,0.0,0.0,0.0,0.0,0.0,0.0,0.0,0.0
Ditucalan,2025,5,0,256.2,27.12258064516129,86.25403225806451,0.0,0.0,0.0,0.0,0.0,0.0,0.0,0.0
Ditucalan,2025,6,0,292.1,26.886666666666667,85.95972222222223,0.0,0.0,0.0,0.0,0.0,0.0,0.0,0.0
Ditucalan,2025,7,1,168.4,27.96129032258065,78.06317204301075,0.0,0.0,0.0,0.0,0.0,1.0,0.0,0.0
Ditucalan,2025,8,0,436.8,26.593548387096774,86.0241935483871,0.0,0.0,0.0,0.0,0.0,0.0,0.0,0.0
Ditucalan,2025,9,0,274.3,26.779999999999998,84.84583333333333,0.0,0.0,0.0,0.0,0.0,0.0,0.0,0.0
Ditucalan,2025,10,1,345.5,26.606451612903225,86.78360215053763,0.0,0.0,0.0,0.0,0.0,0.0,1.0,0.0
Ditucalan,2025,11,0,266.3,26.55666666666667,86.72083333333333,0.0,0.0,0.0,0.0,0.0,0.0,0.0,0.0
Ditucalan,2025,12,0,171.9,26.322580645161292,87.89516129032258,0.0,0.0,0.0,0.0,0.0,0.0,0.0,0.0
Ditucalan,2026,1,0,115.2,25.822580645161292,84.18682795698925,0.0,0.0,0.0,0.0,0.0,0.0,0.0,0.0
Dulag,2020,1,0,63.400000000000006,26.316129032258065,85.66397849462365,0.0,0.0,0.0,0.0,0.0,0.0,0.0,0.0
Dulag,2020,2,0,98.7,25.731034482758623,86.48994252873563,0.0,0.0,0.0,0.0,0.0,0.0,0.0,0.0
Dulag,2020,3,0,177.60000000000002,26.33225806451613,85.24462365591398,0.0,0.0,0.0,0.0,0.0,0.0,0.0,0.0
Dulag,2020,4,0,46.2,27.509999999999998,80.39166666666667,0.0,0.0,0.0,0.0,0.0,0.0,0.0,0.0
Dulag,2020,5,0,235.0,27.587096774193547,88.56048387096774,0.0,0.0,0.0,0.0,0.0,0.0,0.0,0.0
Dulag,2020,6,0,481.8,26.81,89.87361111111112,0.0,0.0,0.0,0.0,0.0,0.0,0.0,0.0
Dulag,2020,7,0,516.3,26.641935483870967,90.00940860215054,0.0,0.0,0.0,0.0,0.0,0.0,0.0,0.0
Dulag,2020,8,0,283.8,26.967741935483872,88.1975806451613,0.0,0.0,0.0,0.0,0.0,0.0,0.0,0.0
Dulag,2020,9,0,453.5,26.923333333333336,89.24722222222222,0.0,0.0,0.0,0.0,0.0,0.0,0.0,0.0
Dulag,2020,10,0,504.29999999999995,26.55806451612903,90.60215053763442,0.0,0.0,0.0,0.0,0.0,0.0,0.0,0.0
Dulag,2020,11,0,201.0,26.413333333333334,90.75972222222222,0.0,0.0,0.0,0.0,0.0,0.0,0.0,0.0
Dulag,2020,12,0,284.9,26.187096774193545,90.4986559139785,0.0,0.0,0.0,0.0,0.0,0.0,0.0,0.0
Dulag,2021,1,0,270.59999999999997,25.55806451612903,90.90591397849462,0.0,0.0,0.0,0.0,0.0,0.0,0.0,0.0
Dulag,2021,2,0,204.1,25.635714285714283,90.38392857142857,0.0,0.0,0.0,0.0,0.0,0.0,0.0,0.0
Dulag,2021,3,0,150.9,26.135483870967743,88.36559139784946,0.0,0.0,0.0,0.0,0.0,0.0,0.0,0.0
Dulag,2021,4,0,119.9,26.88,85.50694444444444,0.0,0.0,0.0,0.0,0.0,0.0,0.0,0.0
Dulag,2021,5,0,412.90000000000003,26.948387096774194,88.83870967741936,0.0,0.0,0.0,0.0,0.0,0.0,0.0,0.0
Dulag,2021,6,0,256.4,26.863333333333333,88.29583333333333,0.0,0.0,0.0,0.0,0.0,0.0,0.0,0.0
Dulag,2021,7,0,301.0,27.65806451612903,82.94086021505376,0.0,0.0,0.0,0.0,0.0,0.0,0.0,0.0
Dulag,2021,8,0,183.3,27.200000000000003,85.51344086021506,0.0,0.0,0.0,0.0,0.0,0.0,0.0,0.0
Dulag,2021,9,0,343.0,26.756666666666668,88.62916666666666,0.0,0.0,0.0,0.0,0.0,0.0,0.0,0.0
Dulag,2021,10,0,335.7,26.748387096774195,88.47983870967742,0.0,0.0,0.0,0.0,0.0,0.0,0.0,0.0
Dulag,2021,11,0,327.7,26.176666666666666,91.05416666666666,0.0,0.0,0.0,0.0,0.0,0.0,0.0,0.0
Dulag,2021,12,0,256.0,25.706451612903226,90.11290322580645,0.0,0.0,0.0,0.0,0.0,0.0,0.0,0.0
Dulag,2022,1,0,144.2,25.48709677419355,89.05510752688173,0.0,0.0,0.0,0.0,0.0,0.0,0.0,0.0
Dulag,2022,2,1,104.3,25.42142857142857,89.55059523809524,0.0,0.0,1.0,0.0,0.0,0.0,0.0,0.0
Dulag,2022,3,0,325.59999999999997,26.003225806451614,90.24596774193549,0.0,0.0,0.0,0.0,0.0,0.0,0.0,0.0
Dulag,2022,4,0,355.7,26.136666666666667,89.14166666666667,0.0,0.0,0.0,0.0,0.0,0.0,0.0,0.0
Dulag,2022,5,0,345.3,26.54516129032258,89.87768817204301,0.0,0.0,0.0,0.0,0.0,0.0,0.0,0.0
Dulag,2022,6,0,307.4,26.62,88.13888888888889,0.0,0.0,0.0,0.0,0.0,0.0,0.0,0.0
Dulag,2022,7,0,572.2,26.596774193548388,89.55510752688173,0.0,0.0,0.0,0.0,0.0,0.0,0.0,0.0
Dulag,2022,8,1,361.40000000000003,26.490322580645163,88.38306451612904,0.0,0.0,0.0,0.0,0.0,0.0,0.0,1.0
Dulag,2022,9,0,348.6,26.970000000000002,86.91805555555555,0.0,0.0,0.0,0.0,0.0,0.0,0.0,0.0
Dulag,2022,10,0,313.0,26.65806451612903,88.96774193548387,0.0,0.0,0.0,0.0,0.0,0.0,0.0,0.0
Dulag,2022,11,0,289.6,26.186666666666667,90.38888888888889,0.0,0.0,0.0,0.0,0.0,0.0,0.0,0.0
Dulag,2022,12,0,302.3,25.69677419354839,91.02016129032258,0.0,0.0,0.0,0.0,0.0,0.0,0.0,0.0
Dulag,2023,1,0,497.7,24.970967741935485,93.33198924731182,0.0,0.0,0.0,0.0,0.0,0.0,0.0,0.0
Dulag,2023,2,0,303.5,25.260714285714283,91.73660714285714,0.0,0.0,0.0,0.0,0.0,0.0,0.0,0.0
Dulag,2023,3,0,244.8,25.60967741935484,89.4260752688172,0.0,0.0,0.0,0.0,0.0,0.0,0.0,0.0
Dulag,2023,4,0,135.4,26.83,85.39861111111111,0.0,0.0,0.0,0.0,0.0,0.0,0.0,0.0
Dulag,2023,5,0,313.3,27.448387096774194,85.93548387096774,0.0,0.0,0.0,0.0,0.0,0.0,0.0,0.0
Dulag,2023,6,0,419.9,27.026666666666664,87.42222222222222,0.0,0.0,0.0,0.0,0.0,0.0,0.0,0.0
Dulag,2023,7,0,391.3,27.36774193548387,84.5524193548387,0.0,0.0,0.0,0.0,0.0,0.0,0.0,0.0
Dulag,2023,8,0,315.7,27.503225806451614,83.02822580645162,0.0,0.0,0.0,0.0,0.0,0.0,0.0,0.0
Dulag,2023,9,0,461.8,27.023333333333333,86.45694444444445,0.0,0.0,0.0,0.0,0.0,0.0,0.0,0.0
Dulag,2023,10,0,219.7,26.990322580645163,85.48790322580645,0.0,0.0,0.0,0.0,0.0,0.0,0.0,0.0
Dulag,2023,11,0,216.0,26.396666666666665,89.29027777777777,0.0,0.0,0.0,0.0,0.0,0.0,0.0,0.0
Dulag,2023,12,0,183.6,26.219354838709677,89.28763440860214,0.0,0.0,0.0,0.0,0.0,0.0,0.0,0.0
Dulag,2024,1,0,99.3,25.983870967741936,87.50940860215054,0.0,0.0,0.0,0.0,0.0,0.0,0.0,0.0
Dulag,2024,2,0,78.0,25.886206896551727,85.03735632183908,0.0,0.0,0.0,0.0,0.0,0.0,0.0,0.0
Dulag,2024,3,0,48.7,26.693548387096776,80.3010752688172,0.0,0.0,0.0,0.0,0.0,0.0,0.0,0.0
Dulag,2024,4,0,55.5,28.14333333333333,77.69722222222222,0.0,0.0,0.0,0.0,0.0,0.0,0.0,0.0
Dulag,2024,5,0,111.1,28.719354838709677,78.03763440860214,0.0,0.0,0.0,0.0,0.0,0.0,0.0,0.0
Dulag,2024,6,0,268.8,27.096666666666668,87.57638888888889,0.0,0.0,0.0,0.0,0.0,0.0,0.0,0.0
Dulag,2024,7,0,424.40000000000003,26.993548387096773,87.25268817204301,0.0,0.0,0.0,0.0,0.0,0.0,0.0,0.0
Dulag,2024,8,0,314.8,26.948387096774194,87.74327956989248,0.0,0.0,0.0,0.0,0.0,0.0,0.0,0.0
Dulag,2024,9,0,292.3,27.523333333333333,84.44722222222222,0.0,0.0,0.0,0.0,0.0,0.0,0.0,0.0
Dulag,2024,10,0,254.3,27.183870967741935,84.42069892473118,0.0,0.0,0.0,0.0,0.0,0.0,0.0,0.0
Dulag,2024,11,0,124.8,27.42,82.27083333333333,0.0,0.0,0.0,0.0,0.0,0.0,0.0,0.0
Dulag,2024,12,0,285.8,26.409677419354836,88.56182795698925,0.0,0.0,0.0,0.0,0.0,0.0,0.0,0.0
Dulag,2025,1,0,117.9,26.15806451612903,87.52956989247312,0.0,0.0,0.0,0.0,0.0,0.0,0.0,0.0
Dulag,2025,2,1,92.8,26.214285714285715,85.29017857142857,1.0,0.0,0.0,0.0,0.0,0.0,0.0,0.0
Dulag,2025,3,0,128.9,26.506451612903227,86.22043010752688,0.0,0.0,0.0,0.0,0.0,0.0,0.0,0.0
Dulag,2025,4,1,69.5,27.613333333333333,79.75138888888888,0.0,0.0,1.0,0.0,0.0,0.0,0.0,0.0
Dulag,2025,5,0,256.2,27.12258064516129,86.25403225806451,0.0,0.0,0.0,0.0,0.0,0.0,0.0,0.0
Dulag,2025,6,0,292.1,26.886666666666667,85.95972222222223,0.0,0.0,0.0,0.0,0.0,0.0,0.0,0.0
Dulag,2025,7,0,168.4,27.96129032258065,78.06317204301075,0.0,0.0,0.0,0.0,0.0,0.0,0.0,0.0
Dulag,2025,8,0,436.8,26.593548387096774,86.0241935483871,0.0,0.0,0.0,0.0,0.0,0.0,0.0,0.0
Dulag,2025,9,0,274.3,26.779999999999998,84.84583333333333,0.0,0.0,0.0,0.0,0.0,0.0,0.0,0.0
Dulag,2025,10,0,345.5,26.606451612903225,86.78360215053763,0.0,0.0,0.0,0.0,0.0,0.0,0.0,0.0
Dulag,2025,11,0,266.3,26.55666666666667,86.72083333333333,0.0,0.0,0.0,0.0,0.0,0.0,0.0,0.0
Dulag,2025,12,0,171.9,26.322580645161292,87.89516129032258,0.0,0.0,0.0,0.0,0.0,0.0,0.0,0.0
Dulag,2026,1,0,115.2,25.822580645161292,84.18682795698925,0.0,0.0,0.0,0.0,0.0,0.0,0.0,0.0
Hinaplanon,2020,1,1,63.400000000000006,26.316129032258065,85.66397849462365,0.0,0.0,0.0,1.0,0.0,0.0,0.0,0.0
Hinaplanon,2020,2,1,98.7,25.731034482758623,86.48994252873563,0.0,0.0,0.0,0.0,0.0,0.0,1.0,0.0
Hinaplanon,2020,3,2,177.60000000000002,26.33225806451613,85.24462365591398,0.0,0.0,0.0,0.0,0.0,0.0,1.0,0.0
Hinaplanon,2020,4,0,46.2,27.509999999999998,80.39166666666667,0.0,0.0,0.0,0.0,0.0,0.0,0.0,0.0
Hinaplanon,2020,5,1,235.0,27.587096774193547,88.56048387096774,0.0,0.0,0.0,0.0,0.0,0.0,1.0,0.0
Hinaplanon,2020,6,3,481.8,26.81,89.87361111111112,0.0,0.3333333333333333,0.0,0.0,0.0,0.3333333333333333,0.0,0.3333333333333333
Hinaplanon,2020,7,1,516.3,26.641935483870967,90.00940860215054,0.0,0.0,0.0,0.0,0.0,0.0,0.0,1.0
Hinaplanon,2020,8,0,283.8,26.967741935483872,88.1975806451613,0.0,0.0,0.0,0.0,0.0,0.0,0.0,0.0
Hinaplanon,2020,9,1,453.5,26.923333333333336,89.24722222222222,0.0,0.0,0.0,1.0,0.0,0.0,0.0,0.0
Hinaplanon,2020,10,3,504.29999999999995,26.55806451612903,90.60215053763442,0.3333333333333333,0.0,0.0,0.3333333333333333,0.0,0.0,0.3333333333333333,0.0
Hinaplanon,2020,11,4,201.0,26.413333333333334,90.75972222222222,0.0,0.25,0.25,0.0,0.0,0.0,0.25,0.25
Hinaplanon,2020,12,4,284.9,26.187096774193545,90.4986559139785,0.25,0.0,0.0,0.25,0.0,0.0,0.25,0.25
Hinaplanon,2021,1,4,270.59999999999997,25.55806451612903,90.90591397849462,0.0,0.0,0.25,0.25,0.0,0.0,0.25,0.25
Hinaplanon,2021,2,2,204.1,25.635714285714283,90.38392857142857,0.0,0.0,0.0,0.5,0.0,0.0,0.5,0.0
Hinaplanon,2021,3,2,150.9,26.135483870967743,88.36559139784946,0.0,0.5,0.5,0.0,0.0,0.0,0.0,0.0
Hinaplanon,2021,4,6,119.9,26.88,85.50694444444444,0.16666666666666666,0.0,0.16666666666666666,0.0,0.0,0.3333333333333333,0.16666666666666666,0.16666666666666666
Hinaplanon,2021,5,1,412.90000000000003,26.948387096774194,88.83870967741936,0.0,0.0,0.0,0.0,0.0,0.0,0.0,1.0
Hinaplanon,2021,6,5,256.4,26.863333333333333,88.29583333333333,0.0,0.0,0.0,0.4,0.0,0.2,0.4,0.0
Hinaplanon,2021,7,7,301.0,27.65806451612903,82.94086021505376,0.0,0.0,0.2857142857142857,0.14285714285714285,0.14285714285714285,0.2857142857142857,0.14285714285714285,0.0
Hinaplanon,2021,8,3,183.3,27.200000000000003,85.51344086021506,0.0,0.3333333333333333,0.0,0.0,0.0,0.0,0.3333333333333333,0.3333333333333333
Hinaplanon,2021,9,8,343.0,26.756666666666668,88.62916666666666,0.25,0.0,0.25,0.0,0.0,0.0,0.5,0.0
Hinaplanon,2021,10,1,335.7,26.748387096774195,88.47983870967742,0.0,0.0,0.0,0.0,0.0,0.0,0.0,1.0
Hinaplanon,2021,11,2,327.7,26.176666666666666,91.05416666666666,0.0,0.0,0.0,0.0,0.5,0.5,0.0,0.0
Hinaplanon,2021,12,2,256.0,25.706451612903226,90.11290322580645,0.0,0.0,0.5,0.5,0.0,0.0,0.0,0.0
Hinaplanon,2022,1,3,144.2,25.48709677419355,89.05510752688173,0.0,0.0,0.0,0.0,0.3333333333333333,0.3333333333333333,0.3333333333333333,0.0
Hinaplanon,2022,2,5,104.3,25.42142857142857,89.55059523809524,0.0,0.0,0.0,0.4,0.4,0.0,0.2,0.0
Hinaplanon,2022,3,4,325.59999999999997,26.003225806451614,90.24596774193549,0.0,0.0,0.25,0.25,0.0,0.0,0.5,0.0
Hinaplanon,2022,4,2,355.7,26.136666666666667,89.14166666666667,0.0,0.0,0.0,0.0,0.0,0.0,0.0,1.0
Hinaplanon,2022,5,3,345.3,26.54516129032258,89.87768817204301,0.0,0.0,0.0,0.0,0.3333333333333333,0.0,0.6666666666666666,0.0
Hinaplanon,2022,6,2,307.4,26.62,88.13888888888889,0.0,0.0,0.0,0.0,0.0,0.0,0.5,0.5
Hinaplanon,2022,7,4,572.2,26.596774193548388,89.55510752688173,0.0,0.25,0.0,0.25,0.0,0.0,0.5,0.0
Hinaplanon,2022,8,4,361.40000000000003,26.490322580645163,88.38306451612904,0.0,0.0,0.0,0.25,0.0,0.0,0.5,0.25
Hinaplanon,2022,9,5,348.6,26.970000000000002,86.91805555555555,0.0,0.0,0.0,0.0,0.0,0.2,0.2,0.6
Hinaplanon,2022,10,4,313.0,26.65806451612903,88.96774193548387,0.0,0.25,0.25,0.0,0.0,0.0,0.5,0.0
Hinaplanon,2022,11,3,289.6,26.186666666666667,90.38888888888889,0.0,0.3333333333333333,0.0,0.0,0.0,0.0,0.6666666666666666,0.0
Hinaplanon,2022,12,5,302.3,25.69677419354839,91.02016129032258,0.0,0.0,0.2,0.0,0.6,0.2,0.0,0.0
Hinaplanon,2023,1,0,497.7,24.970967741935485,93.33198924731182,0.0,0.0,0.0,0.0,0.0,0.0,0.0,0.0
Hinaplanon,2023,2,0,303.5,25.260714285714283,91.73660714285714,0.0,0.0,0.0,0.0,0.0,0.0,0.0,0.0
Hinaplanon,2023,3,0,244.8,25.60967741935484,89.4260752688172,0.0,0.0,0.0,0.0,0.0,0.0,0.0,0.0
Hinaplanon,2023,4,0,135.4,26.83,85.39861111111111,0.0,0.0,0.0,0.0,0.0,0.0,0.0,0.0
Hinaplanon,2023,5,1,313.3,27.448387096774194,85.93548387096774,0.0,0.0,0.0,0.0,0.0,0.0,1.0,0.0
Hinaplanon,2023,6,6,419.9,27.026666666666664,87.42222222222222,0.0,0.0,0.0,0.16666666666666666,0.0,0.0,0.3333333333333333,0.5
Hinaplanon,2023,7,7,391.3,27.36774193548387,84.5524193548387,0.0,0.0,0.42857142857142855,0.0,0.14285714285714285,0.0,0.42857142857142855,0.0
Hinaplanon,2023,8,11,315.7,27.503225806451614,83.02822580645162,0.0,0.0,0.0,0.18181818181818182,0.09090909090909091,0.09090909090909091,0.45454545454545453,0.18181818181818182
Hinaplanon,2023,9,8,461.8,27.023333333333333,86.45694444444445,0.0,0.0,0.125,0.25,0.0,0.0,0.375,0.25
Hinaplanon,2023,10,12,219.7,26.990322580645163,85.48790322580645,0.0,0.0,0.08333333333333333,0.08333333333333333,0.0,0.0,0.6666666666666666,0.16666666666666666
Hinaplanon,2023,11,10,216.0,26.396666666666665,89.29027777777777,0.0,0.2,0.0,0.3,0.1,0.0,0.3,0.1
Hinaplanon,2023,12,8,183.6,26.219354838709677,89.28763440860214,0.0,0.125,0.0,0.125,0.0,0.0,0.375,0.375
Hinaplanon,2024,1,3,99.3,25.983870967741936,87.50940860215054,0.0,0.0,0.0,0.0,0.0,0.0,0.6666666666666666,0.3333333333333333
Hinaplanon,2024,2,9,78.0,25.886206896551727,85.03735632183908,0.0,0.1111111111111111,0.2222222222222222,0.1111111111111111,0.0,0.0,0.3333333333333333,0.2222222222222222
Hinaplanon,2024,3,7,48.7,26.693548387096776,80.3010752688172,0.14285714285714285,0.0,0.0,0.0,0.14285714285714285,0.0,0.14285714285714285,0.5714285714285714
Hinaplanon,2024,4,1,55.5,28.14333333333333,77.69722222222222,0.0,1.0,0.0,0.0,0.0,0.0,0.0,0.0
Hinaplanon,2024,5,2,111.1,28.719354838709677,78.03763440860214,0.0,0.0,0.0,0.0,0.0,0.0,0.5,0.5
Hinaplanon,2024,6,1,268.8,27.096666666666668,87.57638888888889,0.0,0.0,0.0,0.0,0.0,0.0,0.0,1.0
Hinaplanon,2024,7,9,424.40000000000003,26.993548387096773,87.25268817204301,0.1111111111111111,0.0,0.0,0.1111111111111111,0.0,0.0,0.4444444444444444,0.3333333333333333
Hinaplanon,2024,8,14,314.8,26.948387096774194,87.74327956989248,0.0,0.07142857142857142,0.07142857142857142,0.21428571428571427,0.0,0.07142857142857142,0.21428571428571427,0.35714285714285715
Hinaplanon,2024,9,18,292.3,27.523333333333333,84.44722222222222,0.05555555555555555,0.1111111111111111,0.0,0.1111111111111111,0.05555555555555555,0.0,0.2777777777777778,0.3888888888888889
Hinaplanon,2024,10,9,254.3,27.183870967741935,84.42069892473118,0.1111111111111111,0.1111111111111111,0.1111111111111111,0.1111111111111111,0.0,0.0,0.2222222222222222,0.3333333333333333
Hinaplanon,2024,11,5,124.8,27.42,82.27083333333333,0.0,0.0,0.0,0.0,0.0,0.0,0.4,0.6
Hinaplanon,2024,12,8,285.8,26.409677419354836,88.56182795698925,0.0,0.0,0.125,0.0,0.0,0.125,0.5,0.25
Hinaplanon,2025,1,12,117.9,26.15806451612903,87.52956989247312,0.0,0.08333333333333333,0.08333333333333333,0.25,0.08333333333333333,0.08333333333333333,0.25,0.16666666666666666
Hinaplanon,2025,2,5,92.8,26.214285714285715,85.29017857142857,0.0,0.0,0.0,0.4,0.4,0.0,0.2,0.0
Hinaplanon,2025,3,7,128.9,26.506451612903227,86.22043010752688,0.0,0.0,0.14285714285714285,0.0,0.14285714285714285,0.0,0.5714285714285714,0.14285714285714285
Hinaplanon,2025,4,2,69.5,27.613333333333333,79.75138888888888,0.0,0.0,0.0,0.0,0.0,0.0,1.0,0.0
Hinaplanon,2025,5,6,256.2,27.12258064516129,86.25403225806451,0.0,0.16666666666666666,0.0,0.3333333333333333,0.16666666666666666,0.16666666666666666,0.16666666666666666,0.0
Hinaplanon,2025,6,1,292.1,26.886666666666667,85.95972222222223,0.0,0.0,0.0,0.0,0.0,0.0,0.0,1.0
Hinaplanon,2025,7,6,168.4,27.96129032258065,78.06317204301075,0.0,0.16666666666666666,0.16666666666666666,0.16666666666666666,0.0,0.0,0.16666666666666666,0.3333333333333333
Hinaplanon,2025,8,1,436.8,26.593548387096774,86.0241935483871,0.0,0.0,0.0,0.0,0.0,1.0,0.0,0.0
Hinaplanon,2025,9,6,274.3,26.779999999999998,84.84583333333333,0.0,0.0,0.3333333333333333,0.0,0.16666666666666666,0.3333333333333333,0.0,0.16666666666666666
Hinaplanon,2025,10,3,345.5,26.606451612903225,86.78360215053763,0.0,0.0,0.0,0.0,0.0,0.0,1.0,0.0
Hinaplanon,2025,11,4,266.3,26.55666666666667,86.72083333333333,0.0,0.0,0.25,0.25,0.0,0.25,0.25,0.0
Hinaplanon,2025,12,1,171.9,26.322580645161292,87.89516129032258,0.0,0.0,0.0,0.0,0.0,0.0,0.0,1.0
Hinaplanon,2026,1,0,115.2,25.822580645161292,84.18682795698925,0.0,0.0,0.0,0.0,0.0,0.0,0.0,0.0
Hindang,2020,1,0,63.400000000000006,26.316129032258065,85.66397849462365,0.0,0.0,0.0,0.0,0.0,0.0,0.0,0.0
Hindang,2020,2,0,98.7,25.731034482758623,86.48994252873563,0.0,0.0,0.0,0.0,0.0,0.0,0.0,0.0
Hindang,2020,3,0,177.60000000000002,26.33225806451613,85.24462365591398,0.0,0.0,0.0,0.0,0.0,0.0,0.0,0.0
Hindang,2020,4,0,46.2,27.509999999999998,80.39166666666667,0.0,0.0,0.0,0.0,0.0,0.0,0.0,0.0
Hindang,2020,5,0,235.0,27.587096774193547,88.56048387096774,0.0,0.0,0.0,0.0,0.0,0.0,0.0,0.0
Hindang,2020,6,0,481.8,26.81,89.87361111111112,0.0,0.0,0.0,0.0,0.0,0.0,0.0,0.0
Hindang,2020,7,0,516.3,26.641935483870967,90.00940860215054,0.0,0.0,0.0,0.0,0.0,0.0,0.0,0.0
Hindang,2020,8,0,283.8,26.967741935483872,88.1975806451613,0.0,0.0,0.0,0.0,0.0,0.0,0.0,0.0
Hindang,2020,9,0,453.5,26.923333333333336,89.24722222222222,0.0,0.0,0.0,0.0,0.0,0.0,0.0,0.0
Hindang,2020,10,0,504.29999999999995,26.55806451612903,90.60215053763442,0.0,0.0,0.0,0.0,0.0,0.0,0.0,0.0
Hindang,2020,11,0,201.0,26.413333333333334,90.75972222222222,0.0,0.0,0.0,0.0,0.0,0.0,0.0,0.0
Hindang,2020,12,1,284.9,26.187096774193545,90.4986559139785,0.0,0.0,0.0,0.0,0.0,0.0,1.0,0.0
Hindang,2021,1,0,270.59999999999997,25.55806451612903,90.90591397849462,0.0,0.0,0.0,0.0,0.0,0.0,0.0,0.0
Hindang,2021,2,0,204.1,25.635714285714283,90.38392857142857,0.0,0.0,0.0,0.0,0.0,0.0,0.0,0.0
Hindang,2021,3,0,150.9,26.135483870967743,88.36559139784946,0.0,0.0,0.0,0.0,0.0,0.0,0.0,0.0
Hindang,2021,4,0,119.9,26.88,85.50694444444444,0.0,0.0,0.0,0.0,0.0,0.0,0.0,0.0
Hindang,2021,5,0,412.90000000000003,26.948387096774194,88.83870967741936,0.0,0.0,0.0,0.0,0.0,0.0,0.0,0.0
Hindang,2021,6,0,256.4,26.863333333333333,88.29583333333333,0.0,0.0,0.0,0.0,0.0,0.0,0.0,0.0
Hindang,2021,7,0,301.0,27.65806451612903,82.94086021505376,0.0,0.0,0.0,0.0,0.0,0.0,0.0,0.0
Hindang,2021,8,0,183.3,27.200000000000003,85.51344086021506,0.0,0.0,0.0,0.0,0.0,0.0,0.0,0.0
Hindang,2021,9,0,343.0,26.756666666666668,88.62916666666666,0.0,0.0,0.0,0.0,0.0,0.0,0.0,0.0
Hindang,2021,10,0,335.7,26.748387096774195,88.47983870967742,0.0,0.0,0.0,0.0,0.0,0.0,0.0,0.0
Hindang,2021,11,0,327.7,26.176666666666666,91.05416666666666,0.0,0.0,0.0,0.0,0.0,0.0,0.0,0.0
Hindang,2021,12,0,256.0,25.706451612903226,90.11290322580645,0.0,0.0,0.0,0.0,0.0,0.0,0.0,0.0
Hindang,2022,1,0,144.2,25.48709677419355,89.05510752688173,0.0,0.0,0.0,0.0,0.0,0.0,0.0,0.0
Hindang,2022,2,0,104.3,25.42142857142857,89.55059523809524,0.0,0.0,0.0,0.0,0.0,0.0,0.0,0.0
Hindang,2022,3,0,325.59999999999997,26.003225806451614,90.24596774193549,0.0,0.0,0.0,0.0,0.0,0.0,0.0,0.0
Hindang,2022,4,0,355.7,26.136666666666667,89.14166666666667,0.0,0.0,0.0,0.0,0.0,0.0,0.0,0.0
Hindang,2022,5,0,345.3,26.54516129032258,89.87768817204301,0.0,0.0,0.0,0.0,0.0,0.0,0.0,0.0
Hindang,2022,6,0,307.4,26.62,88.13888888888889,0.0,0.0,0.0,0.0,0.0,0.0,0.0,0.0
Hindang,2022,7,1,572.2,26.596774193548388,89.55510752688173,0.0,0.0,0.0,0.0,0.0,0.0,1.0,0.0
Hindang,2022,8,0,361.40000000000003,26.490322580645163,88.38306451612904,0.0,0.0,0.0,0.0,0.0,0.0,0.0,0.0
Hindang,2022,9,0,348.6,26.970000000000002,86.91805555555555,0.0,0.0,0.0,0.0,0.0,0.0,0.0,0.0
Hindang,2022,10,0,313.0,26.65806451612903,88.96774193548387,0.0,0.0,0.0,0.0,0.0,0.0,0.0,0.0
Hindang,2022,11,0,289.6,26.186666666666667,90.38888888888889,0.0,0.0,0.0,0.0,0.0,0.0,0.0,0.0
Hindang,2022,12,0,302.3,25.69677419354839,91.02016129032258,0.0,0.0,0.0,0.0,0.0,0.0,0.0,0.0
Hindang,2023,1,0,497.7,24.970967741935485,93.33198924731182,0.0,0.0,0.0,0.0,0.0,0.0,0.0,0.0
Hindang,2023,2,0,303.5,25.260714285714283,91.73660714285714,0.0,0.0,0.0,0.0,0.0,0.0,0.0,0.0
Hindang,2023,3,0,244.8,25.60967741935484,89.4260752688172,0.0,0.0,0.0,0.0,0.0,0.0,0.0,0.0
Hindang,2023,4,0,135.4,26.83,85.39861111111111,0.0,0.0,0.0,0.0,0.0,0.0,0.0,0.0
Hindang,2023,5,1,313.3,27.448387096774194,85.93548387096774,0.0,0.0,0.0,0.0,0.0,0.0,1.0,0.0
Hindang,2023,6,2,419.9,27.026666666666664,87.42222222222222,0.0,0.0,0.5,0.0,0.0,0.0,0.5,0.0
Hindang,2023,7,0,391.3,27.36774193548387,84.5524193548387,0.0,0.0,0.0,0.0,0.0,0.0,0.0,0.0
Hindang,2023,8,0,315.7,27.503225806451614,83.02822580645162,0.0,0.0,0.0,0.0,0.0,0.0,0.0,0.0
Hindang,2023,9,0,461.8,27.023333333333333,86.45694444444445,0.0,0.0,0.0,0.0,0.0,0.0,0.0,0.0
Hindang,2023,10,0,219.7,26.990322580645163,85.48790322580645,0.0,0.0,0.0,0.0,0.0,0.0,0.0,0.0
Hindang,2023,11,0,216.0,26.396666666666665,89.29027777777777,0.0,0.0,0.0,0.0,0.0,0.0,0.0,0.0
Hindang,2023,12,0,183.6,26.219354838709677,89.28763440860214,0.0,0.0,0.0,0.0,0.0,0.0,0.0,0.0
Hindang,2024,1,1,99.3,25.983870967741936,87.50940860215054,0.0,0.0,0.0,0.0,0.0,0.0,0.0,1.0
Hindang,2024,2,0,78.0,25.886206896551727,85.03735632183908,0.0,0.0,0.0,0.0,0.0,0.0,0.0,0.0
Hindang,2024,3,0,48.7,26.693548387096776,80.3010752688172,0.0,0.0,0.0,0.0,0.0,0.0,0.0,0.0
Hindang,2024,4,0,55.5,28.14333333333333,77.69722222222222,0.0,0.0,0.0,0.0,0.0,0.0,0.0,0.0
Hindang,2024,5,0,111.1,28.719354838709677,78.03763440860214,0.0,0.0,0.0,0.0,0.0,0.0,0.0,0.0
Hindang,2024,6,1,268.8,27.096666666666668,87.57638888888889,0.0,0.0,0.0,0.0,0.0,0.0,0.0,1.0
Hindang,2024,7,0,424.40000000000003,26.993548387096773,87.25268817204301,0.0,0.0,0.0,0.0,0.0,0.0,0.0,0.0
Hindang,2024,8,0,314.8,26.948387096774194,87.74327956989248,0.0,0.0,0.0,0.0,0.0,0.0,0.0,0.0
Hindang,2024,9,0,292.3,27.523333333333333,84.44722222222222,0.0,0.0,0.0,0.0,0.0,0.0,0.0,0.0
Hindang,2024,10,0,254.3,27.183870967741935,84.42069892473118,0.0,0.0,0.0,0.0,0.0,0.0,0.0,0.0
Hindang,2024,11,0,124.8,27.42,82.27083333333333,0.0,0.0,0.0,0.0,0.0,0.0,0.0,0.0
Hindang,2024,12,0,285.8,26.409677419354836,88.56182795698925,0.0,0.0,0.0,0.0,0.0,0.0,0.0,0.0
Hindang,2025,1,0,117.9,26.15806451612903,87.52956989247312,0.0,0.0,0.0,0.0,0.0,0.0,0.0,0.0
Hindang,2025,2,0,92.8,26.214285714285715,85.29017857142857,0.0,0.0,0.0,0.0,0.0,0.0,0.0,0.0
Hindang,2025,3,0,128.9,26.506451612903227,86.22043010752688,0.0,0.0,0.0,0.0,0.0,0.0,0.0,0.0
Hindang,2025,4,0,69.5,27.613333333333333,79.75138888888888,0.0,0.0,0.0,0.0,0.0,0.0,0.0,0.0
Hindang,2025,5,0,256.2,27.12258064516129,86.25403225806451,0.0,0.0,0.0,0.0,0.0,0.0,0.0,0.0
Hindang,2025,6,0,292.1,26.886666666666667,85.95972222222223,0.0,0.0,0.0,0.0,0.0,0.0,0.0,0.0
Hindang,2025,7,0,168.4,27.96129032258065,78.06317204301075,0.0,0.0,0.0,0.0,0.0,0.0,0.0,0.0
Hindang,2025,8,0,436.8,26.593548387096774,86.0241935483871,0.0,0.0,0.0,0.0,0.0,0.0,0.0,0.0
Hindang,2025,9,0,274.3,26.779999999999998,84.84583333333333,0.0,0.0,0.0,0.0,0.0,0.0,0.0,0.0
Hindang,2025,10,1,345.5,26.606451612903225,86.78360215053763,0.0,0.0,0.0,0.0,0.0,0.0,1.0,0.0
Hindang,2025,11,0,266.3,26.55666666666667,86.72083333333333,0.0,0.0,0.0,0.0,0.0,0.0,0.0,0.0
Hindang,2025,12,0,171.9,26.322580645161292,87.89516129032258,0.0,0.0,0.0,0.0,0.0,0.0,0.0,0.0
Hindang,2026,1,0,115.2,25.822580645161292,84.18682795698925,0.0,0.0,0.0,0.0,0.0,0.0,0.0,0.0
Kabacsanan,2020,1,0,63.400000000000006,26.316129032258065,85.66397849462365,0.0,0.0,0.0,0.0,0.0,0.0,0.0,0.0
Kabacsanan,2020,2,0,98.7,25.731034482758623,86.48994252873563,0.0,0.0,0.0,0.0,0.0,0.0,0.0,0.0
Kabacsanan,2020,3,0,177.60000000000002,26.33225806451613,85.24462365591398,0.0,0.0,0.0,0.0,0.0,0.0,0.0,0.0
Kabacsanan,2020,4,0,46.2,27.509999999999998,80.39166666666667,0.0,0.0,0.0,0.0,0.0,0.0,0.0,0.0
Kabacsanan,2020,5,0,235.0,27.587096774193547,88.56048387096774,0.0,0.0,0.0,0.0,0.0,0.0,0.0,0.0
Kabacsanan,2020,6,0,481.8,26.81,89.87361111111112,0.0,0.0,0.0,0.0,0.0,0.0,0.0,0.0
Kabacsanan,2020,7,0,516.3,26.641935483870967,90.00940860215054,0.0,0.0,0.0,0.0,0.0,0.0,0.0,0.0
Kabacsanan,2020,8,0,283.8,26.967741935483872,88.1975806451613,0.0,0.0,0.0,0.0,0.0,0.0,0.0,0.0
Kabacsanan,2020,9,0,453.5,26.923333333333336,89.24722222222222,0.0,0.0,0.0,0.0,0.0,0.0,0.0,0.0
Kabacsanan,2020,10,0,504.29999999999995,26.55806451612903,90.60215053763442,0.0,0.0,0.0,0.0,0.0,0.0,0.0,0.0
Kabacsanan,2020,11,0,201.0,26.413333333333334,90.75972222222222,0.0,0.0,0.0,0.0,0.0,0.0,0.0,0.0
Kabacsanan,2020,12,1,284.9,26.187096774193545,90.4986559139785,0.0,0.0,0.0,0.0,0.0,0.0,0.0,1.0
Kabacsanan,2021,1,0,270.59999999999997,25.55806451612903,90.90591397849462,0.0,0.0,0.0,0.0,0.0,0.0,0.0,0.0
Kabacsanan,2021,2,0,204.1,25.635714285714283,90.38392857142857,0.0,0.0,0.0,0.0,0.0,0.0,0.0,0.0
Kabacsanan,2021,3,0,150.9,26.135483870967743,88.36559139784946,0.0,0.0,0.0,0.0,0.0,0.0,0.0,0.0
Kabacsanan,2021,4,0,119.9,26.88,85.50694444444444,0.0,0.0,0.0,0.0,0.0,0.0,0.0,0.0
Kabacsanan,2021,5,0,412.90000000000003,26.948387096774194,88.83870967741936,0.0,0.0,0.0,0.0,0.0,0.0,0.0,0.0
Kabacsanan,2021,6,0,256.4,26.863333333333333,88.29583333333333,0.0,0.0,0.0,0.0,0.0,0.0,0.0,0.0
Kabacsanan,2021,7,0,301.0,27.65806451612903,82.94086021505376,0.0,0.0,0.0,0.0,0.0,0.0,0.0,0.0
Kabacsanan,2021,8,1,183.3,27.200000000000003,85.51344086021506,0.0,0.0,0.0,0.0,0.0,1.0,0.0,0.0
Kabacsanan,2021,9,1,343.0,26.756666666666668,88.62916666666666,0.0,1.0,0.0,0.0,0.0,0.0,0.0,0.0
Kabacsanan,2021,10,0,335.7,26.748387096774195,88.47983870967742,0.0,0.0,0.0,0.0,0.0,0.0,0.0,0.0
Kabacsanan,2021,11,0,327.7,26.176666666666666,91.05416666666666,0.0,0.0,0.0,0.0,0.0,0.0,0.0,0.0
Kabacsanan,2021,12,0,256.0,25.706451612903226,90.11290322580645,0.0,0.0,0.0,0.0,0.0,0.0,0.0,0.0
Kabacsanan,2022,1,1,144.2,25.48709677419355,89.05510752688173,0.0,0.0,0.0,0.0,0.0,0.0,0.0,1.0
Kabacsanan,2022,2,0,104.3,25.42142857142857,89.55059523809524,0.0,0.0,0.0,0.0,0.0,0.0,0.0,0.0
Kabacsanan,2022,3,0,325.59999999999997,26.003225806451614,90.24596774193549,0.0,0.0,0.0,0.0,0.0,0.0,0.0,0.0
Kabacsanan,2022,4,0,355.7,26.136666666666667,89.14166666666667,0.0,0.0,0.0,0.0,0.0,0.0,0.0,0.0
Kabacsanan,2022,5,0,345.3,26.54516129032258,89.87768817204301,0.0,0.0,0.0,0.0,0.0,0.0,0.0,0.0
Kabacsanan,2022,6,1,307.4,26.62,88.13888888888889,0.0,1.0,0.0,0.0,0.0,0.0,0.0,0.0
Kabacsanan,2022,7,1,572.2,26.596774193548388,89.55510752688173,0.0,0.0,0.0,0.0,1.0,0.0,0.0,0.0
Kabacsanan,2022,8,0,361.40000000000003,26.490322580645163,88.38306451612904,0.0,0.0,0.0,0.0,0.0,0.0,0.0,0.0
Kabacsanan,2022,9,0,348.6,26.970000000000002,86.91805555555555,0.0,0.0,0.0,0.0,0.0,0.0,0.0,0.0
Kabacsanan,2022,10,0,313.0,26.65806451612903,88.96774193548387,0.0,0.0,0.0,0.0,0.0,0.0,0.0,0.0
Kabacsanan,2022,11,0,289.6,26.186666666666667,90.38888888888889,0.0,0.0,0.0,0.0,0.0,0.0,0.0,0.0
Kabacsanan,2022,12,0,302.3,25.69677419354839,91.02016129032258,0.0,0.0,0.0,0.0,0.0,0.0,0.0,0.0
Kabacsanan,2023,1,0,497.7,24.970967741935485,93.33198924731182,0.0,0.0,0.0,0.0,0.0,0.0,0.0,0.0
Kabacsanan,2023,2,0,303.5,25.260714285714283,91.73660714285714,0.0,0.0,0.0,0.0,0.0,0.0,0.0,0.0
Kabacsanan,2023,3,0,244.8,25.60967741935484,89.4260752688172,0.0,0.0,0.0,0.0,0.0,0.0,0.0,0.0
Kabacsanan,2023,4,0,135.4,26.83,85.39861111111111,0.0,0.0,0.0,0.0,0.0,0.0,0.0,0.0
Kabacsanan,2023,5,0,313.3,27.448387096774194,85.93548387096774,0.0,0.0,0.0,0.0,0.0,0.0,0.0,0.0
Kabacsanan,2023,6,0,419.9,27.026666666666664,87.42222222222222,0.0,0.0,0.0,0.0,0.0,0.0,0.0,0.0
Kabacsanan,2023,7,0,391.3,27.36774193548387,84.5524193548387,0.0,0.0,0.0,0.0,0.0,0.0,0.0,0.0
Kabacsanan,2023,8,1,315.7,27.503225806451614,83.02822580645162,0.0,0.0,0.0,0.0,0.0,0.0,0.0,1.0
Kabacsanan,2023,9,1,461.8,27.023333333333333,86.45694444444445,0.0,0.0,0.0,0.0,0.0,0.0,1.0,0.0
Kabacsanan,2023,10,0,219.7,26.990322580645163,85.48790322580645,0.0,0.0,0.0,0.0,0.0,0.0,0.0,0.0
Kabacsanan,2023,11,0,216.0,26.396666666666665,89.29027777777777,0.0,0.0,0.0,0.0,0.0,0.0,0.0,0.0
Kabacsanan,2023,12,0,183.6,26.219354838709677,89.28763440860214,0.0,0.0,0.0,0.0,0.0,0.0,0.0,0.0
Kabacsanan,2024,1,1,99.3,25.983870967741936,87.50940860215054,0.0,0.0,0.0,0.0,0.0,0.0,1.0,0.0
Kabacsanan,2024,2,1,78.0,25.886206896551727,85.03735632183908,0.0,1.0,0.0,0.0,0.0,0.0,0.0,0.0
Kabacsanan,2024,3,0,48.7,26.693548387096776,80.3010752688172,0.0,0.0,0.0,0.0,0.0,0.0,0.0,0.0
Kabacsanan,2024,4,0,55.5,28.14333333333333,77.69722222222222,0.0,0.0,0.0,0.0,0.0,0.0,0.0,0.0
Kabacsanan,2024,5,0,111.1,28.719354838709677,78.03763440860214,0.0,0.0,0.0,0.0,0.0,0.0,0.0,0.0
Kabacsanan,2024,6,0,268.8,27.096666666666668,87.57638888888889,0.0,0.0,0.0,0.0,0.0,0.0,0.0,0.0
Kabacsanan,2024,7,0,424.40000000000003,26.993548387096773,87.25268817204301,0.0,0.0,0.0,0.0,0.0,0.0,0.0,0.0
Kabacsanan,2024,8,0,314.8,26.948387096774194,87.74327956989248,0.0,0.0,0.0,0.0,0.0,0.0,0.0,0.0
Kabacsanan,2024,9,0,292.3,27.523333333333333,84.44722222222222,0.0,0.0,0.0,0.0,0.0,0.0,0.0,0.0
Kabacsanan,2024,10,0,254.3,27.183870967741935,84.42069892473118,0.0,0.0,0.0,0.0,0.0,0.0,0.0,0.0
Kabacsanan,2024,11,0,124.8,27.42,82.27083333333333,0.0,0.0,0.0,0.0,0.0,0.0,0.0,0.0
Kabacsanan,2024,12,0,285.8,26.409677419354836,88.56182795698925,0.0,0.0,0.0,0.0,0.0,0.0,0.0,0.0
Kabacsanan,2025,1,1,117.9,26.15806451612903,87.52956989247312,0.0,1.0,0.0,0.0,0.0,0.0,0.0,0.0
Kabacsanan,2025,2,0,92.8,26.214285714285715,85.29017857142857,0.0,0.0,0.0,0.0,0.0,0.0,0.0,0.0
Kabacsanan,2025,3,0,128.9,26.506451612903227,86.22043010752688,0.0,0.0,0.0,0.0,0.0,0.0,0.0,0.0
Kabacsanan,2025,4,0,69.5,27.613333333333333,79.75138888888888,0.0,0.0,0.0,0.0,0.0,0.0,0.0,0.0
Kabacsanan,2025,5,0,256.2,27.12258064516129,86.25403225806451,0.0,0.0,0.0,0.0,0.0,0.0,0.0,0.0
Kabacsanan,2025,6,2,292.1,26.886666666666667,85.95972222222223,0.0,0.0,0.0,0.0,0.0,0.0,0.0,1.0
Kabacsanan,2025,7,0,168.4,27.96129032258065,78.06317204301075,0.0,0.0,0.0,0.0,0.0,0.0,0.0,0.0
Kabacsanan,2025,8,0,436.8,26.593548387096774,86.0241935483871,0.0,0.0,0.0,0.0,0.0,0.0,0.0,0.0
Kabacsanan,2025,9,1,274.3,26.779999999999998,84.84583333333333,0.0,0.0,0.0,0.0,1.0,0.0,0.0,0.0
Kabacsanan,2025,10,0,345.5,26.606451612903225,86.78360215053763,0.0,0.0,0.0,0.0,0.0,0.0,0.0,0.0
Kabacsanan,2025,11,0,266.3,26.55666666666667,86.72083333333333,0.0,0.0,0.0,0.0,0.0,0.0,0.0,0.0
Kabacsanan,2025,12,0,171.9,26.322580645161292,87.89516129032258,0.0,0.0,0.0,0.0,0.0,0.0,0.0,0.0
Kabacsanan,2026,1,0,115.2,25.822580645161292,84.18682795698925,0.0,0.0,0.0,0.0,0.0,0.0,0.0,0.0
Kalilangan,2020,1,0,63.400000000000006,26.316129032258065,85.66397849462365,0.0,0.0,0.0,0.0,0.0,0.0,0.0,0.0
Kalilangan,2020,2,0,98.7,25.731034482758623,86.48994252873563,0.0,0.0,0.0,0.0,0.0,0.0,0.0,0.0
Kalilangan,2020,3,0,177.60000000000002,26.33225806451613,85.24462365591398,0.0,0.0,0.0,0.0,0.0,0.0,0.0,0.0
Kalilangan,2020,4,0,46.2,27.509999999999998,80.39166666666667,0.0,0.0,0.0,0.0,0.0,0.0,0.0,0.0
Kalilangan,2020,5,0,235.0,27.587096774193547,88.56048387096774,0.0,0.0,0.0,0.0,0.0,0.0,0.0,0.0
Kalilangan,2020,6,0,481.8,26.81,89.87361111111112,0.0,0.0,0.0,0.0,0.0,0.0,0.0,0.0
Kalilangan,2020,7,0,516.3,26.641935483870967,90.00940860215054,0.0,0.0,0.0,0.0,0.0,0.0,0.0,0.0
Kalilangan,2020,8,0,283.8,26.967741935483872,88.1975806451613,0.0,0.0,0.0,0.0,0.0,0.0,0.0,0.0
Kalilangan,2020,9,0,453.5,26.923333333333336,89.24722222222222,0.0,0.0,0.0,0.0,0.0,0.0,0.0,0.0
Kalilangan,2020,10,0,504.29999999999995,26.55806451612903,90.60215053763442,0.0,0.0,0.0,0.0,0.0,0.0,0.0,0.0
Kalilangan,2020,11,0,201.0,26.413333333333334,90.75972222222222,0.0,0.0,0.0,0.0,0.0,0.0,0.0,0.0
Kalilangan,2020,12,0,284.9,26.187096774193545,90.4986559139785,0.0,0.0,0.0,0.0,0.0,0.0,0.0,0.0
Kalilangan,2021,1,0,270.59999999999997,25.55806451612903,90.90591397849462,0.0,0.0,0.0,0.0,0.0,0.0,0.0,0.0
Kalilangan,2021,2,1,204.1,25.635714285714283,90.38392857142857,0.0,0.0,0.0,0.0,0.0,0.0,1.0,0.0
Kalilangan,2021,3,0,150.9,26.135483870967743,88.36559139784946,0.0,0.0,0.0,0.0,0.0,0.0,0.0,0.0
Kalilangan,2021,4,0,119.9,26.88,85.50694444444444,0.0,0.0,0.0,0.0,0.0,0.0,0.0,0.0
Kalilangan,2021,5,0,412.90000000000003,26.948387096774194,88.83870967741936,0.0,0.0,0.0,0.0,0.0,0.0,0.0,0.0
Kalilangan,2021,6,0,256.4,26.863333333333333,88.29583333333333,0.0,0.0,0.0,0.0,0.0,0.0,0.0,0.0
Kalilangan,2021,7,0,301.0,27.65806451612903,82.94086021505376,0.0,0.0,0.0,0.0,0.0,0.0,0.0,0.0
Kalilangan,2021,8,0,183.3,27.200000000000003,85.51344086021506,0.0,0.0,0.0,0.0,0.0,0.0,0.0,0.0
Kalilangan,2021,9,0,343.0,26.756666666666668,88.62916666666666,0.0,0.0,0.0,0.0,0.0,0.0,0.0,0.0
Kalilangan,2021,10,0,335.7,26.748387096774195,88.47983870967742,0.0,0.0,0.0,0.0,0.0,0.0,0.0,0.0
Kalilangan,2021,11,0,327.7,26.176666666666666,91.05416666666666,0.0,0.0,0.0,0.0,0.0,0.0,0.0,0.0
Kalilangan,2021,12,0,256.0,25.706451612903226,90.11290322580645,0.0,0.0,0.0,0.0,0.0,0.0,0.0,0.0
Kalilangan,2022,1,0,144.2,25.48709677419355,89.05510752688173,0.0,0.0,0.0,0.0,0.0,0.0,0.0,0.0
Kalilangan,2022,2,0,104.3,25.42142857142857,89.55059523809524,0.0,0.0,0.0,0.0,0.0,0.0,0.0,0.0
Kalilangan,2022,3,0,325.59999999999997,26.003225806451614,90.24596774193549,0.0,0.0,0.0,0.0,0.0,0.0,0.0,0.0
Kalilangan,2022,4,0,355.7,26.136666666666667,89.14166666666667,0.0,0.0,0.0,0.0,0.0,0.0,0.0,0.0
Kalilangan,2022,5,0,345.3,26.54516129032258,89.87768817204301,0.0,0.0,0.0,0.0,0.0,0.0,0.0,0.0
Kalilangan,2022,6,0,307.4,26.62,88.13888888888889,0.0,0.0,0.0,0.0,0.0,0.0,0.0,0.0
Kalilangan,2022,7,0,572.2,26.596774193548388,89.55510752688173,0.0,0.0,0.0,0.0,0.0,0.0,0.0,0.0
Kalilangan,2022,8,0,361.40000000000003,26.490322580645163,88.38306451612904,0.0,0.0,0.0,0.0,0.0,0.0,0.0,0.0
Kalilangan,2022,9,0,348.6,26.970000000000002,86.91805555555555,0.0,0.0,0.0,0.0,0.0,0.0,0.0,0.0
Kalilangan,2022,10,0,313.0,26.65806451612903,88.96774193548387,0.0,0.0,0.0,0.0,0.0,0.0,0.0,0.0
Kalilangan,2022,11,0,289.6,26.186666666666667,90.38888888888889,0.0,0.0,0.0,0.0,0.0,0.0,0.0,0.0
Kalilangan,2022,12,0,302.3,25.69677419354839,91.02016129032258,0.0,0.0,0.0,0.0,0.0,0.0,0.0,0.0
Kalilangan,2023,1,0,497.7,24.970967741935485,93.33198924731182,0.0,0.0,0.0,0.0,0.0,0.0,0.0,0.0
Kalilangan,2023,2,0,303.5,25.260714285714283,91.73660714285714,0.0,0.0,0.0,0.0,0.0,0.0,0.0,0.0
Kalilangan,2023,3,0,244.8,25.60967741935484,89.4260752688172,0.0,0.0,0.0,0.0,0.0,0.0,0.0,0.0
Kalilangan,2023,4,0,135.4,26.83,85.39861111111111,0.0,0.0,0.0,0.0,0.0,0.0,0.0,0.0
Kalilangan,2023,5,0,313.3,27.448387096774194,85.93548387096774,0.0,0.0,0.0,0.0,0.0,0.0,0.0,0.0
Kalilangan,2023,6,0,419.9,27.026666666666664,87.42222222222222,0.0,0.0,0.0,0.0,0.0,0.0,0.0,0.0
Kalilangan,2023,7,0,391.3,27.36774193548387,84.5524193548387,0.0,0.0,0.0,0.0,0.0,0.0,0.0,0.0
Kalilangan,2023,8,0,315.7,27.503225806451614,83.02822580645162,0.0,0.0,0.0,0.0,0.0,0.0,0.0,0.0
Kalilangan,2023,9,0,461.8,27.023333333333333,86.45694444444445,0.0,0.0,0.0,0.0,0.0,0.0,0.0,0.0
Kalilangan,2023,10,0,219.7,26.990322580645163,85.48790322580645,0.0,0.0,0.0,0.0,0.0,0.0,0.0,0.0
Kalilangan,2023,11,2,216.0,26.396666666666665,89.29027777777777,0.0,0.0,0.5,0.0,0.0,0.0,0.0,0.5
Kalilangan,2023,12,0,183.6,26.219354838709677,89.28763440860214,0.0,0.0,0.0,0.0,0.0,0.0,0.0,0.0
Kalilangan,2024,1,0,99.3,25.983870967741936,87.50940860215054,0.0,0.0,0.0,0.0,0.0,0.0,0.0,0.0
Kalilangan,2024,2,0,78.0,25.886206896551727,85.03735632183908,0.0,0.0,0.0,0.0,0.0,0.0,0.0,0.0
Kalilangan,2024,3,0,48.7,26.693548387096776,80.3010752688172,0.0,0.0,0.0,0.0,0.0,0.0,0.0,0.0
Kalilangan,2024,4,0,55.5,28.14333333333333,77.69722222222222,0.0,0.0,0.0,0.0,0.0,0.0,0.0,0.0
Kalilangan,2024,5,0,111.1,28.719354838709677,78.03763440860214,0.0,0.0,0.0,0.0,0.0,0.0,0.0,0.0
Kalilangan,2024,6,1,268.8,27.096666666666668,87.57638888888889,0.0,1.0,0.0,0.0,0.0,0.0,0.0,0.0
Kalilangan,2024,7,1,424.40000000000003,26.993548387096773,87.25268817204301,0.0,0.0,0.0,0.0,0.0,0.0,1.0,0.0
Kalilangan,2024,8,0,314.8,26.948387096774194,87.74327956989248,0.0,0.0,0.0,0.0,0.0,0.0,0.0,0.0
Kalilangan,2024,9,0,292.3,27.523333333333333,84.44722222222222,0.0,0.0,0.0,0.0,0.0,0.0,0.0,0.0
Kalilangan,2024,10,0,254.3,27.183870967741935,84.42069892473118,0.0,0.0,0.0,0.0,0.0,0.0,0.0,0.0
Kalilangan,2024,11,0,124.8,27.42,82.27083333333333,0.0,0.0,0.0,0.0,0.0,0.0,0.0,0.0
Kalilangan,2024,12,0,285.8,26.409677419354836,88.56182795698925,0.0,0.0,0.0,0.0,0.0,0.0,0.0,0.0
Kalilangan,2025,1,0,117.9,26.15806451612903,87.52956989247312,0.0,0.0,0.0,0.0,0.0,0.0,0.0,0.0
Kalilangan,2025,2,0,92.8,26.214285714285715,85.29017857142857,0.0,0.0,0.0,0.0,0.0,0.0,0.0,0.0
Kalilangan,2025,3,0,128.9,26.506451612903227,86.22043010752688,0.0,0.0,0.0,0.0,0.0,0.0,0.0,0.0
Kalilangan,2025,4,0,69.5,27.613333333333333,79.75138888888888,0.0,0.0,0.0,0.0,0.0,0.0,0.0,0.0
Kalilangan,2025,5,0,256.2,27.12258064516129,86.25403225806451,0.0,0.0,0.0,0.0,0.0,0.0,0.0,0.0
Kalilangan,2025,6,0,292.1,26.886666666666667,85.95972222222223,0.0,0.0,0.0,0.0,0.0,0.0,0.0,0.0
Kalilangan,2025,7,0,168.4,27.96129032258065,78.06317204301075,0.0,0.0,0.0,0.0,0.0,0.0,0.0,0.0
Kalilangan,2025,8,0,436.8,26.593548387096774,86.0241935483871,0.0,0.0,0.0,0.0,0.0,0.0,0.0,0.0
Kalilangan,2025,9,0,274.3,26.779999999999998,84.84583333333333,0.0,0.0,0.0,0.0,0.0,0.0,0.0,0.0
Kalilangan,2025,10,0,345.5,26.606451612903225,86.78360215053763,0.0,0.0,0.0,0.0,0.0,0.0,0.0,0.0
Kalilangan,2025,11,0,266.3,26.55666666666667,86.72083333333333,0.0,0.0,0.0,0.0,0.0,0.0,0.0,0.0
Kalilangan,2025,12,0,171.9,26.322580645161292,87.89516129032258,0.0,0.0,0.0,0.0,0.0,0.0,0.0,0.0
Kalilangan,2026,1,0,115.2,25.822580645161292,84.18682795698925,0.0,0.0,0.0,0.0,0.0,0.0,0.0,0.0
Kiwalan,2020,1,0,63.400000000000006,26.316129032258065,85.66397849462365,0.0,0.0,0.0,0.0,0.0,0.0,0.0,0.0
Kiwalan,2020,2,1,98.7,25.731034482758623,86.48994252873563,0.0,0.0,0.0,0.0,0.0,0.0,1.0,0.0
Kiwalan,2020,3,0,177.60000000000002,26.33225806451613,85.24462365591398,0.0,0.0,0.0,0.0,0.0,0.0,0.0,0.0
Kiwalan,2020,4,1,46.2,27.509999999999998,80.39166666666667,0.0,0.0,0.0,0.0,1.0,0.0,0.0,0.0
Kiwalan,2020,5,0,235.0,27.587096774193547,88.56048387096774,0.0,0.0,0.0,0.0,0.0,0.0,0.0,0.0
Kiwalan,2020,6,0,481.8,26.81,89.87361111111112,0.0,0.0,0.0,0.0,0.0,0.0,0.0,0.0
Kiwalan,2020,7,1,516.3,26.641935483870967,90.00940860215054,0.0,0.0,0.0,1.0,0.0,0.0,0.0,0.0
Kiwalan,2020,8,0,283.8,26.967741935483872,88.1975806451613,0.0,0.0,0.0,0.0,0.0,0.0,0.0,0.0
Kiwalan,2020,9,0,453.5,26.923333333333336,89.24722222222222,0.0,0.0,0.0,0.0,0.0,0.0,0.0,0.0
Kiwalan,2020,10,0,504.29999999999995,26.55806451612903,90.60215053763442,0.0,0.0,0.0,0.0,0.0,0.0,0.0,0.0
Kiwalan,2020,11,0,201.0,26.413333333333334,90.75972222222222,0.0,0.0,0.0,0.0,0.0,0.0,0.0,0.0
Kiwalan,2020,12,0,284.9,26.187096774193545,90.4986559139785,0.0,0.0,0.0,0.0,0.0,0.0,0.0,0.0
Kiwalan,2021,1,0,270.59999999999997,25.55806451612903,90.90591397849462,0.0,0.0,0.0,0.0,0.0,0.0,0.0,0.0
Kiwalan,2021,2,1,204.1,25.635714285714283,90.38392857142857,0.0,0.0,0.0,1.0,0.0,0.0,0.0,0.0
Kiwalan,2021,3,1,150.9,26.135483870967743,88.36559139784946,0.0,0.0,0.0,0.0,0.0,0.0,1.0,0.0
Kiwalan,2021,4,0,119.9,26.88,85.50694444444444,0.0,0.0,0.0,0.0,0.0,0.0,0.0,0.0
Kiwalan,2021,5,1,412.90000000000003,26.948387096774194,88.83870967741936,0.0,0.0,0.0,0.0,0.0,0.0,1.0,0.0
Kiwalan,2021,6,2,256.4,26.863333333333333,88.29583333333333,0.0,0.0,0.0,0.0,0.5,0.0,0.0,0.5
Kiwalan,2021,7,1,301.0,27.65806451612903,82.94086021505376,0.0,0.0,0.0,0.0,0.0,0.0,1.0,0.0
Kiwalan,2021,8,2,183.3,27.200000000000003,85.51344086021506,0.0,0.5,0.0,0.0,0.0,0.0,0.5,0.0
Kiwalan,2021,9,1,343.0,26.756666666666668,88.62916666666666,0.0,0.0,0.0,0.0,1.0,0.0,0.0,0.0
Kiwalan,2021,10,0,335.7,26.748387096774195,88.47983870967742,0.0,0.0,0.0,0.0,0.0,0.0,0.0,0.0
Kiwalan,2021,11,0,327.7,26.176666666666666,91.05416666666666,0.0,0.0,0.0,0.0,0.0,0.0,0.0,0.0
Kiwalan,2021,12,1,256.0,25.706451612903226,90.11290322580645,0.0,0.0,0.0,0.0,1.0,0.0,0.0,0.0
Kiwalan,2022,1,0,144.2,25.48709677419355,89.05510752688173,0.0,0.0,0.0,0.0,0.0,0.0,0.0,0.0
Kiwalan,2022,2,0,104.3,25.42142857142857,89.55059523809524,0.0,0.0,0.0,0.0,0.0,0.0,0.0,0.0
Kiwalan,2022,3,0,325.59999999999997,26.003225806451614,90.24596774193549,0.0,0.0,0.0,0.0,0.0,0.0,0.0,0.0
Kiwalan,2022,4,1,355.7,26.136666666666667,89.14166666666667,0.0,0.0,0.0,1.0,0.0,0.0,0.0,0.0
Kiwalan,2022,5,1,345.3,26.54516129032258,89.87768817204301,0.0,0.0,0.0,0.0,0.0,0.0,0.0,1.0
Kiwalan,2022,6,0,307.4,26.62,88.13888888888889,0.0,0.0,0.0,0.0,0.0,0.0,0.0,0.0
Kiwalan,2022,7,1,572.2,26.596774193548388,89.55510752688173,0.0,0.0,0.0,0.0,0.0,0.0,1.0,0.0
Kiwalan,2022,8,1,361.40000000000003,26.490322580645163,88.38306451612904,0.0,0.0,0.0,0.0,0.0,0.0,1.0,0.0
Kiwalan,2022,9,3,348.6,26.970000000000002,86.91805555555555,0.0,0.0,0.0,0.0,0.0,0.0,0.6666666666666666,0.3333333333333333
Kiwalan,2022,10,1,313.0,26.65806451612903,88.96774193548387,0.0,0.0,0.0,1.0,0.0,0.0,0.0,0.0
Kiwalan,2022,11,2,289.6,26.186666666666667,90.38888888888889,0.0,0.0,0.0,0.0,0.0,0.5,0.5,0.0
Kiwalan,2022,12,2,302.3,25.69677419354839,91.02016129032258,0.5,0.0,0.0,0.0,0.0,0.0,0.5,0.0
Kiwalan,2023,1,0,497.7,24.970967741935485,93.33198924731182,0.0,0.0,0.0,0.0,0.0,0.0,0.0,0.0
Kiwalan,2023,2,0,303.5,25.260714285714283,91.73660714285714,0.0,0.0,0.0,0.0,0.0,0.0,0.0,0.0
Kiwalan,2023,3,1,244.8,25.60967741935484,89.4260752688172,0.0,0.0,0.0,0.0,0.0,0.0,1.0,0.0
Kiwalan,2023,4,0,135.4,26.83,85.39861111111111,0.0,0.0,0.0,0.0,0.0,0.0,0.0,0.0
Kiwalan,2023,5,2,313.3,27.448387096774194,85.93548387096774,0.0,0.0,0.0,0.0,0.0,0.0,0.5,0.5
Kiwalan,2023,6,0,419.9,27.026666666666664,87.42222222222222,0.0,0.0,0.0,0.0,0.0,0.0,0.0,0.0
Kiwalan,2023,7,1,391.3,27.36774193548387,84.5524193548387,0.0,0.0,1.0,0.0,0.0,0.0,0.0,0.0
Kiwalan,2023,8,2,315.7,27.503225806451614,83.02822580645162,0.0,0.5,0.0,0.0,0.0,0.0,0.0,0.5
Kiwalan,2023,9,1,461.8,27.023333333333333,86.45694444444445,0.0,0.0,1.0,0.0,0.0,0.0,0.0,0.0
Kiwalan,2023,10,6,219.7,26.990322580645163,85.48790322580645,0.0,0.0,0.0,0.16666666666666666,0.0,0.0,0.6666666666666666,0.16666666666666666
Kiwalan,2023,11,1,216.0,26.396666666666665,89.29027777777777,0.0,1.0,0.0,0.0,0.0,0.0,0.0,0.0
Kiwalan,2023,12,2,183.6,26.219354838709677,89.28763440860214,0.0,0.0,0.0,0.0,0.0,0.0,1.0,0.0
Kiwalan,2024,1,1,99.3,25.983870967741936,87.50940860215054,0.0,0.0,0.0,0.0,0.0,0.0,0.0,1.0
Kiwalan,2024,2,5,78.0,25.886206896551727,85.03735632183908,0.2,0.2,0.0,0.2,0.0,0.0,0.2,0.2
Kiwalan,2024,3,2,48.7,26.693548387096776,80.3010752688172,0.0,0.5,0.0,0.0,0.0,0.0,0.5,0.0
Kiwalan,2024,4,1,55.5,28.14333333333333,77.69722222222222,0.0,0.0,1.0,0.0,0.0,0.0,0.0,0.0
Kiwalan,2024,5,1,111.1,28.719354838709677,78.03763440860214,0.0,1.0,0.0,0.0,0.0,0.0,0.0,0.0
Kiwalan,2024,6,2,268.8,27.096666666666668,87.57638888888889,0.0,0.0,0.5,0.0,0.0,0.0,0.0,0.5
Kiwalan,2024,7,4,424.40000000000003,26.993548387096773,87.25268817204301,0.0,0.0,0.25,0.0,0.0,0.0,0.25,0.5
Kiwalan,2024,8,3,314.8,26.948387096774194,87.74327956989248,0.3333333333333333,0.0,0.3333333333333333,0.0,0.0,0.0,0.3333333333333333,0.0
Kiwalan,2024,9,1,292.3,27.523333333333333,84.44722222222222,0.0,0.0,0.0,0.0,0.0,0.0,0.0,1.0
Kiwalan,2024,10,3,254.3,27.183870967741935,84.42069892473118,0.0,0.0,0.0,0.0,0.3333333333333333,0.0,0.6666666666666666,0.0
Kiwalan,2024,11,5,124.8,27.42,82.27083333333333,0.0,0.0,0.0,0.0,0.0,0.2,0.6,0.2
Kiwalan,2024,12,3,285.8,26.409677419354836,88.56182795698925,0.0,0.3333333333333333,0.0,0.0,0.0,0.0,0.3333333333333333,0.3333333333333333
Kiwalan,2025,1,2,117.9,26.15806451612903,87.52956989247312,0.5,0.0,0.0,0.0,0.0,0.0,0.5,0.0
Kiwalan,2025,2,2,92.8,26.214285714285715,85.29017857142857,0.0,0.0,0.0,0.5,0.0,0.0,0.5,0.0
Kiwalan,2025,3,0,128.9,26.506451612903227,86.22043010752688,0.0,0.0,0.0,0.0,0.0,0.0,0.0,0.0
Kiwalan,2025,4,0,69.5,27.613333333333333,79.75138888888888,0.0,0.0,0.0,0.0,0.0,0.0,0.0,0.0
Kiwalan,2025,5,2,256.2,27.12258064516129,86.25403225806451,0.5,0.5,0.0,0.0,0.0,0.0,0.0,0.0
Kiwalan,2025,6,2,292.1,26.886666666666667,85.95972222222223,0.0,0.0,0.0,0.0,0.0,0.5,0.5,0.0
Kiwalan,2025,7,1,168.4,27.96129032258065,78.06317204301075,1.0,0.0,0.0,0.0,0.0,0.0,0.0,0.0
Kiwalan,2025,8,1,436.8,26.593548387096774,86.0241935483871,0.0,0.0,0.0,0.0,0.0,0.0,1.0,0.0
Kiwalan,2025,9,0,274.3,26.779999999999998,84.84583333333333,0.0,0.0,0.0,0.0,0.0,0.0,0.0,0.0
Kiwalan,2025,10,2,345.5,26.606451612903225,86.78360215053763,0.0,0.0,0.0,0.0,0.0,0.5,0.0,0.5
Kiwalan,2025,11,0,266.3,26.55666666666667,86.72083333333333,0.0,0.0,0.0,0.0,0.0,0.0,0.0,0.0
Kiwalan,2025,12,0,171.9,26.322580645161292,87.89516129032258,0.0,0.0,0.0,0.0,0.0,0.0,0.0,0.0
Kiwalan,2026,1,0,115.2,25.822580645161292,84.18682795698925,0.0,0.0,0.0,0.0,0.0,0.0,0.0,0.0
Lanipao,2020,1,0,63.400000000000006,26.316129032258065,85.66397849462365,0.0,0.0,0.0,0.0,0.0,0.0,0.0,0.0
Lanipao,2020,2,0,98.7,25.731034482758623,86.48994252873563,0.0,0.0,0.0,0.0,0.0,0.0,0.0,0.0
Lanipao,2020,3,0,177.60000000000002,26.33225806451613,85.24462365591398,0.0,0.0,0.0,0.0,0.0,0.0,0.0,0.0
Lanipao,2020,4,0,46.2,27.509999999999998,80.39166666666667,0.0,0.0,0.0,0.0,0.0,0.0,0.0,0.0
Lanipao,2020,5,0,235.0,27.587096774193547,88.56048387096774,0.0,0.0,0.0,0.0,0.0,0.0,0.0,0.0
Lanipao,2020,6,0,481.8,26.81,89.87361111111112,0.0,0.0,0.0,0.0,0.0,0.0,0.0,0.0
Lanipao,2020,7,0,516.3,26.641935483870967,90.00940860215054,0.0,0.0,0.0,0.0,0.0,0.0,0.0,0.0
Lanipao,2020,8,0,283.8,26.967741935483872,88.1975806451613,0.0,0.0,0.0,0.0,0.0,0.0,0.0,0.0
Lanipao,2020,9,0,453.5,26.923333333333336,89.24722222222222,0.0,0.0,0.0,0.0,0.0,0.0,0.0,0.0
Lanipao,2020,10,0,504.29999999999995,26.55806451612903,90.60215053763442,0.0,0.0,0.0,0.0,0.0,0.0,0.0,0.0
Lanipao,2020,11,0,201.0,26.413333333333334,90.75972222222222,0.0,0.0,0.0,0.0,0.0,0.0,0.0,0.0
Lanipao,2020,12,0,284.9,26.187096774193545,90.4986559139785,0.0,0.0,0.0,0.0,0.0,0.0,0.0,0.0
Lanipao,2021,1,0,270.59999999999997,25.55806451612903,90.90591397849462,0.0,0.0,0.0,0.0,0.0,0.0,0.0,0.0
Lanipao,2021,2,0,204.1,25.635714285714283,90.38392857142857,0.0,0.0,0.0,0.0,0.0,0.0,0.0,0.0
Lanipao,2021,3,0,150.9,26.135483870967743,88.36559139784946,0.0,0.0,0.0,0.0,0.0,0.0,0.0,0.0
Lanipao,2021,4,0,119.9,26.88,85.50694444444444,0.0,0.0,0.0,0.0,0.0,0.0,0.0,0.0
Lanipao,2021,5,0,412.90000000000003,26.948387096774194,88.83870967741936,0.0,0.0,0.0,0.0,0.0,0.0,0.0,0.0
Lanipao,2021,6,0,256.4,26.863333333333333,88.29583333333333,0.0,0.0,0.0,0.0,0.0,0.0,0.0,0.0
Lanipao,2021,7,1,301.0,27.65806451612903,82.94086021505376,0.0,0.0,0.0,0.0,0.0,1.0,0.0,0.0
Lanipao,2021,8,0,183.3,27.200000000000003,85.51344086021506,0.0,0.0,0.0,0.0,0.0,0.0,0.0,0.0
Lanipao,2021,9,0,343.0,26.756666666666668,88.62916666666666,0.0,0.0,0.0,0.0,0.0,0.0,0.0,0.0
Lanipao,2021,10,1,335.7,26.748387096774195,88.47983870967742,0.0,0.0,0.0,0.0,0.0,0.0,0.0,1.0
Lanipao,2021,11,0,327.7,26.176666666666666,91.05416666666666,0.0,0.0,0.0,0.0,0.0,0.0,0.0,0.0
Lanipao,2021,12,0,256.0,25.706451612903226,90.11290322580645,0.0,0.0,0.0,0.0,0.0,0.0,0.0,0.0
Lanipao,2022,1,0,144.2,25.48709677419355,89.05510752688173,0.0,0.0,0.0,0.0,0.0,0.0,0.0,0.0
Lanipao,2022,2,1,104.3,25.42142857142857,89.55059523809524,0.0,0.0,1.0,0.0,0.0,0.0,0.0,0.0
Lanipao,2022,3,0,325.59999999999997,26.003225806451614,90.24596774193549,0.0,0.0,0.0,0.0,0.0,0.0,0.0,0.0
Lanipao,2022,4,0,355.7,26.136666666666667,89.14166666666667,0.0,0.0,0.0,0.0,0.0,0.0,0.0,0.0
Lanipao,2022,5,0,345.3,26.54516129032258,89.87768817204301,0.0,0.0,0.0,0.0,0.0,0.0,0.0,0.0
Lanipao,2022,6,1,307.4,26.62,88.13888888888889,0.0,0.0,0.0,0.0,0.0,0.0,0.0,1.0
Lanipao,2022,7,1,572.2,26.596774193548388,89.55510752688173,1.0,0.0,0.0,0.0,0.0,0.0,0.0,0.0
Lanipao,2022,8,0,361.40000000000003,26.490322580645163,88.38306451612904,0.0,0.0,0.0,0.0,0.0,0.0,0.0,0.0
Lanipao,2022,9,0,348.6,26.970000000000002,86.91805555555555,0.0,0.0,0.0,0.0,0.0,0.0,0.0,0.0
Lanipao,2022,10,0,313.0,26.65806451612903,88.96774193548387,0.0,0.0,0.0,0.0,0.0,0.0,0.0,0.0
Lanipao,2022,11,0,289.6,26.186666666666667,90.38888888888889,0.0,0.0,0.0,0.0,0.0,0.0,0.0,0.0
Lanipao,2022,12,0,302.3,25.69677419354839,91.02016129032258,0.0,0.0,0.0,0.0,0.0,0.0,0.0,0.0
Lanipao,2023,1,0,497.7,24.970967741935485,93.33198924731182,0.0,0.0,0.0,0.0,0.0,0.0,0.0,0.0
Lanipao,2023,2,0,303.5,25.260714285714283,91.73660714285714,0.0,0.0,0.0,0.0,0.0,0.0,0.0,0.0
Lanipao,2023,3,0,244.8,25.60967741935484,89.4260752688172,0.0,0.0,0.0,0.0,0.0,0.0,0.0,0.0
Lanipao,2023,4,0,135.4,26.83,85.39861111111111,0.0,0.0,0.0,0.0,0.0,0.0,0.0,0.0
Lanipao,2023,5,0,313.3,27.448387096774194,85.93548387096774,0.0,0.0,0.0,0.0,0.0,0.0,0.0,0.0
Lanipao,2023,6,0,419.9,27.026666666666664,87.42222222222222,0.0,0.0,0.0,0.0,0.0,0.0,0.0,0.0
Lanipao,2023,7,0,391.3,27.36774193548387,84.5524193548387,0.0,0.0,0.0,0.0,0.0,0.0,0.0,0.0
Lanipao,2023,8,0,315.7,27.503225806451614,83.02822580645162,0.0,0.0,0.0,0.0,0.0,0.0,0.0,0.0
Lanipao,2023,9,0,461.8,27.023333333333333,86.45694444444445,0.0,0.0,0.0,0.0,0.0,0.0,0.0,0.0
Lanipao,2023,10,0,219.7,26.990322580645163,85.48790322580645,0.0,0.0,0.0,0.0,0.0,0.0,0.0,0.0
Lanipao,2023,11,0,216.0,26.396666666666665,89.29027777777777,0.0,0.0,0.0,0.0,0.0,0.0,0.0,0.0
Lanipao,2023,12,0,183.6,26.219354838709677,89.28763440860214,0.0,0.0,0.0,0.0,0.0,0.0,0.0,0.0
Lanipao,2024,1,0,99.3,25.983870967741936,87.50940860215054,0.0,0.0,0.0,0.0,0.0,0.0,0.0,0.0
Lanipao,2024,2,0,78.0,25.886206896551727,85.03735632183908,0.0,0.0,0.0,0.0,0.0,0.0,0.0,0.0
Lanipao,2024,3,0,48.7,26.693548387096776,80.3010752688172,0.0,0.0,0.0,0.0,0.0,0.0,0.0,0.0
Lanipao,2024,4,0,55.5,28.14333333333333,77.69722222222222,0.0,0.0,0.0,0.0,0.0,0.0,0.0,0.0
Lanipao,2024,5,0,111.1,28.719354838709677,78.03763440860214,0.0,0.0,0.0,0.0,0.0,0.0,0.0,0.0
Lanipao,2024,6,0,268.8,27.096666666666668,87.57638888888889,0.0,0.0,0.0,0.0,0.0,0.0,0.0,0.0
Lanipao,2024,7,0,424.40000000000003,26.993548387096773,87.25268817204301,0.0,0.0,0.0,0.0,0.0,0.0,0.0,0.0
Lanipao,2024,8,0,314.8,26.948387096774194,87.74327956989248,0.0,0.0,0.0,0.0,0.0,0.0,0.0,0.0
Lanipao,2024,9,1,292.3,27.523333333333333,84.44722222222222,0.0,0.0,0.0,0.0,1.0,0.0,0.0,0.0
Lanipao,2024,10,0,254.3,27.183870967741935,84.42069892473118,0.0,0.0,0.0,0.0,0.0,0.0,0.0,0.0
Lanipao,2024,11,0,124.8,27.42,82.27083333333333,0.0,0.0,0.0,0.0,0.0,0.0,0.0,0.0
Lanipao,2024,12,1,285.8,26.409677419354836,88.56182795698925,0.0,0.0,0.0,0.0,0.0,0.0,0.0,1.0
Lanipao,2025,1,0,117.9,26.15806451612903,87.52956989247312,0.0,0.0,0.0,0.0,0.0,0.0,0.0,0.0
Lanipao,2025,2,0,92.8,26.214285714285715,85.29017857142857,0.0,0.0,0.0,0.0,0.0,0.0,0.0,0.0
Lanipao,2025,3,0,128.9,26.506451612903227,86.22043010752688,0.0,0.0,0.0,0.0,0.0,0.0,0.0,0.0
Lanipao,2025,4,0,69.5,27.613333333333333,79.75138888888888,0.0,0.0,0.0,0.0,0.0,0.0,0.0,0.0
Lanipao,2025,5,1,256.2,27.12258064516129,86.25403225806451,0.0,0.0,0.0,0.0,0.0,0.0,1.0,0.0
Lanipao,2025,6,0,292.1,26.886666666666667,85.95972222222223,0.0,0.0,0.0,0.0,0.0,0.0,0.0,0.0
Lanipao,2025,7,0,168.4,27.96129032258065,78.06317204301075,0.0,0.0,0.0,0.0,0.0,0.0,0.0,0.0
Lanipao,2025,8,0,436.8,26.593548387096774,86.0241935483871,0.0,0.0,0.0,0.0,0.0,0.0,0.0,0.0
Lanipao,2025,9,0,274.3,26.779999999999998,84.84583333333333,0.0,0.0,0.0,0.0,0.0,0.0,0.0,0.0
Lanipao,2025,10,0,345.5,26.606451612903225,86.78360215053763,0.0,0.0,0.0,0.0,0.0,0.0,0.0,0.0
Lanipao,2025,11,2,266.3,26.55666666666667,86.72083333333333,0.0,0.0,0.5,0.0,0.0,0.0,0.0,0.5
Lanipao,2025,12,0,171.9,26.322580645161292,87.89516129032258,0.0,0.0,0.0,0.0,0.0,0.0,0.0,0.0
Lanipao,2026,1,0,115.2,25.822580645161292,84.18682795698925,0.0,0.0,0.0,0.0,0.0,0.0,0.0,0.0
Luinab,2020,1,1,63.400000000000006,26.316129032258065,85.66397849462365,0.0,0.0,0.0,0.0,0.0,0.0,0.0,1.0
Luinab,2020,2,0,98.7,25.731034482758623,86.48994252873563,0.0,0.0,0.0,0.0,0.0,0.0,0.0,0.0
Luinab,2020,3,1,177.60000000000002,26.33225806451613,85.24462365591398,0.0,0.0,0.0,0.0,0.0,0.0,1.0,0.0
Luinab,2020,4,3,46.2,27.509999999999998,80.39166666666667,0.0,0.0,0.0,0.0,0.0,0.3333333333333333,0.6666666666666666,0.0
Luinab,2020,5,1,235.0,27.587096774193547,88.56048387096774,0.0,0.0,0.0,1.0,0.0,0.0,0.0,0.0
Luinab,2020,6,1,481.8,26.81,89.87361111111112,0.0,0.0,0.0,0.0,0.0,1.0,0.0,0.0
Luinab,2020,7,3,516.3,26.641935483870967,90.00940860215054,0.0,0.3333333333333333,0.3333333333333333,0.0,0.0,0.0,0.3333333333333333,0.0
Luinab,2020,8,1,283.8,26.967741935483872,88.1975806451613,0.0,0.0,0.0,0.0,0.0,1.0,0.0,0.0
Luinab,2020,9,3,453.5,26.923333333333336,89.24722222222222,0.3333333333333333,0.3333333333333333,0.0,0.3333333333333333,0.0,0.0,0.0,0.0
Luinab,2020,10,3,504.29999999999995,26.55806451612903,90.60215053763442,0.0,0.0,0.3333333333333333,0.3333333333333333,0.0,0.0,0.3333333333333333,0.0
Luinab,2020,11,4,201.0,26.413333333333334,90.75972222222222,0.25,0.0,0.0,0.0,0.0,0.25,0.5,0.0
Luinab,2020,12,3,284.9,26.187096774193545,90.4986559139785,0.0,0.0,0.0,0.3333333333333333,0.0,0.3333333333333333,0.0,0.3333333333333333
Luinab,2021,1,5,270.59999999999997,25.55806451612903,90.90591397849462,0.0,0.0,0.2,0.2,0.0,0.0,0.2,0.4
Luinab,2021,2,3,204.1,25.635714285714283,90.38392857142857,0.0,0.3333333333333333,0.0,0.0,0.0,0.0,0.6666666666666666,0.0
Luinab,2021,3,3,150.9,26.135483870967743,88.36559139784946,0.0,0.0,0.0,0.0,0.0,0.3333333333333333,0.3333333333333333,0.3333333333333333
Luinab,2021,4,1,119.9,26.88,85.50694444444444,0.0,0.0,0.0,0.0,0.0,0.0,0.0,1.0
Luinab,2021,5,4,412.90000000000003,26.948387096774194,88.83870967741936,0.0,0.0,0.0,0.0,0.5,0.0,0.25,0.25
Luinab,2021,6,4,256.4,26.863333333333333,88.29583333333333,0.0,0.0,0.0,0.0,0.0,0.25,0.5,0.25
Luinab,2021,7,5,301.0,27.65806451612903,82.94086021505376,0.2,0.2,0.0,0.0,0.0,0.0,0.2,0.4
Luinab,2021,8,4,183.3,27.200000000000003,85.51344086021506,0.5,0.0,0.0,0.25,0.0,0.0,0.0,0.25
Luinab,2021,9,2,343.0,26.756666666666668,88.62916666666666,0.0,0.0,0.0,0.5,0.0,0.0,0.5,0.0
Luinab,2021,10,3,335.7,26.748387096774195,88.47983870967742,0.3333333333333333,0.0,0.0,0.0,0.0,0.0,0.0,0.6666666666666666
Luinab,2021,11,2,327.7,26.176666666666666,91.05416666666666,0.0,0.0,0.0,0.0,0.5,0.5,0.0,0.0
Luinab,2021,12,1,256.0,25.706451612903226,90.11290322580645,0.0,0.0,0.0,0.0,1.0,0.0,0.0,0.0
Luinab,2022,1,3,144.2,25.48709677419355,89.05510752688173,0.0,0.0,0.0,0.0,0.3333333333333333,0.3333333333333333,0.3333333333333333,0.0
Luinab,2022,2,2,104.3,25.42142857142857,89.55059523809524,0.0,0.0,0.0,0.0,0.5,0.0,0.5,0.0
Luinab,2022,3,2,325.59999999999997,26.003225806451614,90.24596774193549,0.0,0.0,0.0,0.0,0.0,0.5,0.5,0.0
Luinab,2022,4,3,355.7,26.136666666666667,89.14166666666667,0.0,0.0,0.0,0.3333333333333333,0.0,0.0,0.3333333333333333,0.3333333333333333
Luinab,2022,5,0,345.3,26.54516129032258,89.87768817204301,0.0,0.0,0.0,0.0,0.0,0.0,0.0,0.0
Luinab,2022,6,5,307.4,26.62,88.13888888888889,0.2,0.0,0.2,0.4,0.0,0.0,0.0,0.2
Luinab,2022,7,8,572.2,26.596774193548388,89.55510752688173,0.125,0.0,0.125,0.0,0.0,0.0,0.5,0.25
Luinab,2022,8,4,361.40000000000003,26.490322580645163,88.38306451612904,0.0,0.0,0.0,0.0,0.25,0.25,0.25,0.25
Luinab,2022,9,6,348.6,26.970000000000002,86.91805555555555,0.0,0.16666666666666666,0.0,0.0,0.16666666666666666,0.5,0.16666666666666666,0.0
Luinab,2022,10,4,313.0,26.65806451612903,88.96774193548387,0.0,0.0,0.0,0.25,0.0,0.0,0.5,0.25
Luinab,2022,11,0,289.6,26.186666666666667,90.38888888888889,0.0,0.0,0.0,0.0,0.0,0.0,0.0,0.0
Luinab,2022,12,3,302.3,25.69677419354839,91.02016129032258,0.3333333333333333,0.0,0.0,0.3333333333333333,0.0,0.0,0.3333333333333333,0.0
Luinab,2023,1,0,497.7,24.970967741935485,93.33198924731182,0.0,0.0,0.0,0.0,0.0,0.0,0.0,0.0
Luinab,2023,2,0,303.5,25.260714285714283,91.73660714285714,0.0,0.0,0.0,0.0,0.0,0.0,0.0,0.0
Luinab,2023,3,1,244.8,25.60967741935484,89.4260752688172,0.0,0.0,1.0,0.0,0.0,0.0,0.0,0.0
Luinab,2023,4,3,135.4,26.83,85.39861111111111,0.0,0.3333333333333333,0.0,0.0,0.0,0.0,0.6666666666666666,0.0
Luinab,2023,5,3,313.3,27.448387096774194,85.93548387096774,0.0,0.3333333333333333,0.0,0.0,0.0,0.0,0.6666666666666666,0.0
Luinab,2023,6,2,419.9,27.026666666666664,87.42222222222222,0.0,0.5,0.0,0.0,0.0,0.0,0.5,0.0
Luinab,2023,7,2,391.3,27.36774193548387,84.5524193548387,0.0,0.0,0.0,0.0,0.0,0.0,0.5,0.5
Luinab,2023,8,8,315.7,27.503225806451614,83.02822580645162,0.0,0.25,0.125,0.0,0.125,0.0,0.25,0.25
Luinab,2023,9,13,461.8,27.023333333333333,86.45694444444445,0.0,0.3076923076923077,0.07692307692307693,0.15384615384615385,0.0,0.07692307692307693,0.3076923076923077,0.07692307692307693
Luinab,2023,10,5,219.7,26.990322580645163,85.48790322580645,0.0,0.0,0.2,0.4,0.0,0.0,0.2,0.2
Luinab,2023,11,9,216.0,26.396666666666665,89.29027777777777,0.0,0.1111111111111111,0.3333333333333333,0.2222222222222222,0.0,0.1111111111111111,0.1111111111111111,0.1111111111111111
Luinab,2023,12,6,183.6,26.219354838709677,89.28763440860214,0.0,0.0,0.16666666666666666,0.0,0.0,0.0,0.6666666666666666,0.16666666666666666
Luinab,2024,1,5,99.3,25.983870967741936,87.50940860215054,0.0,0.2,0.2,0.2,0.0,0.0,0.2,0.2
Luinab,2024,2,8,78.0,25.886206896551727,85.03735632183908,0.0,0.0,0.125,0.25,0.0,0.0,0.375,0.25
Luinab,2024,3,7,48.7,26.693548387096776,80.3010752688172,0.0,0.0,0.14285714285714285,0.14285714285714285,0.0,0.0,0.2857142857142857,0.42857142857142855
Luinab,2024,4,2,55.5,28.14333333333333,77.69722222222222,0.0,0.5,0.0,0.0,0.0,0.0,0.0,0.5
Luinab,2024,5,2,111.1,28.719354838709677,78.03763440860214,0.0,0.0,0.0,0.0,0.5,0.0,0.5,0.0
Luinab,2024,6,3,268.8,27.096666666666668,87.57638888888889,0.0,0.0,0.0,0.0,0.3333333333333333,0.0,0.6666666666666666,0.0
Luinab,2024,7,6,424.40000000000003,26.993548387096773,87.25268817204301,0.0,0.0,0.16666666666666666,0.16666666666666666,0.0,0.0,0.3333333333333333,0.3333333333333333
Luinab,2024,8,12,314.8,26.948387096774194,87.74327956989248,0.0,0.08333333333333333,0.0,0.08333333333333333,0.08333333333333333,0.0,0.5,0.25
Luinab,2024,9,8,292.3,27.523333333333333,84.44722222222222,0.0,0.25,0.125,0.0,0.0,0.0,0.5,0.125
Luinab,2024,10,12,254.3,27.183870967741935,84.42069892473118,0.08333333333333333,0.08333333333333333,0.0,0.0,0.08333333333333333,0.0,0.4166666666666667,0.3333333333333333
Luinab,2024,11,6,124.8,27.42,82.27083333333333,0.16666666666666666,0.16666666666666666,0.0,0.0,0.16666666666666666,0.0,0.16666666666666666,0.3333333333333333
Luinab,2024,12,10,285.8,26.409677419354836,88.56182795698925,0.1,0.1,0.1,0.1,0.0,0.0,0.3,0.3
Luinab,2025,1,4,117.9,26.15806451612903,87.52956989247312,0.0,0.0,0.25,0.25,0.25,0.25,0.0,0.0
Luinab,2025,2,5,92.8,26.214285714285715,85.29017857142857,0.0,0.0,0.0,0.0,0.0,0.2,0.6,0.2
Luinab,2025,3,6,128.9,26.506451612903227,86.22043010752688,0.0,0.0,0.0,0.0,0.16666666666666666,0.0,0.3333333333333333,0.5
Luinab,2025,4,6,69.5,27.613333333333333,79.75138888888888,0.0,0.0,0.0,0.16666666666666666,0.3333333333333333,0.0,0.3333333333333333,0.16666666666666666
Luinab,2025,5,7,256.2,27.12258064516129,86.25403225806451,0.0,0.0,0.0,0.14285714285714285,0.0,0.14285714285714285,0.5714285714285714,0.14285714285714285
Luinab,2025,6,2,292.1,26.886666666666667,85.95972222222223,0.0,0.0,0.0,0.0,0.0,0.0,1.0,0.0
Luinab,2025,7,0,168.4,27.96129032258065,78.06317204301075,0.0,0.0,0.0,0.0,0.0,0.0,0.0,0.0
Luinab,2025,8,6,436.8,26.593548387096774,86.0241935483871,0.0,0.0,0.3333333333333333,0.0,0.16666666666666666,0.16666666666666666,0.16666666666666666,0.16666666666666666
Luinab,2025,9,4,274.3,26.779999999999998,84.84583333333333,0.0,0.0,0.0,0.5,0.0,0.0,0.5,0.0
Luinab,2025,10,3,345.5,26.606451612903225,86.78360215053763,0.0,0.0,0.0,0.0,0.0,0.0,1.0,0.0
Luinab,2025,11,3,266.3,26.55666666666667,86.72083333333333,0.0,0.0,0.0,0.0,0.3333333333333333,0.3333333333333333,0.0,0.3333333333333333
Luinab,2025,12,0,171.9,26.322580645161292,87.89516129032258,0.0,0.0,0.0,0.0,0.0,0.0,0.0,0.0
Luinab,2026,1,0,115.2,25.822580645161292,84.18682795698925,0.0,0.0,0.0,0.0,0.0,0.0,0.0,0.0
Mahayahay,2020,1,1,63.400000000000006,26.316129032258065,85.66397849462365,0.0,0.0,0.0,0.0,0.0,0.0,1.0,0.0
Mahayahay,2020,2,0,98.7,25.731034482758623,86.48994252873563,0.0,0.0,0.0,0.0,0.0,0.0,0.0,0.0
Mahayahay,2020,3,0,177.60000000000002,26.33225806451613,85.24462365591398,0.0,0.0,0.0,0.0,0.0,0.0,0.0,0.0
Mahayahay,2020,4,0,46.2,27.509999999999998,80.39166666666667,0.0,0.0,0.0,0.0,0.0,0.0,0.0,0.0
Mahayahay,2020,5,0,235.0,27.587096774193547,88.56048387096774,0.0,0.0,0.0,0.0,0.0,0.0,0.0,0.0
Mahayahay,2020,6,2,481.8,26.81,89.87361111111112,0.0,0.0,0.0,0.0,0.0,0.0,0.5,0.5
Mahayahay,2020,7,0,516.3,26.641935483870967,90.00940860215054,0.0,0.0,0.0,0.0,0.0,0.0,0.0,0.0
Mahayahay,2020,8,1,283.8,26.967741935483872,88.1975806451613,0.0,0.0,0.0,0.0,0.0,0.0,1.0,0.0
Mahayahay,2020,9,3,453.5,26.923333333333336,89.24722222222222,0.0,0.0,0.0,0.0,0.3333333333333333,0.3333333333333333,0.3333333333333333,0.0
Mahayahay,2020,10,2,504.29999999999995,26.55806451612903,90.60215053763442,0.0,0.5,0.0,0.0,0.0,0.0,0.5,0.0
Mahayahay,2020,11,0,201.0,26.413333333333334,90.75972222222222,0.0,0.0,0.0,0.0,0.0,0.0,0.0,0.0
Mahayahay,2020,12,0,284.9,26.187096774193545,90.4986559139785,0.0,0.0,0.0,0.0,0.0,0.0,0.0,0.0
Mahayahay,2021,1,2,270.59999999999997,25.55806451612903,90.90591397849462,0.0,0.0,0.0,0.5,0.5,0.0,0.0,0.0
Mahayahay,2021,2,0,204.1,25.635714285714283,90.38392857142857,0.0,0.0,0.0,0.0,0.0,0.0,0.0,0.0
Mahayahay,2021,3,4,150.9,26.135483870967743,88.36559139784946,0.0,0.0,0.0,0.0,0.0,0.25,0.75,0.0
Mahayahay,2021,4,0,119.9,26.88,85.50694444444444,0.0,0.0,0.0,0.0,0.0,0.0,0.0,0.0
Mahayahay,2021,5,2,412.90000000000003,26.948387096774194,88.83870967741936,0.0,0.0,0.0,0.0,0.0,0.0,0.5,0.5
Mahayahay,2021,6,2,256.4,26.863333333333333,88.29583333333333,0.0,0.0,0.0,0.0,0.0,0.5,0.5,0.0
Mahayahay,2021,7,2,301.0,27.65806451612903,82.94086021505376,0.0,0.0,0.0,0.5,0.0,0.0,0.5,0.0
Mahayahay,2021,8,1,183.3,27.200000000000003,85.51344086021506,0.0,0.0,0.0,0.0,0.0,0.0,1.0,0.0
Mahayahay,2021,9,4,343.0,26.756666666666668,88.62916666666666,0.25,0.0,0.0,0.0,0.0,0.25,0.25,0.25
Mahayahay,2021,10,1,335.7,26.748387096774195,88.47983870967742,0.0,0.0,0.0,0.0,0.0,0.0,1.0,0.0
Mahayahay,2021,11,0,327.7,26.176666666666666,91.05416666666666,0.0,0.0,0.0,0.0,0.0,0.0,0.0,0.0
Mahayahay,2021,12,1,256.0,25.706451612903226,90.11290322580645,0.0,0.0,0.0,0.0,0.0,1.0,0.0,0.0
Mahayahay,2022,1,2,144.2,25.48709677419355,89.05510752688173,0.0,0.0,0.0,0.5,0.0,0.0,0.5,0.0
Mahayahay,2022,2,0,104.3,25.42142857142857,89.55059523809524,0.0,0.0,0.0,0.0,0.0,0.0,0.0,0.0
Mahayahay,2022,3,1,325.59999999999997,26.003225806451614,90.24596774193549,0.0,0.0,0.0,0.0,1.0,0.0,0.0,0.0
Mahayahay,2022,4,2,355.7,26.136666666666667,89.14166666666667,0.0,0.0,0.0,0.0,0.5,0.0,0.5,0.0
Mahayahay,2022,5,5,345.3,26.54516129032258,89.87768817204301,0.0,0.0,0.0,0.0,0.4,0.0,0.4,0.2
Mahayahay,2022,6,3,307.4,26.62,88.13888888888889,0.0,0.3333333333333333,0.0,0.0,0.0,0.0,0.3333333333333333,0.3333333333333333
Mahayahay,2022,7,4,572.2,26.596774193548388,89.55510752688173,0.25,0.0,0.0,0.0,0.5,0.0,0.25,0.0
Mahayahay,2022,8,2,361.40000000000003,26.490322580645163,88.38306451612904,0.0,0.0,0.0,0.0,0.0,0.0,1.0,0.0
Mahayahay,2022,9,4,348.6,26.970000000000002,86.91805555555555,0.0,0.0,0.0,0.25,0.25,0.0,0.25,0.25
Mahayahay,2022,10,1,313.0,26.65806451612903,88.96774193548387,0.0,0.0,0.0,0.0,0.0,0.0,1.0,0.0
Mahayahay,2022,11,1,289.6,26.186666666666667,90.38888888888889,0.0,0.0,0.0,0.0,0.0,0.0,1.0,0.0
Mahayahay,2022,12,3,302.3,25.69677419354839,91.02016129032258,0.0,0.3333333333333333,0.3333333333333333,0.0,0.0,0.3333333333333333,0.0,0.0
Mahayahay,2023,1,0,497.7,24.970967741935485,93.33198924731182,0.0,0.0,0.0,0.0,0.0,0.0,0.0,0.0
Mahayahay,2023,2,0,303.5,25.260714285714283,91.73660714285714,0.0,0.0,0.0,0.0,0.0,0.0,0.0,0.0
Mahayahay,2023,3,0,244.8,25.60967741935484,89.4260752688172,0.0,0.0,0.0,0.0,0.0,0.0,0.0,0.0
Mahayahay,2023,4,6,135.4,26.83,85.39861111111111,0.0,0.16666666666666666,0.0,0.16666666666666666,0.0,0.0,0.16666666666666666,0.5
Mahayahay,2023,5,1,313.3,27.448387096774194,85.93548387096774,0.0,0.0,0.0,1.0,0.0,0.0,0.0,0.0
Mahayahay,2023,6,1,419.9,27.026666666666664,87.42222222222222,0.0,0.0,0.0,0.0,1.0,0.0,0.0,0.0
Mahayahay,2023,7,4,391.3,27.36774193548387,84.5524193548387,0.0,0.25,0.0,0.25,0.0,0.0,0.25,0.25
Mahayahay,2023,8,9,315.7,27.503225806451614,83.02822580645162,0.0,0.2222222222222222,0.1111111111111111,0.0,0.0,0.0,0.3333333333333333,0.3333333333333333
Mahayahay,2023,9,3,461.8,27.023333333333333,86.45694444444445,0.0,0.0,0.3333333333333333,0.3333333333333333,0.0,0.0,0.3333333333333333,0.0
Mahayahay,2023,10,11,219.7,26.990322580645163,85.48790322580645,0.0,0.0,0.0,0.09090909090909091,0.0,0.0,0.7272727272727273,0.18181818181818182
Mahayahay,2023,11,12,216.0,26.396666666666665,89.29027777777777,0.08333333333333333,0.0,0.0,0.08333333333333333,0.08333333333333333,0.08333333333333333,0.25,0.4166666666666667
Mahayahay,2023,12,5,183.6,26.219354838709677,89.28763440860214,0.0,0.4,0.0,0.2,0.0,0.0,0.4,0.0
Mahayahay,2024,1,9,99.3,25.983870967741936,87.50940860215054,0.0,0.2222222222222222,0.1111111111111111,0.2222222222222222,0.0,0.0,0.2222222222222222,0.2222222222222222
Mahayahay,2024,2,3,78.0,25.886206896551727,85.03735632183908,0.3333333333333333,0.0,0.0,0.0,0.0,0.0,0.0,0.6666666666666666
Mahayahay,2024,3,8,48.7,26.693548387096776,80.3010752688172,0.0,0.0,0.5,0.125,0.0,0.0,0.25,0.125
Mahayahay,2024,4,6,55.5,28.14333333333333,77.69722222222222,0.0,0.0,0.0,0.16666666666666666,0.0,0.0,0.5,0.3333333333333333
Mahayahay,2024,5,3,111.1,28.719354838709677,78.03763440860214,0.0,0.3333333333333333,0.0,0.3333333333333333,0.0,0.0,0.3333333333333333,0.0
Mahayahay,2024,6,3,268.8,27.096666666666668,87.57638888888889,0.3333333333333333,0.0,0.0,0.0,0.0,0.0,0.6666666666666666,0.0
Mahayahay,2024,7,3,424.40000000000003,26.993548387096773,87.25268817204301,0.0,0.0,0.0,0.0,0.0,0.0,0.6666666666666666,0.3333333333333333
Mahayahay,2024,8,8,314.8,26.948387096774194,87.74327956989248,0.125,0.125,0.25,0.25,0.0,0.0,0.125,0.125
Mahayahay,2024,9,2,292.3,27.523333333333333,84.44722222222222,0.0,0.5,0.0,0.0,0.0,0.0,0.5,0.0
Mahayahay,2024,10,2,254.3,27.183870967741935,84.42069892473118,0.5,0.0,0.5,0.0,0.0,0.0,0.0,0.0
Mahayahay,2024,11,2,124.8,27.42,82.27083333333333,0.0,0.0,0.0,0.0,0.0,0.0,0.5,0.5
Mahayahay,2024,12,2,285.8,26.409677419354836,88.56182795698925,0.0,0.0,0.0,0.0,0.0,0.0,1.0,0.0
Mahayahay,2025,1,3,117.9,26.15806451612903,87.52956989247312,0.3333333333333333,0.0,0.0,0.0,0.3333333333333333,0.0,0.3333333333333333,0.0
Mahayahay,2025,2,2,92.8,26.214285714285715,85.29017857142857,0.0,0.0,0.5,0.0,0.0,0.0,0.5,0.0
Mahayahay,2025,3,3,128.9,26.506451612903227,86.22043010752688,0.0,0.3333333333333333,0.0,0.0,0.0,0.0,0.6666666666666666,0.0
Mahayahay,2025,4,6,69.5,27.613333333333333,79.75138888888888,0.0,0.0,0.16666666666666666,0.0,0.3333333333333333,0.0,0.5,0.0
Mahayahay,2025,5,5,256.2,27.12258064516129,86.25403225806451,0.0,0.0,0.0,0.2,0.2,0.0,0.2,0.4
Mahayahay,2025,6,2,292.1,26.886666666666667,85.95972222222223,0.0,0.0,0.5,0.0,0.5,0.0,0.0,0.0
Mahayahay,2025,7,1,168.4,27.96129032258065,78.06317204301075,0.0,0.0,0.0,0.0,0.0,1.0,0.0,0.0
Mahayahay,2025,8,2,436.8,26.593548387096774,86.0241935483871,0.0,0.0,0.0,0.0,0.5,0.5,0.0,0.0
Mahayahay,2025,9,1,274.3,26.779999999999998,84.84583333333333,0.0,0.0,0.0,0.0,1.0,0.0,0.0,0.0
Mahayahay,2025,10,2,345.5,26.606451612903225,86.78360215053763,0.0,0.0,0.0,0.5,0.5,0.0,0.0,0.0
Mahayahay,2025,11,4,266.3,26.55666666666667,86.72083333333333,0.0,0.0,0.0,0.25,0.25,0.0,0.25,0.25
Mahayahay,2025,12,0,171.9,26.322580645161292,87.89516129032258,0.0,0.0,0.0,0.0,0.0,0.0,0.0,0.0
Mahayahay,2026,1,0,115.2,25.822580645161292,84.18682795698925,0.0,0.0,0.0,0.0,0.0,0.0,0.0,0.0
Mainit,2020,1,0,63.400000000000006,26.316129032258065,85.66397849462365,0.0,0.0,0.0,0.0,0.0,0.0,0.0,0.0
Mainit,2020,2,0,98.7,25.731034482758623,86.48994252873563,0.0,0.0,0.0,0.0,0.0,0.0,0.0,0.0
Mainit,2020,3,0,177.60000000000002,26.33225806451613,85.24462365591398,0.0,0.0,0.0,0.0,0.0,0.0,0.0,0.0
Mainit,2020,4,0,46.2,27.509999999999998,80.39166666666667,0.0,0.0,0.0,0.0,0.0,0.0,0.0,0.0
Mainit,2020,5,0,235.0,27.587096774193547,88.56048387096774,0.0,0.0,0.0,0.0,0.0,0.0,0.0,0.0
Mainit,2020,6,0,481.8,26.81,89.87361111111112,0.0,0.0,0.0,0.0,0.0,0.0,0.0,0.0
Mainit,2020,7,0,516.3,26.641935483870967,90.00940860215054,0.0,0.0,0.0,0.0,0.0,0.0,0.0,0.0
Mainit,2020,8,0,283.8,26.967741935483872,88.1975806451613,0.0,0.0,0.0,0.0,0.0,0.0,0.0,0.0
Mainit,2020,9,0,453.5,26.923333333333336,89.24722222222222,0.0,0.0,0.0,0.0,0.0,0.0,0.0,0.0
Mainit,2020,10,0,504.29999999999995,26.55806451612903,90.60215053763442,0.0,0.0,0.0,0.0,0.0,0.0,0.0,0.0
Mainit,2020,11,0,201.0,26.413333333333334,90.75972222222222,0.0,0.0,0.0,0.0,0.0,0.0,0.0,0.0
Mainit,2020,12,0,284.9,26.187096774193545,90.4986559139785,0.0,0.0,0.0,0.0,0.0,0.0,0.0,0.0
Mainit,2021,1,0,270.59999999999997,25.55806451612903,90.90591397849462,0.0,0.0,0.0,0.0,0.0,0.0,0.0,0.0
Mainit,2021,2,0,204.1,25.635714285714283,90.38392857142857,0.0,0.0,0.0,0.0,0.0,0.0,0.0,0.0
Mainit,2021,3,0,150.9,26.135483870967743,88.36559139784946,0.0,0.0,0.0,0.0,0.0,0.0,0.0,0.0
Mainit,2021,4,0,119.9,26.88,85.50694444444444,0.0,0.0,0.0,0.0,0.0,0.0,0.0,0.0
Mainit,2021,5,0,412.90000000000003,26.948387096774194,88.83870967741936,0.0,0.0,0.0,0.0,0.0,0.0,0.0,0.0
Mainit,2021,6,0,256.4,26.863333333333333,88.29583333333333,0.0,0.0,0.0,0.0,0.0,0.0,0.0,0.0
Mainit,2021,7,0,301.0,27.65806451612903,82.94086021505376,0.0,0.0,0.0,0.0,0.0,0.0,0.0,0.0
Mainit,2021,8,0,183.3,27.200000000000003,85.51344086021506,0.0,0.0,0.0,0.0,0.0,0.0,0.0,0.0
Mainit,2021,9,0,343.0,26.756666666666668,88.62916666666666,0.0,0.0,0.0,0.0,0.0,0.0,0.0,0.0
Mainit,2021,10,0,335.7,26.748387096774195,88.47983870967742,0.0,0.0,0.0,0.0,0.0,0.0,0.0,0.0
Mainit,2021,11,0,327.7,26.176666666666666,91.05416666666666,0.0,0.0,0.0,0.0,0.0,0.0,0.0,0.0
Mainit,2021,12,0,256.0,25.706451612903226,90.11290322580645,0.0,0.0,0.0,0.0,0.0,0.0,0.0,0.0
Mainit,2022,1,0,144.2,25.48709677419355,89.05510752688173,0.0,0.0,0.0,0.0,0.0,0.0,0.0,0.0
Mainit,2022,2,0,104.3,25.42142857142857,89.55059523809524,0.0,0.0,0.0,0.0,0.0,0.0,0.0,0.0
Mainit,2022,3,1,325.59999999999997,26.003225806451614,90.24596774193549,0.0,0.0,0.0,0.0,0.0,0.0,0.0,1.0
Mainit,2022,4,0,355.7,26.136666666666667,89.14166666666667,0.0,0.0,0.0,0.0,0.0,0.0,0.0,0.0
Mainit,2022,5,0,345.3,26.54516129032258,89.87768817204301,0.0,0.0,0.0,0.0,0.0,0.0,0.0,0.0
Mainit,2022,6,1,307.4,26.62,88.13888888888889,0.0,0.0,0.0,0.0,0.0,1.0,0.0,0.0
Mainit,2022,7,1,572.2,26.596774193548388,89.55510752688173,0.0,0.0,0.0,0.0,0.0,0.0,0.0,1.0
Mainit,2022,8,0,361.40000000000003,26.490322580645163,88.38306451612904,0.0,0.0,0.0,0.0,0.0,0.0,0.0,0.0
Mainit,2022,9,0,348.6,26.970000000000002,86.91805555555555,0.0,0.0,0.0,0.0,0.0,0.0,0.0,0.0
Mainit,2022,10,0,313.0,26.65806451612903,88.96774193548387,0.0,0.0,0.0,0.0,0.0,0.0,0.0,0.0
Mainit,2022,11,0,289.6,26.186666666666667,90.38888888888889,0.0,0.0,0.0,0.0,0.0,0.0,0.0,0.0
Mainit,2022,12,0,302.3,25.69677419354839,91.02016129032258,0.0,0.0,0.0,0.0,0.0,0.0,0.0,0.0
Mainit,2023,1,0,497.7,24.970967741935485,93.33198924731182,0.0,0.0,0.0,0.0,0.0,0.0,0.0,0.0
Mainit,2023,2,0,303.5,25.260714285714283,91.73660714285714,0.0,0.0,0.0,0.0,0.0,0.0,0.0,0.0
Mainit,2023,3,0,244.8,25.60967741935484,89.4260752688172,0.0,0.0,0.0,0.0,0.0,0.0,0.0,0.0
Mainit,2023,4,0,135.4,26.83,85.39861111111111,0.0,0.0,0.0,0.0,0.0,0.0,0.0,0.0
Mainit,2023,5,0,313.3,27.448387096774194,85.93548387096774,0.0,0.0,0.0,0.0,0.0,0.0,0.0,0.0
Mainit,2023,6,0,419.9,27.026666666666664,87.42222222222222,0.0,0.0,0.0,0.0,0.0,0.0,0.0,0.0
Mainit,2023,7,0,391.3,27.36774193548387,84.5524193548387,0.0,0.0,0.0,0.0,0.0,0.0,0.0,0.0
Mainit,2023,8,2,315.7,27.503225806451614,83.02822580645162,0.0,0.0,0.0,0.5,0.0,0.0,0.5,0.0
Mainit,2023,9,0,461.8,27.023333333333333,86.45694444444445,0.0,0.0,0.0,0.0,0.0,0.0,0.0,0.0
Mainit,2023,10,1,219.7,26.990322580645163,85.48790322580645,0.0,0.0,0.0,0.0,0.0,0.0,1.0,0.0
Mainit,2023,11,0,216.0,26.396666666666665,89.29027777777777,0.0,0.0,0.0,0.0,0.0,0.0,0.0,0.0
Mainit,2023,12,1,183.6,26.219354838709677,89.28763440860214,0.0,0.0,0.0,0.0,0.0,0.0,0.0,1.0
Mainit,2024,1,1,99.3,25.983870967741936,87.50940860215054,0.0,0.0,0.0,1.0,0.0,0.0,0.0,0.0
Mainit,2024,2,0,78.0,25.886206896551727,85.03735632183908,0.0,0.0,0.0,0.0,0.0,0.0,0.0,0.0
Mainit,2024,3,0,48.7,26.693548387096776,80.3010752688172,0.0,0.0,0.0,0.0,0.0,0.0,0.0,0.0
Mainit,2024,4,1,55.5,28.14333333333333,77.69722222222222,0.0,0.0,0.0,0.0,0.0,0.0,1.0,0.0
Mainit,2024,5,0,111.1,28.719354838709677,78.03763440860214,0.0,0.0,0.0,0.0,0.0,0.0,0.0,0.0
Mainit,2024,6,0,268.8,27.096666666666668,87.57638888888889,0.0,0.0,0.0,0.0,0.0,0.0,0.0,0.0
Mainit,2024,7,0,424.40000000000003,26.993548387096773,87.25268817204301,0.0,0.0,0.0,0.0,0.0,0.0,0.0,0.0
Mainit,2024,8,0,314.8,26.948387096774194,87.74327956989248,0.0,0.0,0.0,0.0,0.0,0.0,0.0,0.0
Mainit,2024,9,0,292.3,27.523333333333333,84.44722222222222,0.0,0.0,0.0,0.0,0.0,0.0,0.0,0.0
Mainit,2024,10,0,254.3,27.183870967741935,84.42069892473118,0.0,0.0,0.0,0.0,0.0,0.0,0.0,0.0
Mainit,2024,11,0,124.8,27.42,82.27083333333333,0.0,0.0,0.0,0.0,0.0,0.0,0.0,0.0
Mainit,2024,12,0,285.8,26.409677419354836,88.56182795698925,0.0,0.0,0.0,0.0,0.0,0.0,0.0,0.0
Mainit,2025,1,0,117.9,26.15806451612903,87.52956989247312,0.0,0.0,0.0,0.0,0.0,0.0,0.0,0.0
Mainit,2025,2,0,92.8,26.214285714285715,85.29017857142857,0.0,0.0,0.0,0.0,0.0,0.0,0.0,0.0
Mainit,2025,3,3,128.9,26.506451612903227,86.22043010752688,0.0,0.0,0.3333333333333333,0.0,0.0,0.0,0.6666666666666666,0.0
Mainit,2025,4,0,69.5,27.613333333333333,79.75138888888888,0.0,0.0,0.0,0.0,0.0,0.0,0.0,0.0
Mainit,2025,5,1,256.2,27.12258064516129,86.25403225806451,0.0,0.0,0.0,0.0,0.0,0.0,1.0,0.0
Mainit,2025,6,0,292.1,26.886666666666667,85.95972222222223,0.0,0.0,0.0,0.0,0.0,0.0,0.0,0.0
Mainit,2025,7,1,168.4,27.96129032258065,78.06317204301075,0.0,0.0,0.0,0.0,0.0,0.0,0.0,1.0
Mainit,2025,8,0,436.8,26.593548387096774,86.0241935483871,0.0,0.0,0.0,0.0,0.0,0.0,0.0,0.0
Mainit,2025,9,0,274.3,26.779999999999998,84.84583333333333,0.0,0.0,0.0,0.0,0.0,0.0,0.0,0.0
Mainit,2025,10,0,345.5,26.606451612903225,86.78360215053763,0.0,0.0,0.0,0.0,0.0,0.0,0.0,0.0
Mainit,2025,11,0,266.3,26.55666666666667,86.72083333333333,0.0,0.0,0.0,0.0,0.0,0.0,0.0,0.0
Mainit,2025,12,0,171.9,26.322580645161292,87.89516129032258,0.0,0.0,0.0,0.0,0.0,0.0,0.0,0.0
Mainit,2026,1,0,115.2,25.822580645161292,84.18682795698925,0.0,0.0,0.0,0.0,0.0,0.0,0.0,0.0
Mandulog,2020,1,0,63.400000000000006,26.316129032258065,85.66397849462365,0.0,0.0,0.0,0.0,0.0,0.0,0.0,0.0
Mandulog,2020,2,0,98.7,25.731034482758623,86.48994252873563,0.0,0.0,0.0,0.0,0.0,0.0,0.0,0.0
Mandulog,2020,3,0,177.60000000000002,26.33225806451613,85.24462365591398,0.0,0.0,0.0,0.0,0.0,0.0,0.0,0.0
Mandulog,2020,4,1,46.2,27.509999999999998,80.39166666666667,0.0,0.0,0.0,0.0,0.0,0.0,1.0,0.0
Mandulog,2020,5,0,235.0,27.587096774193547,88.56048387096774,0.0,0.0,0.0,0.0,0.0,0.0,0.0,0.0
Mandulog,2020,6,0,481.8,26.81,89.87361111111112,0.0,0.0,0.0,0.0,0.0,0.0,0.0,0.0
Mandulog,2020,7,0,516.3,26.641935483870967,90.00940860215054,0.0,0.0,0.0,0.0,0.0,0.0,0.0,0.0
Mandulog,2020,8,0,283.8,26.967741935483872,88.1975806451613,0.0,0.0,0.0,0.0,0.0,0.0,0.0,0.0
Mandulog,2020,9,0,453.5,26.923333333333336,89.24722222222222,0.0,0.0,0.0,0.0,0.0,0.0,0.0,0.0
Mandulog,2020,10,1,504.29999999999995,26.55806451612903,90.60215053763442,0.0,0.0,0.0,0.0,0.0,1.0,0.0,0.0
Mandulog,2020,11,0,201.0,26.413333333333334,90.75972222222222,0.0,0.0,0.0,0.0,0.0,0.0,0.0,0.0
Mandulog,2020,12,0,284.9,26.187096774193545,90.4986559139785,0.0,0.0,0.0,0.0,0.0,0.0,0.0,0.0
Mandulog,2021,1,0,270.59999999999997,25.55806451612903,90.90591397849462,0.0,0.0,0.0,0.0,0.0,0.0,0.0,0.0
Mandulog,2021,2,1,204.1,25.635714285714283,90.38392857142857,0.0,0.0,0.0,1.0,0.0,0.0,0.0,0.0
Mandulog,2021,3,0,150.9,26.135483870967743,88.36559139784946,0.0,0.0,0.0,0.0,0.0,0.0,0.0,0.0
Mandulog,2021,4,0,119.9,26.88,85.50694444444444,0.0,0.0,0.0,0.0,0.0,0.0,0.0,0.0
Mandulog,2021,5,0,412.90000000000003,26.948387096774194,88.83870967741936,0.0,0.0,0.0,0.0,0.0,0.0,0.0,0.0
Mandulog,2021,6,1,256.4,26.863333333333333,88.29583333333333,0.0,0.0,0.0,0.0,0.0,0.0,0.0,1.0
Mandulog,2021,7,0,301.0,27.65806451612903,82.94086021505376,0.0,0.0,0.0,0.0,0.0,0.0,0.0,0.0
Mandulog,2021,8,0,183.3,27.200000000000003,85.51344086021506,0.0,0.0,0.0,0.0,0.0,0.0,0.0,0.0
Mandulog,2021,9,0,343.0,26.756666666666668,88.62916666666666,0.0,0.0,0.0,0.0,0.0,0.0,0.0,0.0
Mandulog,2021,10,1,335.7,26.748387096774195,88.47983870967742,0.0,0.0,0.0,0.0,0.0,0.0,1.0,0.0
Mandulog,2021,11,1,327.7,26.176666666666666,91.05416666666666,0.0,0.0,0.0,0.0,0.0,1.0,0.0,0.0
Mandulog,2021,12,0,256.0,25.706451612903226,90.11290322580645,0.0,0.0,0.0,0.0,0.0,0.0,0.0,0.0
Mandulog,2022,1,0,144.2,25.48709677419355,89.05510752688173,0.0,0.0,0.0,0.0,0.0,0.0,0.0,0.0
Mandulog,2022,2,1,104.3,25.42142857142857,89.55059523809524,0.0,0.0,0.0,0.0,0.0,0.0,1.0,0.0
Mandulog,2022,3,0,325.59999999999997,26.003225806451614,90.24596774193549,0.0,0.0,0.0,0.0,0.0,0.0,0.0,0.0
Mandulog,2022,4,0,355.7,26.136666666666667,89.14166666666667,0.0,0.0,0.0,0.0,0.0,0.0,0.0,0.0
Mandulog,2022,5,0,345.3,26.54516129032258,89.87768817204301,0.0,0.0,0.0,0.0,0.0,0.0,0.0,0.0
Mandulog,2022,6,0,307.4,26.62,88.13888888888889,0.0,0.0,0.0,0.0,0.0,0.0,0.0,0.0
Mandulog,2022,7,2,572.2,26.596774193548388,89.55510752688173,0.0,0.5,0.0,0.0,0.0,0.0,0.0,0.5
Mandulog,2022,8,0,361.40000000000003,26.490322580645163,88.38306451612904,0.0,0.0,0.0,0.0,0.0,0.0,0.0,0.0
Mandulog,2022,9,0,348.6,26.970000000000002,86.91805555555555,0.0,0.0,0.0,0.0,0.0,0.0,0.0,0.0
Mandulog,2022,10,1,313.0,26.65806451612903,88.96774193548387,0.0,0.0,0.0,0.0,0.0,0.0,1.0,0.0
Mandulog,2022,11,1,289.6,26.186666666666667,90.38888888888889,0.0,0.0,0.0,0.0,1.0,0.0,0.0,0.0
Mandulog,2022,12,0,302.3,25.69677419354839,91.02016129032258,0.0,0.0,0.0,0.0,0.0,0.0,0.0,0.0
Mandulog,2023,1,0,497.7,24.970967741935485,93.33198924731182,0.0,0.0,0.0,0.0,0.0,0.0,0.0,0.0
Mandulog,2023,2,0,303.5,25.260714285714283,91.73660714285714,0.0,0.0,0.0,0.0,0.0,0.0,0.0,0.0
Mandulog,2023,3,0,244.8,25.60967741935484,89.4260752688172,0.0,0.0,0.0,0.0,0.0,0.0,0.0,0.0
Mandulog,2023,4,0,135.4,26.83,85.39861111111111,0.0,0.0,0.0,0.0,0.0,0.0,0.0,0.0
Mandulog,2023,5,0,313.3,27.448387096774194,85.93548387096774,0.0,0.0,0.0,0.0,0.0,0.0,0.0,0.0
Mandulog,2023,6,0,419.9,27.026666666666664,87.42222222222222,0.0,0.0,0.0,0.0,0.0,0.0,0.0,0.0
Mandulog,2023,7,0,391.3,27.36774193548387,84.5524193548387,0.0,0.0,0.0,0.0,0.0,0.0,0.0,0.0
Mandulog,2023,8,0,315.7,27.503225806451614,83.02822580645162,0.0,0.0,0.0,0.0,0.0,0.0,0.0,0.0
Mandulog,2023,9,0,461.8,27.023333333333333,86.45694444444445,0.0,0.0,0.0,0.0,0.0,0.0,0.0,0.0
Mandulog,2023,10,0,219.7,26.990322580645163,85.48790322580645,0.0,0.0,0.0,0.0,0.0,0.0,0.0,0.0
Mandulog,2023,11,0,216.0,26.396666666666665,89.29027777777777,0.0,0.0,0.0,0.0,0.0,0.0,0.0,0.0
Mandulog,2023,12,1,183.6,26.219354838709677,89.28763440860214,0.0,0.0,0.0,0.0,0.0,0.0,1.0,0.0
Mandulog,2024,1,3,99.3,25.983870967741936,87.50940860215054,0.0,0.0,0.3333333333333333,0.0,0.0,0.0,0.3333333333333333,0.3333333333333333
Mandulog,2024,2,2,78.0,25.886206896551727,85.03735632183908,0.0,0.0,0.5,0.0,0.5,0.0,0.0,0.0
Mandulog,2024,3,0,48.7,26.693548387096776,80.3010752688172,0.0,0.0,0.0,0.0,0.0,0.0,0.0,0.0
Mandulog,2024,4,1,55.5,28.14333333333333,77.69722222222222,0.0,1.0,0.0,0.0,0.0,0.0,0.0,0.0
Mandulog,2024,5,0,111.1,28.719354838709677,78.03763440860214,0.0,0.0,0.0,0.0,0.0,0.0,0.0,0.0
Mandulog,2024,6,0,268.8,27.096666666666668,87.57638888888889,0.0,0.0,0.0,0.0,0.0,0.0,0.0,0.0
Mandulog,2024,7,0,424.40000000000003,26.993548387096773,87.25268817204301,0.0,0.0,0.0,0.0,0.0,0.0,0.0,0.0
Mandulog,2024,8,0,314.8,26.948387096774194,87.74327956989248,0.0,0.0,0.0,0.0,0.0,0.0,0.0,0.0
Mandulog,2024,9,2,292.3,27.523333333333333,84.44722222222222,0.0,0.0,0.0,0.5,0.0,0.0,0.5,0.0
Mandulog,2024,10,1,254.3,27.183870967741935,84.42069892473118,0.0,1.0,0.0,0.0,0.0,0.0,0.0,0.0
Mandulog,2024,11,1,124.8,27.42,82.27083333333333,0.0,0.0,0.0,0.0,1.0,0.0,0.0,0.0
Mandulog,2024,12,0,285.8,26.409677419354836,88.56182795698925,0.0,0.0,0.0,0.0,0.0,0.0,0.0,0.0
Mandulog,2025,1,1,117.9,26.15806451612903,87.52956989247312,0.0,1.0,0.0,0.0,0.0,0.0,0.0,0.0
Mandulog,2025,2,0,92.8,26.214285714285715,85.29017857142857,0.0,0.0,0.0,0.0,0.0,0.0,0.0,0.0
Mandulog,2025,3,1,128.9,26.506451612903227,86.22043010752688,0.0,0.0,1.0,0.0,0.0,0.0,0.0,0.0
Mandulog,2025,4,1,69.5,27.613333333333333,79.75138888888888,0.0,0.0,0.0,0.0,0.0,0.0,1.0,0.0
Mandulog,2025,5,1,256.2,27.12258064516129,86.25403225806451,0.0,0.0,0.0,0.0,1.0,0.0,0.0,0.0
Mandulog,2025,6,0,292.1,26.886666666666667,85.95972222222223,0.0,0.0,0.0,0.0,0.0,0.0,0.0,0.0
Mandulog,2025,7,0,168.4,27.96129032258065,78.06317204301075,0.0,0.0,0.0,0.0,0.0,0.0,0.0,0.0
Mandulog,2025,8,1,436.8,26.593548387096774,86.0241935483871,0.0,0.0,0.0,0.0,0.0,0.0,1.0,0.0
Mandulog,2025,9,1,274.3,26.779999999999998,84.84583333333333,0.0,0.0,0.0,0.0,1.0,0.0,0.0,0.0
Mandulog,2025,10,0,345.5,26.606451612903225,86.78360215053763,0.0,0.0,0.0,0.0,0.0,0.0,0.0,0.0
Mandulog,2025,11,0,266.3,26.55666666666667,86.72083333333333,0.0,0.0,0.0,0.0,0.0,0.0,0.0,0.0
Mandulog,2025,12,0,171.9,26.322580645161292,87.89516129032258,0.0,0.0,0.0,0.0,0.0,0.0,0.0,0.0
Mandulog,2026,1,0,115.2,25.822580645161292,84.18682795698925,0.0,0.0,0.0,0.0,0.0,0.0,0.0,0.0
Maria Cristina,2020,1,1,63.400000000000006,26.316129032258065,85.66397849462365,0.0,0.0,0.0,0.0,0.0,0.0,1.0,0.0
Maria Cristina,2020,2,1,98.7,25.731034482758623,86.48994252873563,0.0,0.0,0.0,0.0,0.0,0.0,1.0,0.0
Maria Cristina,2020,3,0,177.60000000000002,26.33225806451613,85.24462365591398,0.0,0.0,0.0,0.0,0.0,0.0,0.0,0.0
Maria Cristina,2020,4,1,46.2,27.509999999999998,80.39166666666667,0.0,0.0,0.0,0.0,0.0,0.0,1.0,0.0
Maria Cristina,2020,5,1,235.0,27.587096774193547,88.56048387096774,0.0,0.0,0.0,0.0,0.0,0.0,1.0,0.0
Maria Cristina,2020,6,1,481.8,26.81,89.87361111111112,0.0,0.0,0.0,0.0,0.0,0.0,0.0,1.0
Maria Cristina,2020,7,4,516.3,26.641935483870967,90.00940860215054,0.0,0.25,0.0,0.25,0.0,0.0,0.5,0.0
Maria Cristina,2020,8,3,283.8,26.967741935483872,88.1975806451613,0.3333333333333333,0.0,0.0,0.0,0.0,0.0,0.3333333333333333,0.3333333333333333
Maria Cristina,2020,9,3,453.5,26.923333333333336,89.24722222222222,0.0,0.0,0.3333333333333333,0.3333333333333333,0.0,0.0,0.0,0.3333333333333333
Maria Cristina,2020,10,1,504.29999999999995,26.55806451612903,90.60215053763442,0.0,0.0,0.0,0.0,1.0,0.0,0.0,0.0
Maria Cristina,2020,11,4,201.0,26.413333333333334,90.75972222222222,0.0,0.0,0.0,0.0,0.0,0.5,0.25,0.25
Maria Cristina,2020,12,1,284.9,26.187096774193545,90.4986559139785,0.0,0.0,1.0,0.0,0.0,0.0,0.0,0.0
Maria Cristina,2021,1,0,270.59999999999997,25.55806451612903,90.90591397849462,0.0,0.0,0.0,0.0,0.0,0.0,0.0,0.0
Maria Cristina,2021,2,1,204.1,25.635714285714283,90.38392857142857,0.0,0.0,0.0,0.0,0.0,0.0,0.0,1.0
Maria Cristina,2021,3,1,150.9,26.135483870967743,88.36559139784946,0.0,0.0,0.0,0.0,1.0,0.0,0.0,0.0
Maria Cristina,2021,4,3,119.9,26.88,85.50694444444444,0.3333333333333333,0.0,0.0,0.0,0.0,0.0,0.3333333333333333,0.3333333333333333
Maria Cristina,2021,5,4,412.90000000000003,26.948387096774194,88.83870967741936,0.0,0.0,0.5,0.0,0.0,0.0,0.5,0.0
Maria Cristina,2021,6,3,256.4,26.863333333333333,88.29583333333333,0.0,0.0,0.0,0.0,0.0,0.0,0.6666666666666666,0.3333333333333333
Maria Cristina,2021,7,2,301.0,27.65806451612903,82.94086021505376,0.0,0.0,0.0,0.0,0.0,0.0,0.5,0.5
Maria Cristina,2021,8,3,183.3,27.200000000000003,85.51344086021506,0.0,0.0,0.0,0.0,0.0,0.6666666666666666,0.3333333333333333,0.0
Maria Cristina,2021,9,2,343.0,26.756666666666668,88.62916666666666,0.0,0.0,0.0,0.0,0.0,0.0,0.5,0.5
Maria Cristina,2021,10,6,335.7,26.748387096774195,88.47983870967742,0.0,0.0,0.0,0.16666666666666666,0.3333333333333333,0.0,0.5,0.0
Maria Cristina,2021,11,5,327.7,26.176666666666666,91.05416666666666,0.2,0.0,0.0,0.2,0.2,0.2,0.0,0.2
Maria Cristina,2021,12,0,256.0,25.706451612903226,90.11290322580645,0.0,0.0,0.0,0.0,0.0,0.0,0.0,0.0
Maria Cristina,2022,1,1,144.2,25.48709677419355,89.05510752688173,0.0,0.0,0.0,0.0,0.0,1.0,0.0,0.0
Maria Cristina,2022,2,0,104.3,25.42142857142857,89.55059523809524,0.0,0.0,0.0,0.0,0.0,0.0,0.0,0.0
Maria Cristina,2022,3,1,325.59999999999997,26.003225806451614,90.24596774193549,0.0,0.0,0.0,0.0,0.0,0.0,1.0,0.0
Maria Cristina,2022,4,4,355.7,26.136666666666667,89.14166666666667,0.0,0.0,0.25,0.0,0.75,0.0,0.0,0.0
Maria Cristina,2022,5,3,345.3,26.54516129032258,89.87768817204301,0.0,0.0,0.0,0.0,0.3333333333333333,0.0,0.6666666666666666,0.0
Maria Cristina,2022,6,4,307.4,26.62,88.13888888888889,0.0,0.0,0.25,0.0,0.0,0.0,0.75,0.0
Maria Cristina,2022,7,4,572.2,26.596774193548388,89.55510752688173,0.0,0.0,0.0,0.0,0.25,0.0,0.75,0.0
Maria Cristina,2022,8,5,361.40000000000003,26.490322580645163,88.38306451612904,0.0,0.2,0.0,0.0,0.0,0.2,0.6,0.0
Maria Cristina,2022,9,5,348.6,26.970000000000002,86.91805555555555,0.0,0.0,0.0,0.0,0.2,0.4,0.4,0.0
Maria Cristina,2022,10,3,313.0,26.65806451612903,88.96774193548387,0.0,0.0,0.0,0.0,0.3333333333333333,0.3333333333333333,0.3333333333333333,0.0
Maria Cristina,2022,11,2,289.6,26.186666666666667,90.38888888888889,0.0,0.0,0.0,0.0,0.5,0.0,0.5,0.0
Maria Cristina,2022,12,5,302.3,25.69677419354839,91.02016129032258,0.0,0.2,0.2,0.0,0.0,0.0,0.4,0.2
Maria Cristina,2023,1,0,497.7,24.970967741935485,93.33198924731182,0.0,0.0,0.0,0.0,0.0,0.0,0.0,0.0
Maria Cristina,2023,2,0,303.5,25.260714285714283,91.73660714285714,0.0,0.0,0.0,0.0,0.0,0.0,0.0,0.0
Maria Cristina,2023,3,0,244.8,25.60967741935484,89.4260752688172,0.0,0.0,0.0,0.0,0.0,0.0,0.0,0.0
Maria Cristina,2023,4,2,135.4,26.83,85.39861111111111,0.0,0.5,0.0,0.0,0.0,0.0,0.5,0.0
Maria Cristina,2023,5,2,313.3,27.448387096774194,85.93548387096774,0.5,0.0,0.0,0.0,0.0,0.0,0.0,0.5
Maria Cristina,2023,6,3,419.9,27.026666666666664,87.42222222222222,0.0,0.0,0.0,0.3333333333333333,0.3333333333333333,0.0,0.3333333333333333,0.0
Maria Cristina,2023,7,6,391.3,27.36774193548387,84.5524193548387,0.16666666666666666,0.0,0.0,0.16666666666666666,0.0,0.0,0.3333333333333333,0.3333333333333333
Maria Cristina,2023,8,8,315.7,27.503225806451614,83.02822580645162,0.0,0.0,0.25,0.125,0.125,0.0,0.25,0.25
Maria Cristina,2023,9,6,461.8,27.023333333333333,86.45694444444445,0.16666666666666666,0.0,0.0,0.0,0.16666666666666666,0.0,0.16666666666666666,0.5
Maria Cristina,2023,10,12,219.7,26.990322580645163,85.48790322580645,0.08333333333333333,0.0,0.3333333333333333,0.08333333333333333,0.0,0.08333333333333333,0.16666666666666666,0.25
Maria Cristina,2023,11,9,216.0,26.396666666666665,89.29027777777777,0.1111111111111111,0.0,0.1111111111111111,0.1111111111111111,0.1111111111111111,0.1111111111111111,0.3333333333333333,0.1111111111111111
Maria Cristina,2023,12,14,183.6,26.219354838709677,89.28763440860214,0.0,0.07142857142857142,0.07142857142857142,0.07142857142857142,0.0,0.0,0.42857142857142855,0.35714285714285715
Maria Cristina,2024,1,9,99.3,25.983870967741936,87.50940860215054,0.1111111111111111,0.3333333333333333,0.0,0.1111111111111111,0.0,0.0,0.2222222222222222,0.2222222222222222
Maria Cristina,2024,2,3,78.0,25.886206896551727,85.03735632183908,0.0,0.3333333333333333,0.6666666666666666,0.0,0.0,0.0,0.0,0.0
Maria Cristina,2024,3,2,48.7,26.693548387096776,80.3010752688172,0.0,0.0,0.0,0.0,0.0,0.0,0.5,0.5
Maria Cristina,2024,4,3,55.5,28.14333333333333,77.69722222222222,0.0,0.0,0.0,0.0,0.0,0.3333333333333333,0.0,0.6666666666666666
Maria Cristina,2024,5,3,111.1,28.719354838709677,78.03763440860214,0.0,0.0,0.0,0.0,0.0,0.0,0.0,1.0
Maria Cristina,2024,6,3,268.8,27.096666666666668,87.57638888888889,0.0,0.0,0.0,0.0,0.0,0.0,0.3333333333333333,0.6666666666666666
Maria Cristina,2024,7,9,424.40000000000003,26.993548387096773,87.25268817204301,0.0,0.0,0.1111111111111111,0.2222222222222222,0.0,0.0,0.1111111111111111,0.5555555555555556
Maria Cristina,2024,8,8,314.8,26.948387096774194,87.74327956989248,0.0,0.0,0.0,0.125,0.0,0.0,0.375,0.5
Maria Cristina,2024,9,5,292.3,27.523333333333333,84.44722222222222,0.0,0.2,0.0,0.2,0.0,0.0,0.4,0.2
Maria Cristina,2024,10,8,254.3,27.183870967741935,84.42069892473118,0.0,0.0,0.0,0.125,0.0,0.125,0.25,0.5
Maria Cristina,2024,11,7,124.8,27.42,82.27083333333333,0.0,0.0,0.0,0.14285714285714285,0.14285714285714285,0.0,0.5714285714285714,0.14285714285714285
Maria Cristina,2024,12,6,285.8,26.409677419354836,88.56182795698925,0.3333333333333333,0.0,0.3333333333333333,0.16666666666666666,0.0,0.0,0.0,0.16666666666666666
Maria Cristina,2025,1,12,117.9,26.15806451612903,87.52956989247312,0.08333333333333333,0.0,0.08333333333333333,0.08333333333333333,0.0,0.16666666666666666,0.5833333333333334,0.0
Maria Cristina,2025,2,8,92.8,26.214285714285715,85.29017857142857,0.0,0.0,0.125,0.25,0.25,0.0,0.25,0.125
Maria Cristina,2025,3,7,128.9,26.506451612903227,86.22043010752688,0.0,0.0,0.0,0.14285714285714285,0.0,0.14285714285714285,0.5714285714285714,0.14285714285714285
Maria Cristina,2025,4,1,69.5,27.613333333333333,79.75138888888888,0.0,0.0,0.0,0.0,1.0,0.0,0.0,0.0
Maria Cristina,2025,5,3,256.2,27.12258064516129,86.25403225806451,0.0,0.0,0.3333333333333333,0.0,0.3333333333333333,0.3333333333333333,0.0,0.0
Maria Cristina,2025,6,2,292.1,26.886666666666667,85.95972222222223,0.0,0.0,0.0,0.0,0.0,0.0,1.0,0.0
Maria Cristina,2025,7,3,168.4,27.96129032258065,78.06317204301075,0.0,0.0,0.0,0.0,0.3333333333333333,0.0,0.3333333333333333,0.3333333333333333
Maria Cristina,2025,8,1,436.8,26.593548387096774,86.0241935483871,0.0,0.0,0.0,0.0,0.0,0.0,1.0,0.0
Maria Cristina,2025,9,3,274.3,26.779999999999998,84.84583333333333,0.0,0.0,0.3333333333333333,0.0,0.0,0.3333333333333333,0.0,0.3333333333333333
Maria Cristina,2025,10,2,345.5,26.606451612903225,86.78360215053763,0.0,0.0,0.0,0.0,0.5,0.0,0.5,0.0
Maria Cristina,2025,11,4,266.3,26.55666666666667,86.72083333333333,0.0,0.0,0.25,0.0,0.0,0.25,0.5,0.0
Maria Cristina,2025,12,0,171.9,26.322580645161292,87.89516129032258,0.0,0.0,0.0,0.0,0.0,0.0,0.0,0.0
Maria Cristina,2026,1,0,115.2,25.822580645161292,84.18682795698925,0.0,0.0,0.0,0.0,0.0,0.0,0.0,0.0
Palao,2020,1,1,63.400000000000006,26.316129032258065,85.66397849462365,0.0,0.0,0.0,0.0,1.0,0.0,0.0,0.0
Palao,2020,2,0,98.7,25.731034482758623,86.48994252873563,0.0,0.0,0.0,0.0,0.0,0.0,0.0,0.0
Palao,2020,3,2,177.60000000000002,26.33225806451613,85.24462365591398,0.0,0.0,0.0,0.0,0.0,0.5,0.5,0.0
Palao,2020,4,1,46.2,27.509999999999998,80.39166666666667,0.0,0.0,0.0,0.0,0.0,0.0,1.0,0.0
Palao,2020,5,3,235.0,27.587096774193547,88.56048387096774,0.0,0.0,0.0,0.3333333333333333,0.0,0.6666666666666666,0.0,0.0
Palao,2020,6,4,481.8,26.81,89.87361111111112,0.0,0.25,0.0,0.25,0.0,0.0,0.5,0.0
Palao,2020,7,0,516.3,26.641935483870967,90.00940860215054,0.0,0.0,0.0,0.0,0.0,0.0,0.0,0.0
Palao,2020,8,2,283.8,26.967741935483872,88.1975806451613,0.0,0.0,0.0,0.0,0.0,0.5,0.0,0.5
Palao,2020,9,0,453.5,26.923333333333336,89.24722222222222,0.0,0.0,0.0,0.0,0.0,0.0,0.0,0.0
Palao,2020,10,2,504.29999999999995,26.55806451612903,90.60215053763442,0.0,0.0,0.0,0.0,0.5,0.0,0.5,0.0
Palao,2020,11,2,201.0,26.413333333333334,90.75972222222222,0.5,0.0,0.0,0.0,0.0,0.0,0.5,0.0
Palao,2020,12,2,284.9,26.187096774193545,90.4986559139785,0.0,0.0,0.0,0.0,0.0,0.0,0.5,0.5
Palao,2021,1,3,270.59999999999997,25.55806451612903,90.90591397849462,0.0,0.0,0.3333333333333333,0.0,0.0,0.0,0.0,0.6666666666666666
Palao,2021,2,2,204.1,25.635714285714283,90.38392857142857,0.0,0.0,0.0,0.0,0.0,0.0,1.0,0.0
Palao,2021,3,2,150.9,26.135483870967743,88.36559139784946,0.0,0.0,0.0,0.0,0.0,0.0,0.0,1.0
Palao,2021,4,2,119.9,26.88,85.50694444444444,0.0,0.0,0.0,0.0,0.0,1.0,0.0,0.0
Palao,2021,5,5,412.90000000000003,26.948387096774194,88.83870967741936,0.0,0.0,0.2,0.0,0.0,0.4,0.2,0.2
Palao,2021,6,1,256.4,26.863333333333333,88.29583333333333,0.0,0.0,0.0,1.0,0.0,0.0,0.0,0.0
Palao,2021,7,3,301.0,27.65806451612903,82.94086021505376,0.0,0.0,0.0,0.0,0.0,0.3333333333333333,0.6666666666666666,0.0
Palao,2021,8,4,183.3,27.200000000000003,85.51344086021506,0.0,0.0,0.0,0.25,0.0,0.0,0.75,0.0
Palao,2021,9,5,343.0,26.756666666666668,88.62916666666666,0.0,0.0,0.0,0.0,0.0,0.0,0.8,0.2
Palao,2021,10,5,335.7,26.748387096774195,88.47983870967742,0.0,0.2,0.2,0.0,0.0,0.0,0.2,0.4
Palao,2021,11,3,327.7,26.176666666666666,91.05416666666666,0.0,0.0,0.0,0.0,0.0,0.3333333333333333,0.0,0.6666666666666666
Palao,2021,12,0,256.0,25.706451612903226,90.11290322580645,0.0,0.0,0.0,0.0,0.0,0.0,0.0,0.0
Palao,2022,1,4,144.2,25.48709677419355,89.05510752688173,0.0,0.0,0.25,0.25,0.5,0.0,0.0,0.0
Palao,2022,2,2,104.3,25.42142857142857,89.55059523809524,0.0,0.0,0.0,0.0,0.0,0.0,0.5,0.5
Palao,2022,3,5,325.59999999999997,26.003225806451614,90.24596774193549,0.0,0.0,0.0,0.2,0.0,0.0,0.6,0.2
Palao,2022,4,4,355.7,26.136666666666667,89.14166666666667,0.0,0.0,0.25,0.25,0.0,0.25,0.25,0.0
Palao,2022,5,1,345.3,26.54516129032258,89.87768817204301,0.0,0.0,0.0,0.0,0.0,0.0,1.0,0.0
Palao,2022,6,6,307.4,26.62,88.13888888888889,0.0,0.0,0.0,0.0,0.0,0.0,1.0,0.0
Palao,2022,7,2,572.2,26.596774193548388,89.55510752688173,0.5,0.0,0.0,0.0,0.0,0.0,0.5,0.0
Palao,2022,8,1,361.40000000000003,26.490322580645163,88.38306451612904,0.0,0.0,0.0,0.0,0.0,0.0,1.0,0.0
Palao,2022,9,7,348.6,26.970000000000002,86.91805555555555,0.0,0.14285714285714285,0.14285714285714285,0.14285714285714285,0.0,0.2857142857142857,0.2857142857142857,0.0
Palao,2022,10,4,313.0,26.65806451612903,88.96774193548387,0.0,0.0,0.0,0.0,0.0,0.25,0.5,0.25
Palao,2022,11,1,289.6,26.186666666666667,90.38888888888889,0.0,0.0,0.0,0.0,0.0,0.0,0.0,1.0
Palao,2022,12,2,302.3,25.69677419354839,91.02016129032258,0.0,0.0,0.0,0.0,0.0,0.0,0.0,1.0
Palao,2023,1,0,497.7,24.970967741935485,93.33198924731182,0.0,0.0,0.0,0.0,0.0,0.0,0.0,0.0
Palao,2023,2,0,303.5,25.260714285714283,91.73660714285714,0.0,0.0,0.0,0.0,0.0,0.0,0.0,0.0
Palao,2023,3,0,244.8,25.60967741935484,89.4260752688172,0.0,0.0,0.0,0.0,0.0,0.0,0.0,0.0
Palao,2023,4,0,135.4,26.83,85.39861111111111,0.0,0.0,0.0,0.0,0.0,0.0,0.0,0.0
Palao,2023,5,3,313.3,27.448387096774194,85.93548387096774,0.3333333333333333,0.3333333333333333,0.0,0.3333333333333333,0.0,0.0,0.0,0.0
Palao,2023,6,7,419.9,27.026666666666664,87.42222222222222,0.0,0.0,0.0,0.14285714285714285,0.0,0.0,0.2857142857142857,0.5714285714285714
Palao,2023,7,8,391.3,27.36774193548387,84.5524193548387,0.0,0.0,0.125,0.0,0.0,0.0,0.625,0.25
Palao,2023,8,17,315.7,27.503225806451614,83.02822580645162,0.058823529411764705,0.058823529411764705,0.11764705882352941,0.058823529411764705,0.0,0.0,0.4117647058823529,0.29411764705882354
Palao,2023,9,20,461.8,27.023333333333333,86.45694444444445,0.05,0.0,0.1,0.1,0.05,0.0,0.55,0.15
Palao,2023,10,6,219.7,26.990322580645163,85.48790322580645,0.0,0.0,0.16666666666666666,0.0,0.16666666666666666,0.16666666666666666,0.5,0.0
Palao,2023,11,6,216.0,26.396666666666665,89.29027777777777,0.0,0.0,0.3333333333333333,0.0,0.3333333333333333,0.0,0.3333333333333333,0.0
Palao,2023,12,11,183.6,26.219354838709677,89.28763440860214,0.09090909090909091,0.0,0.0,0.09090909090909091,0.0,0.0,0.5454545454545454,0.2727272727272727
Palao,2024,1,8,99.3,25.983870967741936,87.50940860215054,0.0,0.375,0.0,0.0,0.0,0.0,0.25,0.375
Palao,2024,2,2,78.0,25.886206896551727,85.03735632183908,0.0,0.0,0.5,0.5,0.0,0.0,0.0,0.0
Palao,2024,3,28,48.7,26.693548387096776,80.3010752688172,0.0,0.14285714285714285,0.17857142857142858,0.07142857142857142,0.0,0.03571428571428571,0.2857142857142857,0.2857142857142857
Palao,2024,4,1,55.5,28.14333333333333,77.69722222222222,0.0,0.0,0.0,0.0,0.0,0.0,0.0,1.0
Palao,2024,5,2,111.1,28.719354838709677,78.03763440860214,0.0,0.0,0.0,0.0,0.0,0.0,0.5,0.5
Palao,2024,6,1,268.8,27.096666666666668,87.57638888888889,0.0,0.0,0.0,1.0,0.0,0.0,0.0,0.0
Palao,2024,7,4,424.40000000000003,26.993548387096773,87.25268817204301,0.0,0.0,0.0,0.25,0.25,0.0,0.5,0.0
Palao,2024,8,16,314.8,26.948387096774194,87.74327956989248,0.0,0.125,0.0625,0.0625,0.0625,0.0,0.375,0.3125
Palao,2024,9,10,292.3,27.523333333333333,84.44722222222222,0.0,0.3,0.2,0.0,0.0,0.0,0.3,0.2
Palao,2024,10,8,254.3,27.183870967741935,84.42069892473118,0.125,0.125,0.375,0.125,0.0,0.0,0.125,0.125
Palao,2024,11,2,124.8,27.42,82.27083333333333,0.0,0.0,0.0,0.0,0.5,0.0,0.0,0.5
Palao,2024,12,3,285.8,26.409677419354836,88.56182795698925,0.0,0.3333333333333333,0.3333333333333333,0.0,0.3333333333333333,0.0,0.0,0.0
Palao,2025,1,2,117.9,26.15806451612903,87.52956989247312,0.0,0.0,0.0,0.5,0.0,0.0,0.0,0.5
Palao,2025,2,9,92.8,26.214285714285715,85.29017857142857,0.0,0.0,0.2222222222222222,0.0,0.1111111111111111,0.1111111111111111,0.2222222222222222,0.3333333333333333
Palao,2025,3,0,128.9,26.506451612903227,86.22043010752688,0.0,0.0,0.0,0.0,0.0,0.0,0.0,0.0
Palao,2025,4,4,69.5,27.613333333333333,79.75138888888888,0.0,0.0,0.25,0.0,0.0,0.25,0.25,0.25
Palao,2025,5,2,256.2,27.12258064516129,86.25403225806451,0.0,0.0,0.0,0.0,0.0,1.0,0.0,0.0
Palao,2025,6,1,292.1,26.886666666666667,85.95972222222223,0.0,0.0,0.0,1.0,0.0,0.0,0.0,0.0
Palao,2025,7,6,168.4,27.96129032258065,78.06317204301075,0.0,0.0,0.0,0.0,0.3333333333333333,0.0,0.5,0.16666666666666666
Palao,2025,8,7,436.8,26.593548387096774,86.0241935483871,0.0,0.0,0.0,0.2857142857142857,0.0,0.0,0.42857142857142855,0.2857142857142857
Palao,2025,9,6,274.3,26.779999999999998,84.84583333333333,0.0,0.16666666666666666,0.16666666666666666,0.0,0.0,0.16666666666666666,0.3333333333333333,0.16666666666666666
Palao,2025,10,1,345.5,26.606451612903225,86.78360215053763,0.0,0.0,0.0,0.0,0.0,0.0,0.0,1.0
Palao,2025,11,4,266.3,26.55666666666667,86.72083333333333,0.0,0.25,0.25,0.0,0.0,0.25,0.25,0.0
Palao,2025,12,0,171.9,26.322580645161292,87.89516129032258,0.0,0.0,0.0,0.0,0.0,0.0,0.0,0.0
Palao,2026,1,0,115.2,25.822580645161292,84.18682795698925,0.0,0.0,0.0,0.0,0.0,0.0,0.0,0.0
Panoroganan,2020,1,0,63.400000000000006,26.316129032258065,85.66397849462365,0.0,0.0,0.0,0.0,0.0,0.0,0.0,0.0
Panoroganan,2020,2,0,98.7,25.731034482758623,86.48994252873563,0.0,0.0,0.0,0.0,0.0,0.0,0.0,0.0
Panoroganan,2020,3,0,177.60000000000002,26.33225806451613,85.24462365591398,0.0,0.0,0.0,0.0,0.0,0.0,0.0,0.0
Panoroganan,2020,4,0,46.2,27.509999999999998,80.39166666666667,0.0,0.0,0.0,0.0,0.0,0.0,0.0,0.0
Panoroganan,2020,5,0,235.0,27.587096774193547,88.56048387096774,0.0,0.0,0.0,0.0,0.0,0.0,0.0,0.0
Panoroganan,2020,6,0,481.8,26.81,89.87361111111112,0.0,0.0,0.0,0.0,0.0,0.0,0.0,0.0
Panoroganan,2020,7,0,516.3,26.641935483870967,90.00940860215054,0.0,0.0,0.0,0.0,0.0,0.0,0.0,0.0
Panoroganan,2020,8,0,283.8,26.967741935483872,88.1975806451613,0.0,0.0,0.0,0.0,0.0,0.0,0.0,0.0
Panoroganan,2020,9,0,453.5,26.923333333333336,89.24722222222222,0.0,0.0,0.0,0.0,0.0,0.0,0.0,0.0
Panoroganan,2020,10,0,504.29999999999995,26.55806451612903,90.60215053763442,0.0,0.0,0.0,0.0,0.0,0.0,0.0,0.0
Panoroganan,2020,11,0,201.0,26.413333333333334,90.75972222222222,0.0,0.0,0.0,0.0,0.0,0.0,0.0,0.0
Panoroganan,2020,12,0,284.9,26.187096774193545,90.4986559139785,0.0,0.0,0.0,0.0,0.0,0.0,0.0,0.0
Panoroganan,2021,1,0,270.59999999999997,25.55806451612903,90.90591397849462,0.0,0.0,0.0,0.0,0.0,0.0,0.0,0.0
Panoroganan,2021,2,0,204.1,25.635714285714283,90.38392857142857,0.0,0.0,0.0,0.0,0.0,0.0,0.0,0.0
Panoroganan,2021,3,0,150.9,26.135483870967743,88.36559139784946,0.0,0.0,0.0,0.0,0.0,0.0,0.0,0.0
Panoroganan,2021,4,0,119.9,26.88,85.50694444444444,0.0,0.0,0.0,0.0,0.0,0.0,0.0,0.0
Panoroganan,2021,5,0,412.90000000000003,26.948387096774194,88.83870967741936,0.0,0.0,0.0,0.0,0.0,0.0,0.0,0.0
Panoroganan,2021,6,0,256.4,26.863333333333333,88.29583333333333,0.0,0.0,0.0,0.0,0.0,0.0,0.0,0.0
Panoroganan,2021,7,0,301.0,27.65806451612903,82.94086021505376,0.0,0.0,0.0,0.0,0.0,0.0,0.0,0.0
Panoroganan,2021,8,0,183.3,27.200000000000003,85.51344086021506,0.0,0.0,0.0,0.0,0.0,0.0,0.0,0.0
Panoroganan,2021,9,0,343.0,26.756666666666668,88.62916666666666,0.0,0.0,0.0,0.0,0.0,0.0,0.0,0.0
Panoroganan,2021,10,0,335.7,26.748387096774195,88.47983870967742,0.0,0.0,0.0,0.0,0.0,0.0,0.0,0.0
Panoroganan,2021,11,0,327.7,26.176666666666666,91.05416666666666,0.0,0.0,0.0,0.0,0.0,0.0,0.0,0.0
Panoroganan,2021,12,0,256.0,25.706451612903226,90.11290322580645,0.0,0.0,0.0,0.0,0.0,0.0,0.0,0.0
Panoroganan,2022,1,0,144.2,25.48709677419355,89.05510752688173,0.0,0.0,0.0,0.0,0.0,0.0,0.0,0.0
Panoroganan,2022,2,1,104.3,25.42142857142857,89.55059523809524,0.0,0.0,1.0,0.0,0.0,0.0,0.0,0.0
Panoroganan,2022,3,0,325.59999999999997,26.003225806451614,90.24596774193549,0.0,0.0,0.0,0.0,0.0,0.0,0.0,0.0
Panoroganan,2022,4,0,355.7,26.136666666666667,89.14166666666667,0.0,0.0,0.0,0.0,0.0,0.0,0.0,0.0
Panoroganan,2022,5,0,345.3,26.54516129032258,89.87768817204301,0.0,0.0,0.0,0.0,0.0,0.0,0.0,0.0
Panoroganan,2022,6,0,307.4,26.62,88.13888888888889,0.0,0.0,0.0,0.0,0.0,0.0,0.0,0.0
Panoroganan,2022,7,0,572.2,26.596774193548388,89.55510752688173,0.0,0.0,0.0,0.0,0.0,0.0,0.0,0.0
Panoroganan,2022,8,0,361.40000000000003,26.490322580645163,88.38306451612904,0.0,0.0,0.0,0.0,0.0,0.0,0.0,0.0
Panoroganan,2022,9,0,348.6,26.970000000000002,86.91805555555555,0.0,0.0,0.0,0.0,0.0,0.0,0.0,0.0
Panoroganan,2022,10,0,313.0,26.65806451612903,88.96774193548387,0.0,0.0,0.0,0.0,0.0,0.0,0.0,0.0
Panoroganan,2022,11,0,289.6,26.186666666666667,90.38888888888889,0.0,0.0,0.0,0.0,0.0,0.0,0.0,0.0
Panoroganan,2022,12,0,302.3,25.69677419354839,91.02016129032258,0.0,0.0,0.0,0.0,0.0,0.0,0.0,0.0
Panoroganan,2023,1,0,497.7,24.970967741935485,93.33198924731182,0.0,0.0,0.0,0.0,0.0,0.0,0.0,0.0
Panoroganan,2023,2,0,303.5,25.260714285714283,91.73660714285714,0.0,0.0,0.0,0.0,0.0,0.0,0.0,0.0
Panoroganan,2023,3,0,244.8,25.60967741935484,89.4260752688172,0.0,0.0,0.0,0.0,0.0,0.0,0.0,0.0
Panoroganan,2023,4,0,135.4,26.83,85.39861111111111,0.0,0.0,0.0,0.0,0.0,0.0,0.0,0.0
Panoroganan,2023,5,0,313.3,27.448387096774194,85.93548387096774,0.0,0.0,0.0,0.0,0.0,0.0,0.0,0.0
Panoroganan,2023,6,0,419.9,27.026666666666664,87.42222222222222,0.0,0.0,0.0,0.0,0.0,0.0,0.0,0.0
Panoroganan,2023,7,0,391.3,27.36774193548387,84.5524193548387,0.0,0.0,0.0,0.0,0.0,0.0,0.0,0.0
Panoroganan,2023,8,0,315.7,27.503225806451614,83.02822580645162,0.0,0.0,0.0,0.0,0.0,0.0,0.0,0.0
Panoroganan,2023,9,0,461.8,27.023333333333333,86.45694444444445,0.0,0.0,0.0,0.0,0.0,0.0,0.0,0.0
Panoroganan,2023,10,0,219.7,26.990322580645163,85.48790322580645,0.0,0.0,0.0,0.0,0.0,0.0,0.0,0.0
Panoroganan,2023,11,0,216.0,26.396666666666665,89.29027777777777,0.0,0.0,0.0,0.0,0.0,0.0,0.0,0.0
Panoroganan,2023,12,0,183.6,26.219354838709677,89.28763440860214,0.0,0.0,0.0,0.0,0.0,0.0,0.0,0.0
Panoroganan,2024,1,0,99.3,25.983870967741936,87.50940860215054,0.0,0.0,0.0,0.0,0.0,0.0,0.0,0.0
Panoroganan,2024,2,0,78.0,25.886206896551727,85.03735632183908,0.0,0.0,0.0,0.0,0.0,0.0,0.0,0.0
Panoroganan,2024,3,0,48.7,26.693548387096776,80.3010752688172,0.0,0.0,0.0,0.0,0.0,0.0,0.0,0.0
Panoroganan,2024,4,0,55.5,28.14333333333333,77.69722222222222,0.0,0.0,0.0,0.0,0.0,0.0,0.0,0.0
Panoroganan,2024,5,0,111.1,28.719354838709677,78.03763440860214,0.0,0.0,0.0,0.0,0.0,0.0,0.0,0.0
Panoroganan,2024,6,0,268.8,27.096666666666668,87.57638888888889,0.0,0.0,0.0,0.0,0.0,0.0,0.0,0.0
Panoroganan,2024,7,0,424.40000000000003,26.993548387096773,87.25268817204301,0.0,0.0,0.0,0.0,0.0,0.0,0.0,0.0
Panoroganan,2024,8,0,314.8,26.948387096774194,87.74327956989248,0.0,0.0,0.0,0.0,0.0,0.0,0.0,0.0
Panoroganan,2024,9,0,292.3,27.523333333333333,84.44722222222222,0.0,0.0,0.0,0.0,0.0,0.0,0.0,0.0
Panoroganan,2024,10,0,254.3,27.183870967741935,84.42069892473118,0.0,0.0,0.0,0.0,0.0,0.0,0.0,0.0
Panoroganan,2024,11,0,124.8,27.42,82.27083333333333,0.0,0.0,0.0,0.0,0.0,0.0,0.0,0.0
Panoroganan,2024,12,0,285.8,26.409677419354836,88.56182795698925,0.0,0.0,0.0,0.0,0.0,0.0,0.0,0.0
Panoroganan,2025,1,0,117.9,26.15806451612903,87.52956989247312,0.0,0.0,0.0,0.0,0.0,0.0,0.0,0.0
Panoroganan,2025,2,0,92.8,26.214285714285715,85.29017857142857,0.0,0.0,0.0,0.0,0.0,0.0,0.0,0.0
Panoroganan,2025,3,0,128.9,26.506451612903227,86.22043010752688,0.0,0.0,0.0,0.0,0.0,0.0,0.0,0.0
Panoroganan,2025,4,0,69.5,27.613333333333333,79.75138888888888,0.0,0.0,0.0,0.0,0.0,0.0,0.0,0.0
Panoroganan,2025,5,0,256.2,27.12258064516129,86.25403225806451,0.0,0.0,0.0,0.0,0.0,0.0,0.0,0.0
Panoroganan,2025,6,0,292.1,26.886666666666667,85.95972222222223,0.0,0.0,0.0,0.0,0.0,0.0,0.0,0.0
Panoroganan,2025,7,0,168.4,27.96129032258065,78.06317204301075,0.0,0.0,0.0,0.0,0.0,0.0,0.0,0.0
Panoroganan,2025,8,0,436.8,26.593548387096774,86.0241935483871,0.0,0.0,0.0,0.0,0.0,0.0,0.0,0.0
Panoroganan,2025,9,0,274.3,26.779999999999998,84.84583333333333,0.0,0.0,0.0,0.0,0.0,0.0,0.0,0.0
Panoroganan,2025,10,1,345.5,26.606451612903225,86.78360215053763,0.0,0.0,1.0,0.0,0.0,0.0,0.0,0.0
Panoroganan,2025,11,0,266.3,26.55666666666667,86.72083333333333,0.0,0.0,0.0,0.0,0.0,0.0,0.0,0.0
Panoroganan,2025,12,0,171.9,26.322580645161292,87.89516129032258,0.0,0.0,0.0,0.0,0.0,0.0,0.0,0.0
Panoroganan,2026,1,0,115.2,25.822580645161292,84.18682795698925,0.0,0.0,0.0,0.0,0.0,0.0,0.0,0.0
Poblacion,2020,1,0,63.400000000000006,26.316129032258065,85.66397849462365,0.0,0.0,0.0,0.0,0.0,0.0,0.0,0.0
Poblacion,2020,2,1,98.7,25.731034482758623,86.48994252873563,0.0,0.0,0.0,0.0,0.0,0.0,0.0,1.0
Poblacion,2020,3,1,177.60000000000002,26.33225806451613,85.24462365591398,0.0,0.0,0.0,0.0,0.0,0.0,0.0,1.0
Poblacion,2020,4,1,46.2,27.509999999999998,80.39166666666667,0.0,1.0,0.0,0.0,0.0,0.0,0.0,0.0
Poblacion,2020,5,0,235.0,27.587096774193547,88.56048387096774,0.0,0.0,0.0,0.0,0.0,0.0,0.0,0.0
Poblacion,2020,6,0,481.8,26.81,89.87361111111112,0.0,0.0,0.0,0.0,0.0,0.0,0.0,0.0
Poblacion,2020,7,1,516.3,26.641935483870967,90.00940860215054,0.0,1.0,0.0,0.0,0.0,0.0,0.0,0.0
Poblacion,2020,8,0,283.8,26.967741935483872,88.1975806451613,0.0,0.0,0.0,0.0,0.0,0.0,0.0,0.0
Poblacion,2020,9,1,453.5,26.923333333333336,89.24722222222222,0.0,0.0,0.0,0.0,0.0,0.0,1.0,0.0
Poblacion,2020,10,1,504.29999999999995,26.55806451612903,90.60215053763442,0.0,0.0,0.0,0.0,0.0,1.0,0.0,0.0
Poblacion,2020,11,1,201.0,26.413333333333334,90.75972222222222,0.0,1.0,0.0,0.0,0.0,0.0,0.0,0.0
Poblacion,2020,12,1,284.9,26.187096774193545,90.4986559139785,0.0,0.0,0.0,0.0,1.0,0.0,0.0,0.0
Poblacion,2021,1,0,270.59999999999997,25.55806451612903,90.90591397849462,0.0,0.0,0.0,0.0,0.0,0.0,0.0,0.0
Poblacion,2021,2,1,204.1,25.635714285714283,90.38392857142857,0.0,0.0,0.0,0.0,0.0,0.0,0.0,1.0
Poblacion,2021,3,0,150.9,26.135483870967743,88.36559139784946,0.0,0.0,0.0,0.0,0.0,0.0,0.0,0.0
Poblacion,2021,4,0,119.9,26.88,85.50694444444444,0.0,0.0,0.0,0.0,0.0,0.0,0.0,0.0
Poblacion,2021,5,1,412.90000000000003,26.948387096774194,88.83870967741936,0.0,0.0,0.0,0.0,1.0,0.0,0.0,0.0
Poblacion,2021,6,0,256.4,26.863333333333333,88.29583333333333,0.0,0.0,0.0,0.0,0.0,0.0,0.0,0.0
Poblacion,2021,7,0,301.0,27.65806451612903,82.94086021505376,0.0,0.0,0.0,0.0,0.0,0.0,0.0,0.0
Poblacion,2021,8,3,183.3,27.200000000000003,85.51344086021506,0.0,0.0,0.3333333333333333,0.0,0.0,0.0,0.6666666666666666,0.0
Poblacion,2021,9,0,343.0,26.756666666666668,88.62916666666666,0.0,0.0,0.0,0.0,0.0,0.0,0.0,0.0
Poblacion,2021,10,2,335.7,26.748387096774195,88.47983870967742,0.0,0.0,0.5,0.5,0.0,0.0,0.0,0.0
Poblacion,2021,11,4,327.7,26.176666666666666,91.05416666666666,0.0,0.25,0.0,0.0,0.0,0.0,0.5,0.25
Poblacion,2021,12,1,256.0,25.706451612903226,90.11290322580645,0.0,0.0,0.0,1.0,0.0,0.0,0.0,0.0
Poblacion,2022,1,1,144.2,25.48709677419355,89.05510752688173,0.0,0.0,0.0,1.0,0.0,0.0,0.0,0.0
Poblacion,2022,2,0,104.3,25.42142857142857,89.55059523809524,0.0,0.0,0.0,0.0,0.0,0.0,0.0,0.0
Poblacion,2022,3,0,325.59999999999997,26.003225806451614,90.24596774193549,0.0,0.0,0.0,0.0,0.0,0.0,0.0,0.0
Poblacion,2022,4,1,355.7,26.136666666666667,89.14166666666667,0.0,1.0,0.0,0.0,0.0,0.0,0.0,0.0
Poblacion,2022,5,2,345.3,26.54516129032258,89.87768817204301,0.0,0.0,0.0,0.0,0.0,0.5,0.0,0.5
Poblacion,2022,6,2,307.4,26.62,88.13888888888889,0.0,0.0,0.0,0.0,0.0,0.0,0.0,1.0
Poblacion,2022,7,3,572.2,26.596774193548388,89.55510752688173,0.0,0.0,0.0,0.0,0.0,0.0,0.6666666666666666,0.3333333333333333
Poblacion,2022,8,1,361.40000000000003,26.490322580645163,88.38306451612904,0.0,0.0,0.0,0.0,0.0,0.0,1.0,0.0
Poblacion,2022,9,1,348.6,26.970000000000002,86.91805555555555,0.0,0.0,0.0,0.0,1.0,0.0,0.0,0.0
Poblacion,2022,10,2,313.0,26.65806451612903,88.96774193548387,0.0,0.5,0.5,0.0,0.0,0.0,0.0,0.0
Poblacion,2022,11,0,289.6,26.186666666666667,90.38888888888889,0.0,0.0,0.0,0.0,0.0,0.0,0.0,0.0
Poblacion,2022,12,0,302.3,25.69677419354839,91.02016129032258,0.0,0.0,0.0,0.0,0.0,0.0,0.0,0.0
Poblacion,2023,1,0,497.7,24.970967741935485,93.33198924731182,0.0,0.0,0.0,0.0,0.0,0.0,0.0,0.0
Poblacion,2023,2,0,303.5,25.260714285714283,91.73660714285714,0.0,0.0,0.0,0.0,0.0,0.0,0.0,0.0
Poblacion,2023,3,0,244.8,25.60967741935484,89.4260752688172,0.0,0.0,0.0,0.0,0.0,0.0,0.0,0.0
Poblacion,2023,4,0,135.4,26.83,85.39861111111111,0.0,0.0,0.0,0.0,0.0,0.0,0.0,0.0
Poblacion,2023,5,0,313.3,27.448387096774194,85.93548387096774,0.0,0.0,0.0,0.0,0.0,0.0,0.0,0.0
Poblacion,2023,6,1,419.9,27.026666666666664,87.42222222222222,0.0,0.0,0.0,0.0,1.0,0.0,0.0,0.0
Poblacion,2023,7,6,391.3,27.36774193548387,84.5524193548387,0.0,0.0,0.0,0.0,0.0,0.0,0.16666666666666666,0.8333333333333334
Poblacion,2023,8,2,315.7,27.503225806451614,83.02822580645162,0.0,0.0,0.0,0.0,0.0,0.0,0.5,0.5
Poblacion,2023,9,3,461.8,27.023333333333333,86.45694444444445,0.0,0.0,0.0,0.0,0.0,0.0,0.6666666666666666,0.3333333333333333
Poblacion,2023,10,1,219.7,26.990322580645163,85.48790322580645,0.0,0.0,0.0,0.0,0.0,0.0,1.0,0.0
Poblacion,2023,11,4,216.0,26.396666666666665,89.29027777777777,0.0,0.0,0.25,0.0,0.0,0.25,0.5,0.0
Poblacion,2023,12,1,183.6,26.219354838709677,89.28763440860214,0.0,0.0,0.0,0.0,0.0,0.0,0.0,1.0
Poblacion,2024,1,3,99.3,25.983870967741936,87.50940860215054,0.0,0.0,0.6666666666666666,0.0,0.0,0.0,0.3333333333333333,0.0
Poblacion,2024,2,0,78.0,25.886206896551727,85.03735632183908,0.0,0.0,0.0,0.0,0.0,0.0,0.0,0.0
Poblacion,2024,3,2,48.7,26.693548387096776,80.3010752688172,0.0,0.0,0.5,0.0,0.0,0.0,0.5,0.0
Poblacion,2024,4,2,55.5,28.14333333333333,77.69722222222222,0.0,0.5,0.0,0.0,0.0,0.0,0.5,0.0
Poblacion,2024,5,1,111.1,28.719354838709677,78.03763440860214,0.0,0.0,0.0,0.0,0.0,0.0,0.0,1.0
Poblacion,2024,6,0,268.8,27.096666666666668,87.57638888888889,0.0,0.0,0.0,0.0,0.0,0.0,0.0,0.0
Poblacion,2024,7,1,424.40000000000003,26.993548387096773,87.25268817204301,0.0,0.0,0.0,0.0,0.0,0.0,1.0,0.0
Poblacion,2024,8,4,314.8,26.948387096774194,87.74327956989248,0.0,0.0,0.0,0.0,0.0,0.0,0.75,0.25
Poblacion,2024,9,4,292.3,27.523333333333333,84.44722222222222,0.0,0.0,0.0,0.25,0.0,0.0,0.5,0.25
Poblacion,2024,10,0,254.3,27.183870967741935,84.42069892473118,0.0,0.0,0.0,0.0,0.0,0.0,0.0,0.0
Poblacion,2024,11,1,124.8,27.42,82.27083333333333,0.0,0.0,0.0,0.0,0.0,0.0,0.0,1.0
Poblacion,2024,12,0,285.8,26.409677419354836,88.56182795698925,0.0,0.0,0.0,0.0,0.0,0.0,0.0,0.0
Poblacion,2025,1,3,117.9,26.15806451612903,87.52956989247312,0.0,0.3333333333333333,0.0,0.0,0.0,0.0,0.3333333333333333,0.3333333333333333
Poblacion,2025,2,3,92.8,26.214285714285715,85.29017857142857,0.0,0.0,0.0,0.3333333333333333,0.6666666666666666,0.0,0.0,0.0
Poblacion,2025,3,0,128.9,26.506451612903227,86.22043010752688,0.0,0.0,0.0,0.0,0.0,0.0,0.0,0.0
Poblacion,2025,4,2,69.5,27.613333333333333,79.75138888888888,0.0,0.0,0.0,0.0,0.0,0.0,0.5,0.5
Poblacion,2025,5,3,256.2,27.12258064516129,86.25403225806451,0.0,0.0,0.0,0.3333333333333333,0.3333333333333333,0.0,0.0,0.3333333333333333
Poblacion,2025,6,1,292.1,26.886666666666667,85.95972222222223,0.0,0.0,0.0,0.0,0.0,1.0,0.0,0.0
Poblacion,2025,7,0,168.4,27.96129032258065,78.06317204301075,0.0,0.0,0.0,0.0,0.0,0.0,0.0,0.0
Poblacion,2025,8,1,436.8,26.593548387096774,86.0241935483871,0.0,0.0,0.0,0.0,0.0,1.0,0.0,0.0
Poblacion,2025,9,1,274.3,26.779999999999998,84.84583333333333,0.0,1.0,0.0,0.0,0.0,0.0,0.0,0.0
Poblacion,2025,10,0,345.5,26.606451612903225,86.78360215053763,0.0,0.0,0.0,0.0,0.0,0.0,0.0,0.0
Poblacion,2025,11,0,266.3,26.55666666666667,86.72083333333333,0.0,0.0,0.0,0.0,0.0,0.0,0.0,0.0
Poblacion,2025,12,0,171.9,26.322580645161292,87.89516129032258,0.0,0.0,0.0,0.0,0.0,0.0,0.0,0.0
Poblacion,2026,1,0,115.2,25.822580645161292,84.18682795698925,0.0,0.0,0.0,0.0,0.0,0.0,0.0,0.0
Puga-an,2020,1,0,63.400000000000006,26.316129032258065,85.66397849462365,0.0,0.0,0.0,0.0,0.0,0.0,0.0,0.0
Puga-an,2020,2,0,98.7,25.731034482758623,86.48994252873563,0.0,0.0,0.0,0.0,0.0,0.0,0.0,0.0
Puga-an,2020,3,0,177.60000000000002,26.33225806451613,85.24462365591398,0.0,0.0,0.0,0.0,0.0,0.0,0.0,0.0
Puga-an,2020,4,2,46.2,27.509999999999998,80.39166666666667,0.0,0.0,0.0,0.0,0.0,0.0,1.0,0.0
Puga-an,2020,5,1,235.0,27.587096774193547,88.56048387096774,0.0,0.0,0.0,1.0,0.0,0.0,0.0,0.0
Puga-an,2020,6,2,481.8,26.81,89.87361111111112,0.0,0.0,0.0,0.0,0.0,0.0,0.5,0.5
Puga-an,2020,7,1,516.3,26.641935483870967,90.00940860215054,0.0,0.0,0.0,0.0,0.0,1.0,0.0,0.0
Puga-an,2020,8,4,283.8,26.967741935483872,88.1975806451613,0.25,0.0,0.0,0.0,0.0,0.0,0.5,0.25
Puga-an,2020,9,0,453.5,26.923333333333336,89.24722222222222,0.0,0.0,0.0,0.0,0.0,0.0,0.0,0.0
Puga-an,2020,10,0,504.29999999999995,26.55806451612903,90.60215053763442,0.0,0.0,0.0,0.0,0.0,0.0,0.0,0.0
Puga-an,2020,11,0,201.0,26.413333333333334,90.75972222222222,0.0,0.0,0.0,0.0,0.0,0.0,0.0,0.0
Puga-an,2020,12,0,284.9,26.187096774193545,90.4986559139785,0.0,0.0,0.0,0.0,0.0,0.0,0.0,0.0
Puga-an,2021,1,0,270.59999999999997,25.55806451612903,90.90591397849462,0.0,0.0,0.0,0.0,0.0,0.0,0.0,0.0
Puga-an,2021,2,1,204.1,25.635714285714283,90.38392857142857,0.0,0.0,0.0,0.0,0.0,0.0,1.0,0.0
Puga-an,2021,3,0,150.9,26.135483870967743,88.36559139784946,0.0,0.0,0.0,0.0,0.0,0.0,0.0,0.0
Puga-an,2021,4,0,119.9,26.88,85.50694444444444,0.0,0.0,0.0,0.0,0.0,0.0,0.0,0.0
Puga-an,2021,5,0,412.90000000000003,26.948387096774194,88.83870967741936,0.0,0.0,0.0,0.0,0.0,0.0,0.0,0.0
Puga-an,2021,6,1,256.4,26.863333333333333,88.29583333333333,0.0,0.0,0.0,0.0,0.0,0.0,0.0,1.0
Puga-an,2021,7,0,301.0,27.65806451612903,82.94086021505376,0.0,0.0,0.0,0.0,0.0,0.0,0.0,0.0
Puga-an,2021,8,1,183.3,27.200000000000003,85.51344086021506,0.0,0.0,0.0,0.0,0.0,0.0,1.0,0.0
Puga-an,2021,9,0,343.0,26.756666666666668,88.62916666666666,0.0,0.0,0.0,0.0,0.0,0.0,0.0,0.0
Puga-an,2021,10,0,335.7,26.748387096774195,88.47983870967742,0.0,0.0,0.0,0.0,0.0,0.0,0.0,0.0
Puga-an,2021,11,1,327.7,26.176666666666666,91.05416666666666,0.0,0.0,0.0,0.0,0.0,0.0,0.0,1.0
Puga-an,2021,12,0,256.0,25.706451612903226,90.11290322580645,0.0,0.0,0.0,0.0,0.0,0.0,0.0,0.0
Puga-an,2022,1,1,144.2,25.48709677419355,89.05510752688173,1.0,0.0,0.0,0.0,0.0,0.0,0.0,0.0
Puga-an,2022,2,1,104.3,25.42142857142857,89.55059523809524,1.0,0.0,0.0,0.0,0.0,0.0,0.0,0.0
Puga-an,2022,3,1,325.59999999999997,26.003225806451614,90.24596774193549,0.0,0.0,0.0,0.0,0.0,0.0,1.0,0.0
Puga-an,2022,4,3,355.7,26.136666666666667,89.14166666666667,0.0,0.0,0.3333333333333333,0.0,0.0,0.3333333333333333,0.0,0.3333333333333333
Puga-an,2022,5,1,345.3,26.54516129032258,89.87768817204301,0.0,0.0,0.0,0.0,0.0,1.0,0.0,0.0
Puga-an,2022,6,3,307.4,26.62,88.13888888888889,0.0,0.0,0.3333333333333333,0.0,0.0,0.0,0.6666666666666666,0.0
Puga-an,2022,7,3,572.2,26.596774193548388,89.55510752688173,0.3333333333333333,0.3333333333333333,0.0,0.0,0.0,0.3333333333333333,0.0,0.0
Puga-an,2022,8,3,361.40000000000003,26.490322580645163,88.38306451612904,0.0,0.0,0.0,0.0,0.0,0.0,0.3333333333333333,0.6666666666666666
Puga-an,2022,9,1,348.6,26.970000000000002,86.91805555555555,0.0,0.0,0.0,1.0,0.0,0.0,0.0,0.0
Puga-an,2022,10,0,313.0,26.65806451612903,88.96774193548387,0.0,0.0,0.0,0.0,0.0,0.0,0.0,0.0
Puga-an,2022,11,3,289.6,26.186666666666667,90.38888888888889,0.0,0.3333333333333333,0.0,0.3333333333333333,0.0,0.0,0.0,0.3333333333333333
Puga-an,2022,12,0,302.3,25.69677419354839,91.02016129032258,0.0,0.0,0.0,0.0,0.0,0.0,0.0,0.0
Puga-an,2023,1,0,497.7,24.970967741935485,93.33198924731182,0.0,0.0,0.0,0.0,0.0,0.0,0.0,0.0
Puga-an,2023,2,0,303.5,25.260714285714283,91.73660714285714,0.0,0.0,0.0,0.0,0.0,0.0,0.0,0.0
Puga-an,2023,3,0,244.8,25.60967741935484,89.4260752688172,0.0,0.0,0.0,0.0,0.0,0.0,0.0,0.0
Puga-an,2023,4,1,135.4,26.83,85.39861111111111,0.0,0.0,0.0,0.0,0.0,0.0,1.0,0.0
Puga-an,2023,5,0,313.3,27.448387096774194,85.93548387096774,0.0,0.0,0.0,0.0,0.0,0.0,0.0,0.0
Puga-an,2023,6,0,419.9,27.026666666666664,87.42222222222222,0.0,0.0,0.0,0.0,0.0,0.0,0.0,0.0
Puga-an,2023,7,2,391.3,27.36774193548387,84.5524193548387,0.0,0.0,0.5,0.0,0.0,0.0,0.5,0.0
Puga-an,2023,8,1,315.7,27.503225806451614,83.02822580645162,0.0,0.0,0.0,1.0,0.0,0.0,0.0,0.0
Puga-an,2023,9,3,461.8,27.023333333333333,86.45694444444445,0.0,0.3333333333333333,0.0,0.0,0.0,0.0,0.0,0.6666666666666666
Puga-an,2023,10,2,219.7,26.990322580645163,85.48790322580645,0.0,0.0,0.0,1.0,0.0,0.0,0.0,0.0
Puga-an,2023,11,2,216.0,26.396666666666665,89.29027777777777,0.0,0.0,0.0,0.0,0.0,0.0,0.0,1.0
Puga-an,2023,12,3,183.6,26.219354838709677,89.28763440860214,0.0,0.0,0.0,0.3333333333333333,0.0,0.0,0.6666666666666666,0.0
Puga-an,2024,1,4,99.3,25.983870967741936,87.50940860215054,0.0,0.0,0.0,0.0,0.25,0.0,0.75,0.0
Puga-an,2024,2,0,78.0,25.886206896551727,85.03735632183908,0.0,0.0,0.0,0.0,0.0,0.0,0.0,0.0
Puga-an,2024,3,0,48.7,26.693548387096776,80.3010752688172,0.0,0.0,0.0,0.0,0.0,0.0,0.0,0.0
Puga-an,2024,4,3,55.5,28.14333333333333,77.69722222222222,0.0,0.0,0.3333333333333333,0.0,0.0,0.0,0.6666666666666666,0.0
Puga-an,2024,5,1,111.1,28.719354838709677,78.03763440860214,0.0,0.0,1.0,0.0,0.0,0.0,0.0,0.0
Puga-an,2024,6,4,268.8,27.096666666666668,87.57638888888889,0.0,0.0,0.5,0.5,0.0,0.0,0.0,0.0
Puga-an,2024,7,1,424.40000000000003,26.993548387096773,87.25268817204301,0.0,0.0,1.0,0.0,0.0,0.0,0.0,0.0
Puga-an,2024,8,2,314.8,26.948387096774194,87.74327956989248,0.0,0.0,0.0,0.5,0.0,0.0,0.5,0.0
Puga-an,2024,9,1,292.3,27.523333333333333,84.44722222222222,0.0,0.0,0.0,0.0,0.0,0.0,1.0,0.0
Puga-an,2024,10,0,254.3,27.183870967741935,84.42069892473118,0.0,0.0,0.0,0.0,0.0,0.0,0.0,0.0
Puga-an,2024,11,0,124.8,27.42,82.27083333333333,0.0,0.0,0.0,0.0,0.0,0.0,0.0,0.0
Puga-an,2024,12,0,285.8,26.409677419354836,88.56182795698925,0.0,0.0,0.0,0.0,0.0,0.0,0.0,0.0
Puga-an,2025,1,1,117.9,26.15806451612903,87.52956989247312,0.0,0.0,0.0,1.0,0.0,0.0,0.0,0.0
Puga-an,2025,2,6,92.8,26.214285714285715,85.29017857142857,0.0,0.0,0.16666666666666666,0.0,0.0,0.0,0.3333333333333333,0.5
Puga-an,2025,3,1,128.9,26.506451612903227,86.22043010752688,0.0,0.0,0.0,0.0,0.0,0.0,1.0,0.0
Puga-an,2025,4,1,69.5,27.613333333333333,79.75138888888888,0.0,0.0,0.0,1.0,0.0,0.0,0.0,0.0
Puga-an,2025,5,2,256.2,27.12258064516129,86.25403225806451,0.0,0.0,0.0,0.0,0.5,0.0,0.5,0.0
Puga-an,2025,6,1,292.1,26.886666666666667,85.95972222222223,0.0,1.0,0.0,0.0,0.0,0.0,0.0,0.0
Puga-an,2025,7,0,168.4,27.96129032258065,78.06317204301075,0.0,0.0,0.0,0.0,0.0,0.0,0.0,0.0
Puga-an,2025,8,0,436.8,26.593548387096774,86.0241935483871,0.0,0.0,0.0,0.0,0.0,0.0,0.0,0.0
Puga-an,2025,9,3,274.3,26.779999999999998,84.84583333333333,0.0,0.0,0.0,0.0,0.0,0.0,0.6666666666666666,0.3333333333333333
Puga-an,2025,10,6,345.5,26.606451612903225,86.78360215053763,0.16666666666666666,0.0,0.16666666666666666,0.0,0.0,0.16666666666666666,0.3333333333333333,0.16666666666666666
Puga-an,2025,11,1,266.3,26.55666666666667,86.72083333333333,0.0,0.0,0.0,0.0,0.0,0.0,1.0,0.0
Puga-an,2025,12,1,171.9,26.322580645161292,87.89516129032258,0.0,0.0,0.0,0.0,1.0,0.0,0.0,0.0
Puga-an,2026,1,0,115.2,25.822580645161292,84.18682795698925,0.0,0.0,0.0,0.0,0.0,0.0,0.0,0.0
Rogongon,2020,1,0,63.400000000000006,26.316129032258065,85.66397849462365,0.0,0.0,0.0,0.0,0.0,0.0,0.0,0.0
Rogongon,2020,2,0,98.7,25.731034482758623,86.48994252873563,0.0,0.0,0.0,0.0,0.0,0.0,0.0,0.0
Rogongon,2020,3,0,177.60000000000002,26.33225806451613,85.24462365591398,0.0,0.0,0.0,0.0,0.0,0.0,0.0,0.0
Rogongon,2020,4,0,46.2,27.509999999999998,80.39166666666667,0.0,0.0,0.0,0.0,0.0,0.0,0.0,0.0
Rogongon,2020,5,1,235.0,27.587096774193547,88.56048387096774,0.0,0.0,0.0,0.0,0.0,0.0,1.0,0.0
Rogongon,2020,6,0,481.8,26.81,89.87361111111112,0.0,0.0,0.0,0.0,0.0,0.0,0.0,0.0
Rogongon,2020,7,0,516.3,26.641935483870967,90.00940860215054,0.0,0.0,0.0,0.0,0.0,0.0,0.0,0.0
Rogongon,2020,8,1,283.8,26.967741935483872,88.1975806451613,0.0,0.0,0.0,0.0,1.0,0.0,0.0,0.0
Rogongon,2020,9,0,453.5,26.923333333333336,89.24722222222222,0.0,0.0,0.0,0.0,0.0,0.0,0.0,0.0
Rogongon,2020,10,0,504.29999999999995,26.55806451612903,90.60215053763442,0.0,0.0,0.0,0.0,0.0,0.0,0.0,0.0
Rogongon,2020,11,0,201.0,26.413333333333334,90.75972222222222,0.0,0.0,0.0,0.0,0.0,0.0,0.0,0.0
Rogongon,2020,12,0,284.9,26.187096774193545,90.4986559139785,0.0,0.0,0.0,0.0,0.0,0.0,0.0,0.0
Rogongon,2021,1,0,270.59999999999997,25.55806451612903,90.90591397849462,0.0,0.0,0.0,0.0,0.0,0.0,0.0,0.0
Rogongon,2021,2,0,204.1,25.635714285714283,90.38392857142857,0.0,0.0,0.0,0.0,0.0,0.0,0.0,0.0
Rogongon,2021,3,1,150.9,26.135483870967743,88.36559139784946,0.0,0.0,0.0,0.0,0.0,1.0,0.0,0.0
Rogongon,2021,4,0,119.9,26.88,85.50694444444444,0.0,0.0,0.0,0.0,0.0,0.0,0.0,0.0
Rogongon,2021,5,0,412.90000000000003,26.948387096774194,88.83870967741936,0.0,0.0,0.0,0.0,0.0,0.0,0.0,0.0
Rogongon,2021,6,0,256.4,26.863333333333333,88.29583333333333,0.0,0.0,0.0,0.0,0.0,0.0,0.0,0.0
Rogongon,2021,7,0,301.0,27.65806451612903,82.94086021505376,0.0,0.0,0.0,0.0,0.0,0.0,0.0,0.0
Rogongon,2021,8,0,183.3,27.200000000000003,85.51344086021506,0.0,0.0,0.0,0.0,0.0,0.0,0.0,0.0
Rogongon,2021,9,1,343.0,26.756666666666668,88.62916666666666,0.0,0.0,0.0,0.0,1.0,0.0,0.0,0.0
Rogongon,2021,10,0,335.7,26.748387096774195,88.47983870967742,0.0,0.0,0.0,0.0,0.0,0.0,0.0,0.0
Rogongon,2021,11,0,327.7,26.176666666666666,91.05416666666666,0.0,0.0,0.0,0.0,0.0,0.0,0.0,0.0
Rogongon,2021,12,0,256.0,25.706451612903226,90.11290322580645,0.0,0.0,0.0,0.0,0.0,0.0,0.0,0.0
Rogongon,2022,1,0,144.2,25.48709677419355,89.05510752688173,0.0,0.0,0.0,0.0,0.0,0.0,0.0,0.0
Rogongon,2022,2,0,104.3,25.42142857142857,89.55059523809524,0.0,0.0,0.0,0.0,0.0,0.0,0.0,0.0
Rogongon,2022,3,0,325.59999999999997,26.003225806451614,90.24596774193549,0.0,0.0,0.0,0.0,0.0,0.0,0.0,0.0
Rogongon,2022,4,0,355.7,26.136666666666667,89.14166666666667,0.0,0.0,0.0,0.0,0.0,0.0,0.0,0.0
Rogongon,2022,5,0,345.3,26.54516129032258,89.87768817204301,0.0,0.0,0.0,0.0,0.0,0.0,0.0,0.0
Rogongon,2022,6,0,307.4,26.62,88.13888888888889,0.0,0.0,0.0,0.0,0.0,0.0,0.0,0.0
Rogongon,2022,7,0,572.2,26.596774193548388,89.55510752688173,0.0,0.0,0.0,0.0,0.0,0.0,0.0,0.0
Rogongon,2022,8,0,361.40000000000003,26.490322580645163,88.38306451612904,0.0,0.0,0.0,0.0,0.0,0.0,0.0,0.0
Rogongon,2022,9,2,348.6,26.970000000000002,86.91805555555555,0.0,0.0,0.0,0.5,0.0,0.5,0.0,0.0
Rogongon,2022,10,1,313.0,26.65806451612903,88.96774193548387,0.0,0.0,0.0,0.0,0.0,0.0,1.0,0.0
Rogongon,2022,11,1,289.6,26.186666666666667,90.38888888888889,0.0,0.0,0.0,1.0,0.0,0.0,0.0,0.0
Rogongon,2022,12,0,302.3,25.69677419354839,91.02016129032258,0.0,0.0,0.0,0.0,0.0,0.0,0.0,0.0
Rogongon,2023,1,0,497.7,24.970967741935485,93.33198924731182,0.0,0.0,0.0,0.0,0.0,0.0,0.0,0.0
Rogongon,2023,2,0,303.5,25.260714285714283,91.73660714285714,0.0,0.0,0.0,0.0,0.0,0.0,0.0,0.0
Rogongon,2023,3,0,244.8,25.60967741935484,89.4260752688172,0.0,0.0,0.0,0.0,0.0,0.0,0.0,0.0
Rogongon,2023,4,0,135.4,26.83,85.39861111111111,0.0,0.0,0.0,0.0,0.0,0.0,0.0,0.0
Rogongon,2023,5,0,313.3,27.448387096774194,85.93548387096774,0.0,0.0,0.0,0.0,0.0,0.0,0.0,0.0
Rogongon,2023,6,0,419.9,27.026666666666664,87.42222222222222,0.0,0.0,0.0,0.0,0.0,0.0,0.0,0.0
Rogongon,2023,7,0,391.3,27.36774193548387,84.5524193548387,0.0,0.0,0.0,0.0,0.0,0.0,0.0,0.0
Rogongon,2023,8,0,315.7,27.503225806451614,83.02822580645162,0.0,0.0,0.0,0.0,0.0,0.0,0.0,0.0
Rogongon,2023,9,1,461.8,27.023333333333333,86.45694444444445,0.0,0.0,0.0,0.0,0.0,0.0,1.0,0.0
Rogongon,2023,10,3,219.7,26.990322580645163,85.48790322580645,0.0,0.0,0.0,0.0,0.0,0.0,0.3333333333333333,0.6666666666666666
Rogongon,2023,11,0,216.0,26.396666666666665,89.29027777777777,0.0,0.0,0.0,0.0,0.0,0.0,0.0,0.0
Rogongon,2023,12,1,183.6,26.219354838709677,89.28763440860214,0.0,0.0,0.0,1.0,0.0,0.0,0.0,0.0
Rogongon,2024,1,0,99.3,25.983870967741936,87.50940860215054,0.0,0.0,0.0,0.0,0.0,0.0,0.0,0.0
Rogongon,2024,2,0,78.0,25.886206896551727,85.03735632183908,0.0,0.0,0.0,0.0,0.0,0.0,0.0,0.0
Rogongon,2024,3,0,48.7,26.693548387096776,80.3010752688172,0.0,0.0,0.0,0.0,0.0,0.0,0.0,0.0
Rogongon,2024,4,0,55.5,28.14333333333333,77.69722222222222,0.0,0.0,0.0,0.0,0.0,0.0,0.0,0.0
Rogongon,2024,5,0,111.1,28.719354838709677,78.03763440860214,0.0,0.0,0.0,0.0,0.0,0.0,0.0,0.0
Rogongon,2024,6,0,268.8,27.096666666666668,87.57638888888889,0.0,0.0,0.0,0.0,0.0,0.0,0.0,0.0
Rogongon,2024,7,0,424.40000000000003,26.993548387096773,87.25268817204301,0.0,0.0,0.0,0.0,0.0,0.0,0.0,0.0
Rogongon,2024,8,0,314.8,26.948387096774194,87.74327956989248,0.0,0.0,0.0,0.0,0.0,0.0,0.0,0.0
Rogongon,2024,9,1,292.3,27.523333333333333,84.44722222222222,0.0,0.0,0.0,0.0,0.0,0.0,1.0,0.0
Rogongon,2024,10,0,254.3,27.183870967741935,84.42069892473118,0.0,0.0,0.0,0.0,0.0,0.0,0.0,0.0
Rogongon,2024,11,0,124.8,27.42,82.27083333333333,0.0,0.0,0.0,0.0,0.0,0.0,0.0,0.0
Rogongon,2024,12,0,285.8,26.409677419354836,88.56182795698925,0.0,0.0,0.0,0.0,0.0,0.0,0.0,0.0
Rogongon,2025,1,0,117.9,26.15806451612903,87.52956989247312,0.0,0.0,0.0,0.0,0.0,0.0,0.0,0.0
Rogongon,2025,2,1,92.8,26.214285714285715,85.29017857142857,0.0,0.0,0.0,1.0,0.0,0.0,0.0,0.0
Rogongon,2025,3,0,128.9,26.506451612903227,86.22043010752688,0.0,0.0,0.0,0.0,0.0,0.0,0.0,0.0
Rogongon,2025,4,1,69.5,27.613333333333333,79.75138888888888,0.0,0.0,0.0,1.0,0.0,0.0,0.0,0.0
Rogongon,2025,5,0,256.2,27.12258064516129,86.25403225806451,0.0,0.0,0.0,0.0,0.0,0.0,0.0,0.0
Rogongon,2025,6,0,292.1,26.886666666666667,85.95972222222223,0.0,0.0,0.0,0.0,0.0,0.0,0.0,0.0
Rogongon,2025,7,1,168.4,27.96129032258065,78.06317204301075,0.0,0.0,0.0,0.0,0.0,0.0,1.0,0.0
Rogongon,2025,8,0,436.8,26.593548387096774,86.0241935483871,0.0,0.0,0.0,0.0,0.0,0.0,0.0,0.0
Rogongon,2025,9,0,274.3,26.779999999999998,84.84583333333333,0.0,0.0,0.0,0.0,0.0,0.0,0.0,0.0
Rogongon,2025,10,0,345.5,26.606451612903225,86.78360215053763,0.0,0.0,0.0,0.0,0.0,0.0,0.0,0.0
Rogongon,2025,11,0,266.3,26.55666666666667,86.72083333333333,0.0,0.0,0.0,0.0,0.0,0.0,0.0,0.0
Rogongon,2025,12,1,171.9,26.322580645161292,87.89516129032258,0.0,0.0,0.0,0.0,1.0,0.0,0.0,0.0
Rogongon,2026,1,0,115.2,25.822580645161292,84.18682795698925,0.0,0.0,0.0,0.0,0.0,0.0,0.0,0.0
San Miguel,2020,1,1,63.400000000000006,26.316129032258065,85.66397849462365,0.0,0.0,0.0,0.0,1.0,0.0,0.0,0.0
San Miguel,2020,2,0,98.7,25.731034482758623,86.48994252873563,0.0,0.0,0.0,0.0,0.0,0.0,0.0,0.0
San Miguel,2020,3,0,177.60000000000002,26.33225806451613,85.24462365591398,0.0,0.0,0.0,0.0,0.0,0.0,0.0,0.0
San Miguel,2020,4,1,46.2,27.509999999999998,80.39166666666667,0.0,1.0,0.0,0.0,0.0,0.0,0.0,0.0
San Miguel,2020,5,0,235.0,27.587096774193547,88.56048387096774,0.0,0.0,0.0,0.0,0.0,0.0,0.0,0.0
San Miguel,2020,6,0,481.8,26.81,89.87361111111112,0.0,0.0,0.0,0.0,0.0,0.0,0.0,0.0
San Miguel,2020,7,0,516.3,26.641935483870967,90.00940860215054,0.0,0.0,0.0,0.0,0.0,0.0,0.0,0.0
San Miguel,2020,8,1,283.8,26.967741935483872,88.1975806451613,0.0,0.0,0.0,0.0,0.0,1.0,0.0,0.0
San Miguel,2020,9,1,453.5,26.923333333333336,89.24722222222222,0.0,0.0,0.0,0.0,0.0,0.0,0.0,1.0
San Miguel,2020,10,2,504.29999999999995,26.55806451612903,90.60215053763442,0.0,0.0,0.0,0.0,0.0,0.0,0.5,0.5
San Miguel,2020,11,3,201.0,26.413333333333334,90.75972222222222,0.0,0.0,0.0,0.0,0.3333333333333333,0.0,0.6666666666666666,0.0
San Miguel,2020,12,0,284.9,26.187096774193545,90.4986559139785,0.0,0.0,0.0,0.0,0.0,0.0,0.0,0.0
San Miguel,2021,1,0,270.59999999999997,25.55806451612903,90.90591397849462,0.0,0.0,0.0,0.0,0.0,0.0,0.0,0.0
San Miguel,2021,2,2,204.1,25.635714285714283,90.38392857142857,0.0,0.5,0.0,0.0,0.0,0.5,0.0,0.0
San Miguel,2021,3,1,150.9,26.135483870967743,88.36559139784946,0.0,1.0,0.0,0.0,0.0,0.0,0.0,0.0
San Miguel,2021,4,0,119.9,26.88,85.50694444444444,0.0,0.0,0.0,0.0,0.0,0.0,0.0,0.0
San Miguel,2021,5,3,412.90000000000003,26.948387096774194,88.83870967741936,0.0,0.0,0.3333333333333333,0.0,0.3333333333333333,0.0,0.0,0.3333333333333333
San Miguel,2021,6,1,256.4,26.863333333333333,88.29583333333333,0.0,0.0,0.0,0.0,0.0,0.0,1.0,0.0
San Miguel,2021,7,2,301.0,27.65806451612903,82.94086021505376,0.0,0.0,0.0,0.0,0.0,0.0,1.0,0.0
San Miguel,2021,8,2,183.3,27.200000000000003,85.51344086021506,0.0,0.0,0.0,0.0,0.0,0.0,1.0,0.0
San Miguel,2021,9,3,343.0,26.756666666666668,88.62916666666666,0.0,0.3333333333333333,0.0,0.0,0.0,0.0,0.3333333333333333,0.3333333333333333
San Miguel,2021,10,1,335.7,26.748387096774195,88.47983870967742,0.0,0.0,0.0,0.0,0.0,0.0,1.0,0.0
San Miguel,2021,11,2,327.7,26.176666666666666,91.05416666666666,0.0,0.0,0.0,0.5,0.5,0.0,0.0,0.0
San Miguel,2021,12,0,256.0,25.706451612903226,90.11290322580645,0.0,0.0,0.0,0.0,0.0,0.0,0.0,0.0
San Miguel,2022,1,3,144.2,25.48709677419355,89.05510752688173,0.0,0.0,0.0,0.0,0.0,0.3333333333333333,0.3333333333333333,0.3333333333333333
San Miguel,2022,2,0,104.3,25.42142857142857,89.55059523809524,0.0,0.0,0.0,0.0,0.0,0.0,0.0,0.0
San Miguel,2022,3,0,325.59999999999997,26.003225806451614,90.24596774193549,0.0,0.0,0.0,0.0,0.0,0.0,0.0,0.0
San Miguel,2022,4,0,355.7,26.136666666666667,89.14166666666667,0.0,0.0,0.0,0.0,0.0,0.0,0.0,0.0
San Miguel,2022,5,1,345.3,26.54516129032258,89.87768817204301,0.0,0.0,0.0,0.0,0.0,0.0,1.0,0.0
San Miguel,2022,6,0,307.4,26.62,88.13888888888889,0.0,0.0,0.0,0.0,0.0,0.0,0.0,0.0
San Miguel,2022,7,0,572.2,26.596774193548388,89.55510752688173,0.0,0.0,0.0,0.0,0.0,0.0,0.0,0.0
San Miguel,2022,8,2,361.40000000000003,26.490322580645163,88.38306451612904,0.0,0.0,0.0,0.0,0.5,0.0,0.5,0.0
San Miguel,2022,9,1,348.6,26.970000000000002,86.91805555555555,0.0,0.0,0.0,0.0,0.0,0.0,1.0,0.0
San Miguel,2022,10,2,313.0,26.65806451612903,88.96774193548387,0.0,0.0,0.0,0.0,0.0,0.5,0.0,0.5
San Miguel,2022,11,3,289.6,26.186666666666667,90.38888888888889,0.0,0.3333333333333333,0.0,0.0,0.0,0.0,0.3333333333333333,0.3333333333333333
San Miguel,2022,12,1,302.3,25.69677419354839,91.02016129032258,0.0,0.0,0.0,0.0,0.0,0.0,0.0,1.0
San Miguel,2023,1,0,497.7,24.970967741935485,93.33198924731182,0.0,0.0,0.0,0.0,0.0,0.0,0.0,0.0
San Miguel,2023,2,0,303.5,25.260714285714283,91.73660714285714,0.0,0.0,0.0,0.0,0.0,0.0,0.0,0.0
San Miguel,2023,3,0,244.8,25.60967741935484,89.4260752688172,0.0,0.0,0.0,0.0,0.0,0.0,0.0,0.0
San Miguel,2023,4,0,135.4,26.83,85.39861111111111,0.0,0.0,0.0,0.0,0.0,0.0,0.0,0.0
San Miguel,2023,5,2,313.3,27.448387096774194,85.93548387096774,0.0,0.0,0.0,0.0,0.0,0.0,1.0,0.0
San Miguel,2023,6,1,419.9,27.026666666666664,87.42222222222222,0.0,0.0,0.0,0.0,0.0,0.0,0.0,1.0
San Miguel,2023,7,2,391.3,27.36774193548387,84.5524193548387,0.0,0.0,0.0,0.0,0.0,0.0,0.5,0.5
San Miguel,2023,8,0,315.7,27.503225806451614,83.02822580645162,0.0,0.0,0.0,0.0,0.0,0.0,0.0,0.0
San Miguel,2023,9,2,461.8,27.023333333333333,86.45694444444445,0.5,0.0,0.0,0.0,0.0,0.5,0.0,0.0
San Miguel,2023,10,6,219.7,26.990322580645163,85.48790322580645,0.3333333333333333,0.16666666666666666,0.0,0.0,0.16666666666666666,0.0,0.3333333333333333,0.0
San Miguel,2023,11,2,216.0,26.396666666666665,89.29027777777777,0.0,0.0,0.0,0.0,0.0,0.0,0.5,0.5
San Miguel,2023,12,1,183.6,26.219354838709677,89.28763440860214,0.0,0.0,0.0,1.0,0.0,0.0,0.0,0.0
San Miguel,2024,1,3,99.3,25.983870967741936,87.50940860215054,0.0,0.3333333333333333,0.6666666666666666,0.0,0.0,0.0,0.0,0.0
San Miguel,2024,2,4,78.0,25.886206896551727,85.03735632183908,0.25,0.25,0.25,0.0,0.25,0.0,0.0,0.0
San Miguel,2024,3,0,48.7,26.693548387096776,80.3010752688172,0.0,0.0,0.0,0.0,0.0,0.0,0.0,0.0
San Miguel,2024,4,2,55.5,28.14333333333333,77.69722222222222,0.0,0.5,0.5,0.0,0.0,0.0,0.0,0.0
San Miguel,2024,5,0,111.1,28.719354838709677,78.03763440860214,0.0,0.0,0.0,0.0,0.0,0.0,0.0,0.0
San Miguel,2024,6,1,268.8,27.096666666666668,87.57638888888889,0.0,0.0,0.0,1.0,0.0,0.0,0.0,0.0
San Miguel,2024,7,7,424.40000000000003,26.993548387096773,87.25268817204301,0.0,0.14285714285714285,0.42857142857142855,0.0,0.0,0.0,0.2857142857142857,0.14285714285714285
San Miguel,2024,8,5,314.8,26.948387096774194,87.74327956989248,0.0,0.2,0.2,0.0,0.2,0.0,0.0,0.4
San Miguel,2024,9,2,292.3,27.523333333333333,84.44722222222222,0.0,0.0,0.5,0.0,0.0,0.0,0.0,0.5
San Miguel,2024,10,5,254.3,27.183870967741935,84.42069892473118,0.0,0.0,0.0,0.2,0.0,0.0,0.4,0.4
San Miguel,2024,11,4,124.8,27.42,82.27083333333333,0.0,0.0,0.25,0.25,0.0,0.0,0.0,0.5
San Miguel,2024,12,2,285.8,26.409677419354836,88.56182795698925,0.0,0.5,0.0,0.0,0.0,0.0,0.5,0.0
San Miguel,2025,1,1,117.9,26.15806451612903,87.52956989247312,0.0,1.0,0.0,0.0,0.0,0.0,0.0,0.0
San Miguel,2025,2,7,92.8,26.214285714285715,85.29017857142857,0.14285714285714285,0.14285714285714285,0.14285714285714285,0.0,0.0,0.14285714285714285,0.2857142857142857,0.14285714285714285
San Miguel,2025,3,3,128.9,26.506451612903227,86.22043010752688,0.0,0.0,0.0,0.3333333333333333,0.0,0.3333333333333333,0.3333333333333333,0.0
San Miguel,2025,4,2,69.5,27.613333333333333,79.75138888888888,0.5,0.0,0.0,0.0,0.0,0.0,0.0,0.5
San Miguel,2025,5,2,256.2,27.12258064516129,86.25403225806451,0.0,0.0,0.5,0.0,0.0,0.0,0.5,0.0
San Miguel,2025,6,0,292.1,26.886666666666667,85.95972222222223,0.0,0.0,0.0,0.0,0.0,0.0,0.0,0.0
San Miguel,2025,7,1,168.4,27.96129032258065,78.06317204301075,0.0,0.0,1.0,0.0,0.0,0.0,0.0,0.0
San Miguel,2025,8,1,436.8,26.593548387096774,86.0241935483871,0.0,0.0,0.0,0.0,0.0,0.0,1.0,0.0
San Miguel,2025,9,1,274.3,26.779999999999998,84.84583333333333,0.0,0.0,0.0,0.0,0.0,0.0,1.0,0.0
San Miguel,2025,10,2,345.5,26.606451612903225,86.78360215053763,0.0,0.0,0.0,0.0,0.0,0.0,0.5,0.5
San Miguel,2025,11,0,266.3,26.55666666666667,86.72083333333333,0.0,0.0,0.0,0.0,0.0,0.0,0.0,0.0
San Miguel,2025,12,0,171.9,26.322580645161292,87.89516129032258,0.0,0.0,0.0,0.0,0.0,0.0,0.0,0.0
San Miguel,2026,1,0,115.2,25.822580645161292,84.18682795698925,0.0,0.0,0.0,0.0,0.0,0.0,0.0,0.0
San Roque,2020,1,0,63.400000000000006,26.316129032258065,85.66397849462365,0.0,0.0,0.0,0.0,0.0,0.0,0.0,0.0
San Roque,2020,2,1,98.7,25.731034482758623,86.48994252873563,0.0,0.0,0.0,1.0,0.0,0.0,0.0,0.0
San Roque,2020,3,0,177.60000000000002,26.33225806451613,85.24462365591398,0.0,0.0,0.0,0.0,0.0,0.0,0.0,0.0
San Roque,2020,4,0,46.2,27.509999999999998,80.39166666666667,0.0,0.0,0.0,0.0,0.0,0.0,0.0,0.0
San Roque,2020,5,0,235.0,27.587096774193547,88.56048387096774,0.0,0.0,0.0,0.0,0.0,0.0,0.0,0.0
San Roque,2020,6,0,481.8,26.81,89.87361111111112,0.0,0.0,0.0,0.0,0.0,0.0,0.0,0.0
San Roque,2020,7,0,516.3,26.641935483870967,90.00940860215054,0.0,0.0,0.0,0.0,0.0,0.0,0.0,0.0
San Roque,2020,8,0,283.8,26.967741935483872,88.1975806451613,0.0,0.0,0.0,0.0,0.0,0.0,0.0,0.0
San Roque,2020,9,1,453.5,26.923333333333336,89.24722222222222,0.0,0.0,0.0,0.0,0.0,1.0,0.0,0.0
San Roque,2020,10,1,504.29999999999995,26.55806451612903,90.60215053763442,0.0,1.0,0.0,0.0,0.0,0.0,0.0,0.0
San Roque,2020,11,1,201.0,26.413333333333334,90.75972222222222,0.0,0.0,0.0,0.0,0.0,0.0,1.0,0.0
San Roque,2020,12,0,284.9,26.187096774193545,90.4986559139785,0.0,0.0,0.0,0.0,0.0,0.0,0.0,0.0
San Roque,2021,1,0,270.59999999999997,25.55806451612903,90.90591397849462,0.0,0.0,0.0,0.0,0.0,0.0,0.0,0.0
San Roque,2021,2,1,204.1,25.635714285714283,90.38392857142857,0.0,0.0,0.0,0.0,0.0,0.0,0.0,1.0
San Roque,2021,3,0,150.9,26.135483870967743,88.36559139784946,0.0,0.0,0.0,0.0,0.0,0.0,0.0,0.0
San Roque,2021,4,1,119.9,26.88,85.50694444444444,0.0,0.0,0.0,0.0,0.0,0.0,1.0,0.0
San Roque,2021,5,3,412.90000000000003,26.948387096774194,88.83870967741936,0.3333333333333333,0.0,0.0,0.0,0.0,0.0,0.6666666666666666,0.0
San Roque,2021,6,3,256.4,26.863333333333333,88.29583333333333,0.0,0.0,0.0,0.3333333333333333,0.0,0.0,0.6666666666666666,0.0
San Roque,2021,7,2,301.0,27.65806451612903,82.94086021505376,0.0,0.0,0.0,0.5,0.0,0.0,0.0,0.5
San Roque,2021,8,1,183.3,27.200000000000003,85.51344086021506,0.0,0.0,1.0,0.0,0.0,0.0,0.0,0.0
San Roque,2021,9,1,343.0,26.756666666666668,88.62916666666666,0.0,0.0,0.0,0.0,0.0,0.0,0.0,1.0
San Roque,2021,10,1,335.7,26.748387096774195,88.47983870967742,0.0,1.0,0.0,0.0,0.0,0.0,0.0,0.0
San Roque,2021,11,3,327.7,26.176666666666666,91.05416666666666,0.0,0.0,0.0,0.0,0.0,0.3333333333333333,0.3333333333333333,0.3333333333333333
San Roque,2021,12,0,256.0,25.706451612903226,90.11290322580645,0.0,0.0,0.0,0.0,0.0,0.0,0.0,0.0
San Roque,2022,1,1,144.2,25.48709677419355,89.05510752688173,0.0,0.0,0.0,0.0,0.0,0.0,1.0,0.0
San Roque,2022,2,0,104.3,25.42142857142857,89.55059523809524,0.0,0.0,0.0,0.0,0.0,0.0,0.0,0.0
San Roque,2022,3,1,325.59999999999997,26.003225806451614,90.24596774193549,0.0,0.0,0.0,0.0,0.0,1.0,0.0,0.0
San Roque,2022,4,0,355.7,26.136666666666667,89.14166666666667,0.0,0.0,0.0,0.0,0.0,0.0,0.0,0.0
San Roque,2022,5,1,345.3,26.54516129032258,89.87768817204301,0.0,0.0,0.0,0.0,1.0,0.0,0.0,0.0
San Roque,2022,6,0,307.4,26.62,88.13888888888889,0.0,0.0,0.0,0.0,0.0,0.0,0.0,0.0
San Roque,2022,7,1,572.2,26.596774193548388,89.55510752688173,0.0,0.0,0.0,0.0,0.0,0.0,1.0,0.0
San Roque,2022,8,0,361.40000000000003,26.490322580645163,88.38306451612904,0.0,0.0,0.0,0.0,0.0,0.0,0.0,0.0
San Roque,2022,9,1,348.6,26.970000000000002,86.91805555555555,0.0,0.0,0.0,0.0,0.0,0.0,1.0,0.0
San Roque,2022,10,3,313.0,26.65806451612903,88.96774193548387,0.0,0.3333333333333333,0.0,0.3333333333333333,0.0,0.0,0.3333333333333333,0.0
San Roque,2022,11,1,289.6,26.186666666666667,90.38888888888889,0.0,0.0,0.0,0.0,0.0,0.0,0.0,1.0
San Roque,2022,12,1,302.3,25.69677419354839,91.02016129032258,0.0,0.0,0.0,1.0,0.0,0.0,0.0,0.0
San Roque,2023,1,0,497.7,24.970967741935485,93.33198924731182,0.0,0.0,0.0,0.0,0.0,0.0,0.0,0.0
San Roque,2023,2,0,303.5,25.260714285714283,91.73660714285714,0.0,0.0,0.0,0.0,0.0,0.0,0.0,0.0
San Roque,2023,3,0,244.8,25.60967741935484,89.4260752688172,0.0,0.0,0.0,0.0,0.0,0.0,0.0,0.0
San Roque,2023,4,0,135.4,26.83,85.39861111111111,0.0,0.0,0.0,0.0,0.0,0.0,0.0,0.0
San Roque,2023,5,3,313.3,27.448387096774194,85.93548387096774,0.0,0.0,0.0,0.3333333333333333,0.0,0.0,0.6666666666666666,0.0
San Roque,2023,6,3,419.9,27.026666666666664,87.42222222222222,0.0,0.0,0.0,0.0,0.0,0.0,0.3333333333333333,0.6666666666666666
San Roque,2023,7,5,391.3,27.36774193548387,84.5524193548387,0.0,0.2,0.2,0.2,0.0,0.0,0.2,0.2
San Roque,2023,8,6,315.7,27.503225806451614,83.02822580645162,0.0,0.16666666666666666,0.16666666666666666,0.16666666666666666,0.16666666666666666,0.0,0.3333333333333333,0.0
San Roque,2023,9,5,461.8,27.023333333333333,86.45694444444445,0.2,0.0,0.4,0.2,0.0,0.0,0.2,0.0
San Roque,2023,10,3,219.7,26.990322580645163,85.48790322580645,0.0,0.0,0.0,0.3333333333333333,0.0,0.0,0.3333333333333333,0.3333333333333333
San Roque,2023,11,0,216.0,26.396666666666665,89.29027777777777,0.0,0.0,0.0,0.0,0.0,0.0,0.0,0.0
San Roque,2023,12,2,183.6,26.219354838709677,89.28763440860214,0.0,0.0,0.0,0.0,0.0,0.0,1.0,0.0
San Roque,2024,1,0,99.3,25.983870967741936,87.50940860215054,0.0,0.0,0.0,0.0,0.0,0.0,0.0,0.0
San Roque,2024,2,2,78.0,25.886206896551727,85.03735632183908,0.5,0.5,0.0,0.0,0.0,0.0,0.0,0.0
San Roque,2024,3,10,48.7,26.693548387096776,80.3010752688172,0.0,0.1,0.3,0.2,0.0,0.0,0.3,0.1
San Roque,2024,4,0,55.5,28.14333333333333,77.69722222222222,0.0,0.0,0.0,0.0,0.0,0.0,0.0,0.0
San Roque,2024,5,1,111.1,28.719354838709677,78.03763440860214,0.0,0.0,0.0,0.0,0.0,0.0,0.0,1.0
San Roque,2024,6,1,268.8,27.096666666666668,87.57638888888889,0.0,0.0,0.0,0.0,0.0,0.0,0.0,1.0
San Roque,2024,7,2,424.40000000000003,26.993548387096773,87.25268817204301,0.0,0.0,0.0,0.5,0.0,0.0,0.5,0.0
San Roque,2024,8,2,314.8,26.948387096774194,87.74327956989248,0.0,0.5,0.0,0.0,0.0,0.0,0.0,0.5
San Roque,2024,9,1,292.3,27.523333333333333,84.44722222222222,0.0,0.0,1.0,0.0,0.0,0.0,0.0,0.0
San Roque,2024,10,3,254.3,27.183870967741935,84.42069892473118,0.3333333333333333,0.0,0.0,0.0,0.0,0.0,0.6666666666666666,0.0
San Roque,2024,11,0,124.8,27.42,82.27083333333333,0.0,0.0,0.0,0.0,0.0,0.0,0.0,0.0
San Roque,2024,12,1,285.8,26.409677419354836,88.56182795698925,0.0,0.0,0.0,0.0,0.0,0.0,1.0,0.0
San Roque,2025,1,3,117.9,26.15806451612903,87.52956989247312,0.0,0.0,0.0,0.3333333333333333,0.0,0.0,0.3333333333333333,0.3333333333333333
San Roque,2025,2,0,92.8,26.214285714285715,85.29017857142857,0.0,0.0,0.0,0.0,0.0,0.0,0.0,0.0
San Roque,2025,3,2,128.9,26.506451612903227,86.22043010752688,0.0,0.0,0.0,0.0,0.0,0.0,1.0,0.0
San Roque,2025,4,3,69.5,27.613333333333333,79.75138888888888,0.0,0.0,0.0,0.3333333333333333,0.0,0.3333333333333333,0.3333333333333333,0.0
San Roque,2025,5,1,256.2,27.12258064516129,86.25403225806451,0.0,0.0,0.0,0.0,0.0,0.0,1.0,0.0
San Roque,2025,6,0,292.1,26.886666666666667,85.95972222222223,0.0,0.0,0.0,0.0,0.0,0.0,0.0,0.0
San Roque,2025,7,0,168.4,27.96129032258065,78.06317204301075,0.0,0.0,0.0,0.0,0.0,0.0,0.0,0.0
San Roque,2025,8,0,436.8,26.593548387096774,86.0241935483871,0.0,0.0,0.0,0.0,0.0,0.0,0.0,0.0
San Roque,2025,9,3,274.3,26.779999999999998,84.84583333333333,0.0,0.0,0.0,0.0,1.0,0.0,0.0,0.0
San Roque,2025,10,0,345.5,26.606451612903225,86.78360215053763,0.0,0.0,0.0,0.0,0.0,0.0,0.0,0.0
San Roque,2025,11,0,266.3,26.55666666666667,86.72083333333333,0.0,0.0,0.0,0.0,0.0,0.0,0.0,0.0
San Roque,2025,12,1,171.9,26.322580645161292,87.89516129032258,0.0,0.0,1.0,0.0,0.0,0.0,0.0,0.0
San Roque,2026,1,0,115.2,25.822580645161292,84.18682795698925,0.0,0.0,0.0,0.0,0.0,0.0,0.0,0.0
Santa Elena,2020,1,0,63.400000000000006,26.316129032258065,85.66397849462365,0.0,0.0,0.0,0.0,0.0,0.0,0.0,0.0
Santa Elena,2020,2,2,98.7,25.731034482758623,86.48994252873563,0.0,0.0,0.0,0.0,0.0,0.0,0.5,0.5
Santa Elena,2020,3,1,177.60000000000002,26.33225806451613,85.24462365591398,0.0,0.0,0.0,0.0,0.0,0.0,1.0,0.0
Santa Elena,2020,4,1,46.2,27.509999999999998,80.39166666666667,0.0,0.0,0.0,0.0,0.0,0.0,1.0,0.0
Santa Elena,2020,5,0,235.0,27.587096774193547,88.56048387096774,0.0,0.0,0.0,0.0,0.0,0.0,0.0,0.0
Santa Elena,2020,6,0,481.8,26.81,89.87361111111112,0.0,0.0,0.0,0.0,0.0,0.0,0.0,0.0
Santa Elena,2020,7,2,516.3,26.641935483870967,90.00940860215054,0.0,0.0,0.0,0.0,0.0,0.0,0.0,1.0
Santa Elena,2020,8,0,283.8,26.967741935483872,88.1975806451613,0.0,0.0,0.0,0.0,0.0,0.0,0.0,0.0
Santa Elena,2020,9,1,453.5,26.923333333333336,89.24722222222222,0.0,0.0,1.0,0.0,0.0,0.0,0.0,0.0
Santa Elena,2020,10,0,504.29999999999995,26.55806451612903,90.60215053763442,0.0,0.0,0.0,0.0,0.0,0.0,0.0,0.0
Santa Elena,2020,11,2,201.0,26.413333333333334,90.75972222222222,0.0,0.0,0.0,0.0,0.0,0.5,0.5,0.0
Santa Elena,2020,12,0,284.9,26.187096774193545,90.4986559139785,0.0,0.0,0.0,0.0,0.0,0.0,0.0,0.0
Santa Elena,2021,1,2,270.59999999999997,25.55806451612903,90.90591397849462,0.0,0.0,0.0,0.5,0.5,0.0,0.0,0.0
Santa Elena,2021,2,0,204.1,25.635714285714283,90.38392857142857,0.0,0.0,0.0,0.0,0.0,0.0,0.0,0.0
Santa Elena,2021,3,1,150.9,26.135483870967743,88.36559139784946,0.0,0.0,0.0,0.0,0.0,0.0,0.0,1.0
Santa Elena,2021,4,1,119.9,26.88,85.50694444444444,0.0,0.0,0.0,1.0,0.0,0.0,0.0,0.0
Santa Elena,2021,5,0,412.90000000000003,26.948387096774194,88.83870967741936,0.0,0.0,0.0,0.0,0.0,0.0,0.0,0.0
Santa Elena,2021,6,2,256.4,26.863333333333333,88.29583333333333,0.0,0.0,0.0,0.0,0.0,0.0,1.0,0.0
Santa Elena,2021,7,2,301.0,27.65806451612903,82.94086021505376,0.0,0.0,0.0,0.0,0.0,0.5,0.5,0.0
Santa Elena,2021,8,0,183.3,27.200000000000003,85.51344086021506,0.0,0.0,0.0,0.0,0.0,0.0,0.0,0.0
Santa Elena,2021,9,1,343.0,26.756666666666668,88.62916666666666,0.0,1.0,0.0,0.0,0.0,0.0,0.0,0.0
Santa Elena,2021,10,3,335.7,26.748387096774195,88.47983870967742,0.0,0.0,0.0,0.6666666666666666,0.0,0.0,0.0,0.3333333333333333
Santa Elena,2021,11,0,327.7,26.176666666666666,91.05416666666666,0.0,0.0,0.0,0.0,0.0,0.0,0.0,0.0
Santa Elena,2021,12,2,256.0,25.706451612903226,90.11290322580645,0.0,0.0,0.0,0.0,0.5,0.0,0.0,0.5
Santa Elena,2022,1,3,144.2,25.48709677419355,89.05510752688173,0.0,0.0,0.0,0.0,0.0,0.0,0.6666666666666666,0.3333333333333333
Santa Elena,2022,2,3,104.3,25.42142857142857,89.55059523809524,0.0,0.0,0.0,0.3333333333333333,0.0,0.0,0.3333333333333333,0.3333333333333333
Santa Elena,2022,3,2,325.59999999999997,26.003225806451614,90.24596774193549,0.0,0.0,0.0,0.0,0.0,0.0,0.5,0.5
Santa Elena,2022,4,2,355.7,26.136666666666667,89.14166666666667,0.0,0.0,0.5,0.0,0.0,0.0,0.5,0.0
Santa Elena,2022,5,3,345.3,26.54516129032258,89.87768817204301,0.3333333333333333,0.0,0.0,0.0,0.0,0.0,0.6666666666666666,0.0
Santa Elena,2022,6,4,307.4,26.62,88.13888888888889,0.0,0.0,0.25,0.0,0.0,0.25,0.5,0.0
Santa Elena,2022,7,4,572.2,26.596774193548388,89.55510752688173,0.0,0.0,0.0,0.25,0.0,0.0,0.25,0.5
Santa Elena,2022,8,2,361.40000000000003,26.490322580645163,88.38306451612904,0.0,0.0,0.0,0.0,0.0,0.0,0.5,0.5
Santa Elena,2022,9,1,348.6,26.970000000000002,86.91805555555555,0.0,0.0,0.0,0.0,0.0,0.0,1.0,0.0
Santa Elena,2022,10,2,313.0,26.65806451612903,88.96774193548387,0.0,0.0,0.0,0.0,0.0,0.5,0.5,0.0
Santa Elena,2022,11,4,289.6,26.186666666666667,90.38888888888889,0.0,0.25,0.0,0.0,0.0,0.0,0.5,0.25
Santa Elena,2022,12,5,302.3,25.69677419354839,91.02016129032258,0.0,0.0,0.0,0.0,0.2,0.0,0.4,0.4
Santa Elena,2023,1,1,497.7,24.970967741935485,93.33198924731182,0.0,0.0,0.0,0.0,0.0,0.0,0.0,1.0
Santa Elena,2023,2,0,303.5,25.260714285714283,91.73660714285714,0.0,0.0,0.0,0.0,0.0,0.0,0.0,0.0
Santa Elena,2023,3,0,244.8,25.60967741935484,89.4260752688172,0.0,0.0,0.0,0.0,0.0,0.0,0.0,0.0
Santa Elena,2023,4,6,135.4,26.83,85.39861111111111,0.0,0.16666666666666666,0.3333333333333333,0.0,0.0,0.0,0.16666666666666666,0.3333333333333333
Santa Elena,2023,5,7,313.3,27.448387096774194,85.93548387096774,0.0,0.2857142857142857,0.2857142857142857,0.14285714285714285,0.0,0.0,0.2857142857142857,0.0
Santa Elena,2023,6,1,419.9,27.026666666666664,87.42222222222222,1.0,0.0,0.0,0.0,0.0,0.0,0.0,0.0
Santa Elena,2023,7,2,391.3,27.36774193548387,84.5524193548387,0.0,0.0,0.0,0.0,0.0,0.0,0.5,0.5
Santa Elena,2023,8,1,315.7,27.503225806451614,83.02822580645162,0.0,0.0,0.0,0.0,0.0,0.0,0.0,1.0
Santa Elena,2023,9,4,461.8,27.023333333333333,86.45694444444445,0.25,0.25,0.0,0.0,0.0,0.0,0.25,0.25
Santa Elena,2023,10,2,219.7,26.990322580645163,85.48790322580645,0.0,0.0,0.0,0.0,0.0,0.0,1.0,0.0
Santa Elena,2023,11,2,216.0,26.396666666666665,89.29027777777777,0.0,0.0,0.0,0.5,0.0,0.0,0.0,0.5
Santa Elena,2023,12,3,183.6,26.219354838709677,89.28763440860214,0.0,0.0,0.0,0.0,0.3333333333333333,0.0,0.3333333333333333,0.3333333333333333
Santa Elena,2024,1,2,99.3,25.983870967741936,87.50940860215054,0.5,0.5,0.0,0.0,0.0,0.0,0.0,0.0
Santa Elena,2024,2,1,78.0,25.886206896551727,85.03735632183908,0.0,0.0,0.0,0.0,0.0,0.0,1.0,0.0
Santa Elena,2024,3,3,48.7,26.693548387096776,80.3010752688172,0.0,0.0,0.0,0.3333333333333333,0.0,0.0,0.3333333333333333,0.3333333333333333
Santa Elena,2024,4,8,55.5,28.14333333333333,77.69722222222222,0.125,0.0,0.25,0.0,0.125,0.0,0.125,0.375
Santa Elena,2024,5,2,111.1,28.719354838709677,78.03763440860214,0.0,0.0,0.0,0.5,0.0,0.0,0.5,0.0
Santa Elena,2024,6,1,268.8,27.096666666666668,87.57638888888889,0.0,0.0,0.0,0.0,0.0,0.0,1.0,0.0
Santa Elena,2024,7,4,424.40000000000003,26.993548387096773,87.25268817204301,0.0,0.5,0.0,0.0,0.0,0.0,0.25,0.25
Santa Elena,2024,8,4,314.8,26.948387096774194,87.74327956989248,0.0,0.0,0.25,0.0,0.0,0.0,0.5,0.25
Santa Elena,2024,9,6,292.3,27.523333333333333,84.44722222222222,0.0,0.16666666666666666,0.16666666666666666,0.0,0.0,0.0,0.6666666666666666,0.0
Santa Elena,2024,10,5,254.3,27.183870967741935,84.42069892473118,0.0,0.0,0.0,0.2,0.0,0.2,0.0,0.6
Santa Elena,2024,11,6,124.8,27.42,82.27083333333333,0.0,0.16666666666666666,0.16666666666666666,0.0,0.0,0.0,0.16666666666666666,0.5
Santa Elena,2024,12,6,285.8,26.409677419354836,88.56182795698925,0.16666666666666666,0.16666666666666666,0.0,0.0,0.0,0.16666666666666666,0.5,0.0
Santa Elena,2025,1,4,117.9,26.15806451612903,87.52956989247312,0.0,0.5,0.0,0.0,0.0,0.25,0.0,0.25
Santa Elena,2025,2,4,92.8,26.214285714285715,85.29017857142857,0.0,0.0,0.0,0.0,0.0,0.25,0.5,0.25
Santa Elena,2025,3,5,128.9,26.506451612903227,86.22043010752688,0.0,0.0,0.0,0.2,0.0,0.0,0.6,0.2
Santa Elena,2025,4,2,69.5,27.613333333333333,79.75138888888888,0.0,0.0,0.0,0.0,0.5,0.0,0.0,0.5
Santa Elena,2025,5,1,256.2,27.12258064516129,86.25403225806451,0.0,0.0,0.0,0.0,0.0,0.0,1.0,0.0
Santa Elena,2025,6,0,292.1,26.886666666666667,85.95972222222223,0.0,0.0,0.0,0.0,0.0,0.0,0.0,0.0
Santa Elena,2025,7,3,168.4,27.96129032258065,78.06317204301075,0.0,0.0,0.3333333333333333,0.3333333333333333,0.0,0.0,0.0,0.3333333333333333
Santa Elena,2025,8,6,436.8,26.593548387096774,86.0241935483871,0.0,0.0,0.0,0.16666666666666666,0.0,0.16666666666666666,0.5,0.16666666666666666
Santa Elena,2025,9,8,274.3,26.779999999999998,84.84583333333333,0.0,0.0,0.0,0.0,0.125,0.0,0.75,0.125
Santa Elena,2025,10,3,345.5,26.606451612903225,86.78360215053763,0.0,0.0,0.0,0.0,0.0,0.0,0.6666666666666666,0.3333333333333333
Santa Elena,2025,11,0,266.3,26.55666666666667,86.72083333333333,0.0,0.0,0.0,0.0,0.0,0.0,0.0,0.0
Santa Elena,2025,12,1,171.9,26.322580645161292,87.89516129032258,0.0,0.0,0.0,0.0,0.0,0.0,1.0,0.0
Santa Elena,2026,1,0,115.2,25.822580645161292,84.18682795698925,0.0,0.0,0.0,0.0,0.0,0.0,0.0,0.0
Santa Filomena,2020,1,0,63.400000000000006,26.316129032258065,85.66397849462365,0.0,0.0,0.0,0.0,0.0,0.0,0.0,0.0
Santa Filomena,2020,2,1,98.7,25.731034482758623,86.48994252873563,0.0,0.0,0.0,0.0,1.0,0.0,0.0,0.0
Santa Filomena,2020,3,0,177.60000000000002,26.33225806451613,85.24462365591398,0.0,0.0,0.0,0.0,0.0,0.0,0.0,0.0
Santa Filomena,2020,4,0,46.2,27.509999999999998,80.39166666666667,0.0,0.0,0.0,0.0,0.0,0.0,0.0,0.0
Santa Filomena,2020,5,0,235.0,27.587096774193547,88.56048387096774,0.0,0.0,0.0,0.0,0.0,0.0,0.0,0.0
Santa Filomena,2020,6,0,481.8,26.81,89.87361111111112,0.0,0.0,0.0,0.0,0.0,0.0,0.0,0.0
Santa Filomena,2020,7,1,516.3,26.641935483870967,90.00940860215054,0.0,0.0,1.0,0.0,0.0,0.0,0.0,0.0
Santa Filomena,2020,8,0,283.8,26.967741935483872,88.1975806451613,0.0,0.0,0.0,0.0,0.0,0.0,0.0,0.0
Santa Filomena,2020,9,0,453.5,26.923333333333336,89.24722222222222,0.0,0.0,0.0,0.0,0.0,0.0,0.0,0.0
Santa Filomena,2020,10,1,504.29999999999995,26.55806451612903,90.60215053763442,0.0,0.0,0.0,0.0,1.0,0.0,0.0,0.0
Santa Filomena,2020,11,1,201.0,26.413333333333334,90.75972222222222,0.0,0.0,0.0,0.0,0.0,0.0,1.0,0.0
Santa Filomena,2020,12,0,284.9,26.187096774193545,90.4986559139785,0.0,0.0,0.0,0.0,0.0,0.0,0.0,0.0
Santa Filomena,2021,1,1,270.59999999999997,25.55806451612903,90.90591397849462,0.0,0.0,0.0,0.0,0.0,0.0,1.0,0.0
Santa Filomena,2021,2,0,204.1,25.635714285714283,90.38392857142857,0.0,0.0,0.0,0.0,0.0,0.0,0.0,0.0
Santa Filomena,2021,3,1,150.9,26.135483870967743,88.36559139784946,0.0,0.0,0.0,0.0,0.0,0.0,1.0,0.0
Santa Filomena,2021,4,2,119.9,26.88,85.50694444444444,0.0,0.0,0.0,0.0,0.0,0.0,1.0,0.0
Santa Filomena,2021,5,0,412.90000000000003,26.948387096774194,88.83870967741936,0.0,0.0,0.0,0.0,0.0,0.0,0.0,0.0
Santa Filomena,2021,6,0,256.4,26.863333333333333,88.29583333333333,0.0,0.0,0.0,0.0,0.0,0.0,0.0,0.0
Santa Filomena,2021,7,0,301.0,27.65806451612903,82.94086021505376,0.0,0.0,0.0,0.0,0.0,0.0,0.0,0.0
Santa Filomena,2021,8,0,183.3,27.200000000000003,85.51344086021506,0.0,0.0,0.0,0.0,0.0,0.0,0.0,0.0
Santa Filomena,2021,9,2,343.0,26.756666666666668,88.62916666666666,0.0,0.0,0.5,0.0,0.0,0.0,0.0,0.5
Santa Filomena,2021,10,2,335.7,26.748387096774195,88.47983870967742,0.0,0.0,0.0,0.0,0.0,0.0,0.5,0.5
Santa Filomena,2021,11,0,327.7,26.176666666666666,91.05416666666666,0.0,0.0,0.0,0.0,0.0,0.0,0.0,0.0
Santa Filomena,2021,12,3,256.0,25.706451612903226,90.11290322580645,0.0,0.0,0.3333333333333333,0.6666666666666666,0.0,0.0,0.0,0.0
Santa Filomena,2022,1,1,144.2,25.48709677419355,89.05510752688173,0.0,0.0,0.0,0.0,0.0,1.0,0.0,0.0
Santa Filomena,2022,2,0,104.3,25.42142857142857,89.55059523809524,0.0,0.0,0.0,0.0,0.0,0.0,0.0,0.0
Santa Filomena,2022,3,0,325.59999999999997,26.003225806451614,90.24596774193549,0.0,0.0,0.0,0.0,0.0,0.0,0.0,0.0
Santa Filomena,2022,4,0,355.7,26.136666666666667,89.14166666666667,0.0,0.0,0.0,0.0,0.0,0.0,0.0,0.0
Santa Filomena,2022,5,3,345.3,26.54516129032258,89.87768817204301,0.0,0.6666666666666666,0.0,0.0,0.0,0.3333333333333333,0.0,0.0
Santa Filomena,2022,6,1,307.4,26.62,88.13888888888889,0.0,0.0,0.0,0.0,0.0,0.0,1.0,0.0
Santa Filomena,2022,7,2,572.2,26.596774193548388,89.55510752688173,0.0,0.0,0.0,0.0,0.0,0.0,0.5,0.5
Santa Filomena,2022,8,0,361.40000000000003,26.490322580645163,88.38306451612904,0.0,0.0,0.0,0.0,0.0,0.0,0.0,0.0
Santa Filomena,2022,9,8,348.6,26.970000000000002,86.91805555555555,0.0,0.125,0.0,0.0,0.0,0.25,0.5,0.125
Santa Filomena,2022,10,2,313.0,26.65806451612903,88.96774193548387,0.0,0.0,0.5,0.0,0.0,0.5,0.0,0.0
Santa Filomena,2022,11,4,289.6,26.186666666666667,90.38888888888889,0.0,0.0,0.0,0.25,0.0,0.0,0.5,0.25
Santa Filomena,2022,12,3,302.3,25.69677419354839,91.02016129032258,0.0,0.0,0.0,0.3333333333333333,0.0,0.0,0.3333333333333333,0.3333333333333333
Santa Filomena,2023,1,0,497.7,24.970967741935485,93.33198924731182,0.0,0.0,0.0,0.0,0.0,0.0,0.0,0.0
Santa Filomena,2023,2,0,303.5,25.260714285714283,91.73660714285714,0.0,0.0,0.0,0.0,0.0,0.0,0.0,0.0
Santa Filomena,2023,3,0,244.8,25.60967741935484,89.4260752688172,0.0,0.0,0.0,0.0,0.0,0.0,0.0,0.0
Santa Filomena,2023,4,0,135.4,26.83,85.39861111111111,0.0,0.0,0.0,0.0,0.0,0.0,0.0,0.0
Santa Filomena,2023,5,1,313.3,27.448387096774194,85.93548387096774,0.0,0.0,0.0,0.0,0.0,0.0,0.0,1.0
Santa Filomena,2023,6,2,419.9,27.026666666666664,87.42222222222222,0.0,0.0,0.0,0.5,0.0,0.0,0.5,0.0
Santa Filomena,2023,7,0,391.3,27.36774193548387,84.5524193548387,0.0,0.0,0.0,0.0,0.0,0.0,0.0,0.0
Santa Filomena,2023,8,1,315.7,27.503225806451614,83.02822580645162,0.0,0.0,0.0,0.0,0.0,0.0,0.0,1.0
Santa Filomena,2023,9,9,461.8,27.023333333333333,86.45694444444445,0.1111111111111111,0.0,0.3333333333333333,0.1111111111111111,0.0,0.0,0.2222222222222222,0.2222222222222222
Santa Filomena,2023,10,12,219.7,26.990322580645163,85.48790322580645,0.0,0.08333333333333333,0.25,0.16666666666666666,0.0,0.0,0.4166666666666667,0.08333333333333333
Santa Filomena,2023,11,4,216.0,26.396666666666665,89.29027777777777,0.0,0.25,0.5,0.0,0.0,0.0,0.25,0.0
Santa Filomena,2023,12,3,183.6,26.219354838709677,89.28763440860214,0.0,0.0,0.0,0.0,0.3333333333333333,0.0,0.3333333333333333,0.3333333333333333
Santa Filomena,2024,1,4,99.3,25.983870967741936,87.50940860215054,0.25,0.0,0.25,0.0,0.0,0.0,0.5,0.0
Santa Filomena,2024,2,2,78.0,25.886206896551727,85.03735632183908,0.0,0.0,0.0,0.0,0.0,0.0,1.0,0.0
Santa Filomena,2024,3,1,48.7,26.693548387096776,80.3010752688172,0.0,0.0,0.0,0.0,0.0,0.0,0.0,1.0
Santa Filomena,2024,4,0,55.5,28.14333333333333,77.69722222222222,0.0,0.0,0.0,0.0,0.0,0.0,0.0,0.0
Santa Filomena,2024,5,0,111.1,28.719354838709677,78.03763440860214,0.0,0.0,0.0,0.0,0.0,0.0,0.0,0.0
Santa Filomena,2024,6,0,268.8,27.096666666666668,87.57638888888889,0.0,0.0,0.0,0.0,0.0,0.0,0.0,0.0
Santa Filomena,2024,7,1,424.40000000000003,26.993548387096773,87.25268817204301,0.0,0.0,0.0,0.0,0.0,0.0,0.0,1.0
Santa Filomena,2024,8,4,314.8,26.948387096774194,87.74327956989248,0.25,0.0,0.0,0.0,0.0,0.25,0.5,0.0
Santa Filomena,2024,9,3,292.3,27.523333333333333,84.44722222222222,0.0,0.0,0.3333333333333333,0.0,0.0,0.0,0.6666666666666666,0.0
Santa Filomena,2024,10,2,254.3,27.183870967741935,84.42069892473118,0.0,0.0,0.0,0.0,0.0,0.5,0.0,0.5
Santa Filomena,2024,11,2,124.8,27.42,82.27083333333333,0.5,0.0,0.0,0.5,0.0,0.0,0.0,0.0
Santa Filomena,2024,12,2,285.8,26.409677419354836,88.56182795698925,0.0,0.0,0.0,0.0,0.0,0.0,1.0,0.0
Santa Filomena,2025,1,2,117.9,26.15806451612903,87.52956989247312,0.0,0.0,0.0,0.0,0.0,0.5,0.0,0.5
Santa Filomena,2025,2,4,92.8,26.214285714285715,85.29017857142857,0.0,0.25,0.0,0.25,0.0,0.25,0.25,0.0
Santa Filomena,2025,3,3,128.9,26.506451612903227,86.22043010752688,0.0,0.0,0.0,0.3333333333333333,0.0,0.3333333333333333,0.3333333333333333,0.0
Santa Filomena,2025,4,1,69.5,27.613333333333333,79.75138888888888,0.0,1.0,0.0,0.0,0.0,0.0,0.0,0.0
Santa Filomena,2025,5,2,256.2,27.12258064516129,86.25403225806451,0.0,0.0,0.0,0.0,0.0,0.5,0.5,0.0
Santa Filomena,2025,6,1,292.1,26.886666666666667,85.95972222222223,0.0,0.0,0.0,0.0,0.0,0.0,1.0,0.0
Santa Filomena,2025,7,4,168.4,27.96129032258065,78.06317204301075,0.0,0.0,0.0,0.25,0.0,0.0,0.5,0.25
Santa Filomena,2025,8,2,436.8,26.593548387096774,86.0241935483871,0.0,0.0,0.5,0.0,0.0,0.0,0.0,0.5
Santa Filomena,2025,9,2,274.3,26.779999999999998,84.84583333333333,0.0,0.0,0.0,1.0,0.0,0.0,0.0,0.0
Santa Filomena,2025,10,3,345.5,26.606451612903225,86.78360215053763,0.0,0.0,0.3333333333333333,0.0,0.3333333333333333,0.3333333333333333,0.0,0.0
Santa Filomena,2025,11,4,266.3,26.55666666666667,86.72083333333333,0.0,0.0,0.25,0.0,0.0,0.0,0.75,0.0
Santa Filomena,2025,12,0,171.9,26.322580645161292,87.89516129032258,0.0,0.0,0.0,0.0,0.0,0.0,0.0,0.0
Santa Filomena,2026,1,0,115.2,25.822580645161292,84.18682795698925,0.0,0.0,0.0,0.0,0.0,0.0,0.0,0.0
Santiago,2020,1,1,63.400000000000006,26.316129032258065,85.66397849462365,0.0,0.0,0.0,0.0,0.0,0.0,1.0,0.0
Santiago,2020,2,1,98.7,25.731034482758623,86.48994252873563,0.0,0.0,0.0,0.0,0.0,0.0,1.0,0.0
Santiago,2020,3,0,177.60000000000002,26.33225806451613,85.24462365591398,0.0,0.0,0.0,0.0,0.0,0.0,0.0,0.0
Santiago,2020,4,1,46.2,27.509999999999998,80.39166666666667,0.0,0.0,0.0,0.0,0.0,1.0,0.0,0.0
Santiago,2020,5,2,235.0,27.587096774193547,88.56048387096774,0.0,0.0,0.0,0.0,0.0,0.0,0.5,0.5
Santiago,2020,6,2,481.8,26.81,89.87361111111112,0.0,0.0,0.0,0.0,0.5,0.0,0.0,0.5
Santiago,2020,7,1,516.3,26.641935483870967,90.00940860215054,0.0,0.0,0.0,0.0,0.0,0.0,0.0,1.0
Santiago,2020,8,4,283.8,26.967741935483872,88.1975806451613,0.0,0.25,0.0,0.0,0.0,0.0,0.0,0.75
Santiago,2020,9,1,453.5,26.923333333333336,89.24722222222222,0.0,0.0,1.0,0.0,0.0,0.0,0.0,0.0
Santiago,2020,10,2,504.29999999999995,26.55806451612903,90.60215053763442,0.0,0.0,0.0,0.0,0.0,1.0,0.0,0.0
Santiago,2020,11,1,201.0,26.413333333333334,90.75972222222222,0.0,0.0,0.0,0.0,0.0,1.0,0.0,0.0
Santiago,2020,12,4,284.9,26.187096774193545,90.4986559139785,0.0,0.0,0.5,0.25,0.0,0.25,0.0,0.0
Santiago,2021,1,1,270.59999999999997,25.55806451612903,90.90591397849462,0.0,0.0,0.0,0.0,0.0,0.0,1.0,0.0
Santiago,2021,2,1,204.1,25.635714285714283,90.38392857142857,0.0,0.0,0.0,0.0,0.0,0.0,0.0,1.0
Santiago,2021,3,1,150.9,26.135483870967743,88.36559139784946,0.0,0.0,0.0,0.0,0.0,0.0,0.0,1.0
Santiago,2021,4,0,119.9,26.88,85.50694444444444,0.0,0.0,0.0,0.0,0.0,0.0,0.0,0.0
Santiago,2021,5,2,412.90000000000003,26.948387096774194,88.83870967741936,0.0,0.0,0.0,0.5,0.0,0.0,0.5,0.0
Santiago,2021,6,3,256.4,26.863333333333333,88.29583333333333,0.0,0.3333333333333333,0.0,0.0,0.0,0.3333333333333333,0.3333333333333333,0.0
Santiago,2021,7,2,301.0,27.65806451612903,82.94086021505376,0.0,0.0,0.0,0.0,0.0,0.0,0.5,0.5
Santiago,2021,8,2,183.3,27.200000000000003,85.51344086021506,0.0,0.0,0.5,0.0,0.0,0.0,0.5,0.0
Santiago,2021,9,1,343.0,26.756666666666668,88.62916666666666,1.0,0.0,0.0,0.0,0.0,0.0,0.0,0.0
Santiago,2021,10,1,335.7,26.748387096774195,88.47983870967742,0.0,1.0,0.0,0.0,0.0,0.0,0.0,0.0
Santiago,2021,11,1,327.7,26.176666666666666,91.05416666666666,0.0,0.0,0.0,0.0,1.0,0.0,0.0,0.0
Santiago,2021,12,0,256.0,25.706451612903226,90.11290322580645,0.0,0.0,0.0,0.0,0.0,0.0,0.0,0.0
Santiago,2022,1,1,144.2,25.48709677419355,89.05510752688173,1.0,0.0,0.0,0.0,0.0,0.0,0.0,0.0
Santiago,2022,2,2,104.3,25.42142857142857,89.55059523809524,0.0,0.5,0.0,0.0,0.0,0.0,0.5,0.0
Santiago,2022,3,2,325.59999999999997,26.003225806451614,90.24596774193549,0.0,0.0,0.5,0.5,0.0,0.0,0.0,0.0
Santiago,2022,4,3,355.7,26.136666666666667,89.14166666666667,0.0,0.3333333333333333,0.0,0.3333333333333333,0.0,0.0,0.3333333333333333,0.0
Santiago,2022,5,0,345.3,26.54516129032258,89.87768817204301,0.0,0.0,0.0,0.0,0.0,0.0,0.0,0.0
Santiago,2022,6,2,307.4,26.62,88.13888888888889,0.0,0.0,0.0,0.0,0.5,0.0,0.0,0.5
Santiago,2022,7,2,572.2,26.596774193548388,89.55510752688173,0.0,0.0,0.0,0.0,0.0,0.5,0.5,0.0
Santiago,2022,8,2,361.40000000000003,26.490322580645163,88.38306451612904,0.0,0.0,0.0,0.0,0.0,0.0,1.0,0.0
Santiago,2022,9,4,348.6,26.970000000000002,86.91805555555555,0.0,0.25,0.0,0.25,0.0,0.0,0.5,0.0
Santiago,2022,10,0,313.0,26.65806451612903,88.96774193548387,0.0,0.0,0.0,0.0,0.0,0.0,0.0,0.0
Santiago,2022,11,1,289.6,26.186666666666667,90.38888888888889,0.0,0.0,0.0,0.0,0.0,1.0,0.0,0.0
Santiago,2022,12,3,302.3,25.69677419354839,91.02016129032258,0.0,0.3333333333333333,0.0,0.6666666666666666,0.0,0.0,0.0,0.0
Santiago,2023,1,0,497.7,24.970967741935485,93.33198924731182,0.0,0.0,0.0,0.0,0.0,0.0,0.0,0.0
Santiago,2023,2,0,303.5,25.260714285714283,91.73660714285714,0.0,0.0,0.0,0.0,0.0,0.0,0.0,0.0
Santiago,2023,3,0,244.8,25.60967741935484,89.4260752688172,0.0,0.0,0.0,0.0,0.0,0.0,0.0,0.0
Santiago,2023,4,2,135.4,26.83,85.39861111111111,0.0,0.0,0.0,0.0,0.0,0.0,0.5,0.5
Santiago,2023,5,1,313.3,27.448387096774194,85.93548387096774,0.0,0.0,0.0,0.0,0.0,0.0,0.0,1.0
Santiago,2023,6,3,419.9,27.026666666666664,87.42222222222222,0.0,0.0,0.0,0.3333333333333333,0.0,0.0,0.6666666666666666,0.0
Santiago,2023,7,4,391.3,27.36774193548387,84.5524193548387,0.0,0.0,0.0,0.0,0.5,0.0,0.25,0.25
Santiago,2023,8,2,315.7,27.503225806451614,83.02822580645162,0.0,0.5,0.0,0.0,0.0,0.0,0.0,0.5
Santiago,2023,9,4,461.8,27.023333333333333,86.45694444444445,0.0,0.0,0.5,0.0,0.0,0.0,0.5,0.0
Santiago,2023,10,4,219.7,26.990322580645163,85.48790322580645,0.0,0.0,0.25,0.25,0.0,0.0,0.5,0.0
Santiago,2023,11,4,216.0,26.396666666666665,89.29027777777777,0.0,0.0,0.25,0.0,0.0,0.0,0.0,0.75
Santiago,2023,12,3,183.6,26.219354838709677,89.28763440860214,0.3333333333333333,0.0,0.0,0.0,0.0,0.0,0.3333333333333333,0.3333333333333333
Santiago,2024,1,4,99.3,25.983870967741936,87.50940860215054,0.0,0.0,0.25,0.25,0.0,0.0,0.5,0.0
Santiago,2024,2,11,78.0,25.886206896551727,85.03735632183908,0.0,0.18181818181818182,0.09090909090909091,0.2727272727272727,0.09090909090909091,0.0,0.18181818181818182,0.18181818181818182
Santiago,2024,3,6,48.7,26.693548387096776,80.3010752688172,0.0,0.0,0.0,0.0,0.0,0.0,0.3333333333333333,0.6666666666666666
Santiago,2024,4,1,55.5,28.14333333333333,77.69722222222222,0.0,0.0,0.0,0.0,0.0,0.0,0.0,1.0
Santiago,2024,5,4,111.1,28.719354838709677,78.03763440860214,0.0,0.0,0.0,0.0,0.0,0.25,0.5,0.25
Santiago,2024,6,1,268.8,27.096666666666668,87.57638888888889,0.0,1.0,0.0,0.0,0.0,0.0,0.0,0.0
Santiago,2024,7,8,424.40000000000003,26.993548387096773,87.25268817204301,0.0,0.25,0.125,0.0,0.0,0.0,0.125,0.5
Santiago,2024,8,5,314.8,26.948387096774194,87.74327956989248,0.0,0.2,0.0,0.0,0.0,0.0,0.4,0.4
Santiago,2024,9,8,292.3,27.523333333333333,84.44722222222222,0.125,0.25,0.125,0.0,0.0,0.125,0.375,0.0
Santiago,2024,10,3,254.3,27.183870967741935,84.42069892473118,0.0,0.0,0.0,0.3333333333333333,0.0,0.0,0.3333333333333333,0.3333333333333333
Santiago,2024,11,5,124.8,27.42,82.27083333333333,0.0,0.0,0.2,0.0,0.0,0.0,0.6,0.2
Santiago,2024,12,1,285.8,26.409677419354836,88.56182795698925,0.0,0.0,0.0,0.0,0.0,0.0,1.0,0.0
Santiago,2025,1,3,117.9,26.15806451612903,87.52956989247312,0.0,0.0,0.0,0.0,0.0,0.0,0.3333333333333333,0.6666666666666666
Santiago,2025,2,1,92.8,26.214285714285715,85.29017857142857,0.0,0.0,0.0,0.0,0.0,0.0,1.0,0.0
Santiago,2025,3,5,128.9,26.506451612903227,86.22043010752688,0.0,0.0,0.0,0.0,0.2,0.0,0.6,0.2
Santiago,2025,4,1,69.5,27.613333333333333,79.75138888888888,0.0,0.0,0.0,0.0,0.0,1.0,0.0,0.0
Santiago,2025,5,3,256.2,27.12258064516129,86.25403225806451,0.0,0.0,0.0,0.0,0.0,0.0,0.3333333333333333,0.6666666666666666
Santiago,2025,6,2,292.1,26.886666666666667,85.95972222222223,0.0,0.0,0.0,0.0,0.5,0.0,0.5,0.0
Santiago,2025,7,6,168.4,27.96129032258065,78.06317204301075,0.16666666666666666,0.16666666666666666,0.0,0.16666666666666666,0.0,0.3333333333333333,0.16666666666666666,0.0
Santiago,2025,8,3,436.8,26.593548387096774,86.0241935483871,0.0,0.3333333333333333,0.0,0.0,0.0,0.0,0.6666666666666666,0.0
Santiago,2025,9,0,274.3,26.779999999999998,84.84583333333333,0.0,0.0,0.0,0.0,0.0,0.0,0.0,0.0
Santiago,2025,10,3,345.5,26.606451612903225,86.78360215053763,0.0,0.0,0.0,0.0,0.0,0.3333333333333333,0.3333333333333333,0.3333333333333333
Santiago,2025,11,0,266.3,26.55666666666667,86.72083333333333,0.0,0.0,0.0,0.0,0.0,0.0,0.0,0.0
Santiago,2025,12,0,171.9,26.322580645161292,87.89516129032258,0.0,0.0,0.0,0.0,0.0,0.0,0.0,0.0
Santiago,2026,1,0,115.2,25.822580645161292,84.18682795698925,0.0,0.0,0.0,0.0,0.0,0.0,0.0,0.0
Santo Rosario,2020,1,0,63.400000000000006,26.316129032258065,85.66397849462365,0.0,0.0,0.0,0.0,0.0,0.0,0.0,0.0
Santo Rosario,2020,2,0,98.7,25.731034482758623,86.48994252873563,0.0,0.0,0.0,0.0,0.0,0.0,0.0,0.0
Santo Rosario,2020,3,0,177.60000000000002,26.33225806451613,85.24462365591398,0.0,0.0,0.0,0.0,0.0,0.0,0.0,0.0
Santo Rosario,2020,4,0,46.2,27.509999999999998,80.39166666666667,0.0,0.0,0.0,0.0,0.0,0.0,0.0,0.0
Santo Rosario,2020,5,1,235.0,27.587096774193547,88.56048387096774,1.0,0.0,0.0,0.0,0.0,0.0,0.0,0.0
Santo Rosario,2020,6,0,481.8,26.81,89.87361111111112,0.0,0.0,0.0,0.0,0.0,0.0,0.0,0.0
Santo Rosario,2020,7,0,516.3,26.641935483870967,90.00940860215054,0.0,0.0,0.0,0.0,0.0,0.0,0.0,0.0
Santo Rosario,2020,8,1,283.8,26.967741935483872,88.1975806451613,0.0,0.0,0.0,0.0,1.0,0.0,0.0,0.0
Santo Rosario,2020,9,1,453.5,26.923333333333336,89.24722222222222,0.0,0.0,0.0,1.0,0.0,0.0,0.0,0.0
Santo Rosario,2020,10,0,504.29999999999995,26.55806451612903,90.60215053763442,0.0,0.0,0.0,0.0,0.0,0.0,0.0,0.0
Santo Rosario,2020,11,1,201.0,26.413333333333334,90.75972222222222,0.0,0.0,0.0,0.0,0.0,0.0,1.0,0.0
Santo Rosario,2020,12,0,284.9,26.187096774193545,90.4986559139785,0.0,0.0,0.0,0.0,0.0,0.0,0.0,0.0
Santo Rosario,2021,1,0,270.59999999999997,25.55806451612903,90.90591397849462,0.0,0.0,0.0,0.0,0.0,0.0,0.0,0.0
Santo Rosario,2021,2,0,204.1,25.635714285714283,90.38392857142857,0.0,0.0,0.0,0.0,0.0,0.0,0.0,0.0
Santo Rosario,2021,3,0,150.9,26.135483870967743,88.36559139784946,0.0,0.0,0.0,0.0,0.0,0.0,0.0,0.0
Santo Rosario,2021,4,1,119.9,26.88,85.50694444444444,0.0,0.0,0.0,1.0,0.0,0.0,0.0,0.0
Santo Rosario,2021,5,1,412.90000000000003,26.948387096774194,88.83870967741936,0.0,0.0,0.0,1.0,0.0,0.0,0.0,0.0
Santo Rosario,2021,6,1,256.4,26.863333333333333,88.29583333333333,0.0,0.0,0.0,0.0,0.0,0.0,1.0,0.0
Santo Rosario,2021,7,2,301.0,27.65806451612903,82.94086021505376,0.0,0.0,0.0,0.0,0.0,0.0,0.5,0.5
Santo Rosario,2021,8,1,183.3,27.200000000000003,85.51344086021506,0.0,0.0,0.0,0.0,0.0,0.0,0.0,1.0
Santo Rosario,2021,9,0,343.0,26.756666666666668,88.62916666666666,0.0,0.0,0.0,0.0,0.0,0.0,0.0,0.0
Santo Rosario,2021,10,0,335.7,26.748387096774195,88.47983870967742,0.0,0.0,0.0,0.0,0.0,0.0,0.0,0.0
Santo Rosario,2021,11,0,327.7,26.176666666666666,91.05416666666666,0.0,0.0,0.0,0.0,0.0,0.0,0.0,0.0
Santo Rosario,2021,12,0,256.0,25.706451612903226,90.11290322580645,0.0,0.0,0.0,0.0,0.0,0.0,0.0,0.0
Santo Rosario,2022,1,1,144.2,25.48709677419355,89.05510752688173,0.0,0.0,0.0,0.0,0.0,0.0,1.0,0.0
Santo Rosario,2022,2,0,104.3,25.42142857142857,89.55059523809524,0.0,0.0,0.0,0.0,0.0,0.0,0.0,0.0
Santo Rosario,2022,3,0,325.59999999999997,26.003225806451614,90.24596774193549,0.0,0.0,0.0,0.0,0.0,0.0,0.0,0.0
Santo Rosario,2022,4,0,355.7,26.136666666666667,89.14166666666667,0.0,0.0,0.0,0.0,0.0,0.0,0.0,0.0
Santo Rosario,2022,5,0,345.3,26.54516129032258,89.87768817204301,0.0,0.0,0.0,0.0,0.0,0.0,0.0,0.0
Santo Rosario,2022,6,0,307.4,26.62,88.13888888888889,0.0,0.0,0.0,0.0,0.0,0.0,0.0,0.0
Santo Rosario,2022,7,1,572.2,26.596774193548388,89.55510752688173,0.0,0.0,0.0,0.0,0.0,0.0,1.0,0.0
Santo Rosario,2022,8,2,361.40000000000003,26.490322580645163,88.38306451612904,0.0,0.0,0.0,0.5,0.0,0.0,0.0,0.5
Santo Rosario,2022,9,0,348.6,26.970000000000002,86.91805555555555,0.0,0.0,0.0,0.0,0.0,0.0,0.0,0.0
Santo Rosario,2022,10,1,313.0,26.65806451612903,88.96774193548387,0.0,0.0,0.0,1.0,0.0,0.0,0.0,0.0
Santo Rosario,2022,11,0,289.6,26.186666666666667,90.38888888888889,0.0,0.0,0.0,0.0,0.0,0.0,0.0,0.0
Santo Rosario,2022,12,1,302.3,25.69677419354839,91.02016129032258,0.0,0.0,0.0,0.0,0.0,0.0,1.0,0.0
Santo Rosario,2023,1,0,497.7,24.970967741935485,93.33198924731182,0.0,0.0,0.0,0.0,0.0,0.0,0.0,0.0
Santo Rosario,2023,2,0,303.5,25.260714285714283,91.73660714285714,0.0,0.0,0.0,0.0,0.0,0.0,0.0,0.0
Santo Rosario,2023,3,0,244.8,25.60967741935484,89.4260752688172,0.0,0.0,0.0,0.0,0.0,0.0,0.0,0.0
Santo Rosario,2023,4,1,135.4,26.83,85.39861111111111,0.0,0.0,0.0,1.0,0.0,0.0,0.0,0.0
Santo Rosario,2023,5,0,313.3,27.448387096774194,85.93548387096774,0.0,0.0,0.0,0.0,0.0,0.0,0.0,0.0
Santo Rosario,2023,6,0,419.9,27.026666666666664,87.42222222222222,0.0,0.0,0.0,0.0,0.0,0.0,0.0,0.0
Santo Rosario,2023,7,0,391.3,27.36774193548387,84.5524193548387,0.0,0.0,0.0,0.0,0.0,0.0,0.0,0.0
Santo Rosario,2023,8,2,315.7,27.503225806451614,83.02822580645162,0.0,0.0,0.0,0.5,0.0,0.0,0.0,0.5
Santo Rosario,2023,9,3,461.8,27.023333333333333,86.45694444444445,0.0,0.0,0.0,0.0,0.0,0.0,0.6666666666666666,0.3333333333333333
Santo Rosario,2023,10,1,219.7,26.990322580645163,85.48790322580645,0.0,0.0,1.0,0.0,0.0,0.0,0.0,0.0
Santo Rosario,2023,11,2,216.0,26.396666666666665,89.29027777777777,0.0,0.0,0.0,0.0,0.0,0.0,0.5,0.5
Santo Rosario,2023,12,0,183.6,26.219354838709677,89.28763440860214,0.0,0.0,0.0,0.0,0.0,0.0,0.0,0.0
Santo Rosario,2024,1,1,99.3,25.983870967741936,87.50940860215054,0.0,1.0,0.0,0.0,0.0,0.0,0.0,0.0
Santo Rosario,2024,2,0,78.0,25.886206896551727,85.03735632183908,0.0,0.0,0.0,0.0,0.0,0.0,0.0,0.0
Santo Rosario,2024,3,0,48.7,26.693548387096776,80.3010752688172,0.0,0.0,0.0,0.0,0.0,0.0,0.0,0.0
Santo Rosario,2024,4,1,55.5,28.14333333333333,77.69722222222222,0.0,0.0,1.0,0.0,0.0,0.0,0.0,0.0
Santo Rosario,2024,5,3,111.1,28.719354838709677,78.03763440860214,0.0,0.0,0.0,0.0,0.0,0.0,0.6666666666666666,0.3333333333333333
Santo Rosario,2024,6,0,268.8,27.096666666666668,87.57638888888889,0.0,0.0,0.0,0.0,0.0,0.0,0.0,0.0
Santo Rosario,2024,7,2,424.40000000000003,26.993548387096773,87.25268817204301,0.5,0.0,0.5,0.0,0.0,0.0,0.0,0.0
Santo Rosario,2024,8,1,314.8,26.948387096774194,87.74327956989248,0.0,0.0,0.0,1.0,0.0,0.0,0.0,0.0
Santo Rosario,2024,9,0,292.3,27.523333333333333,84.44722222222222,0.0,0.0,0.0,0.0,0.0,0.0,0.0,0.0
Santo Rosario,2024,10,1,254.3,27.183870967741935,84.42069892473118,0.0,0.0,0.0,0.0,0.0,0.0,0.0,1.0
Santo Rosario,2024,11,1,124.8,27.42,82.27083333333333,0.0,0.0,0.0,1.0,0.0,0.0,0.0,0.0
Santo Rosario,2024,12,2,285.8,26.409677419354836,88.56182795698925,0.0,0.0,0.5,0.0,0.0,0.0,0.0,0.5
Santo Rosario,2025,1,0,117.9,26.15806451612903,87.52956989247312,0.0,0.0,0.0,0.0,0.0,0.0,0.0,0.0
Santo Rosario,2025,2,0,92.8,26.214285714285715,85.29017857142857,0.0,0.0,0.0,0.0,0.0,0.0,0.0,0.0
Santo Rosario,2025,3,3,128.9,26.506451612903227,86.22043010752688,0.0,0.0,0.0,0.3333333333333333,0.0,0.0,0.0,0.6666666666666666
Santo Rosario,2025,4,0,69.5,27.613333333333333,79.75138888888888,0.0,0.0,0.0,0.0,0.0,0.0,0.0,0.0
Santo Rosario,2025,5,0,256.2,27.12258064516129,86.25403225806451,0.0,0.0,0.0,0.0,0.0,0.0,0.0,0.0
Santo Rosario,2025,6,0,292.1,26.886666666666667,85.95972222222223,0.0,0.0,0.0,0.0,0.0,0.0,0.0,0.0
Santo Rosario,2025,7,0,168.4,27.96129032258065,78.06317204301075,0.0,0.0,0.0,0.0,0.0,0.0,0.0,0.0
Santo Rosario,2025,8,0,436.8,26.593548387096774,86.0241935483871,0.0,0.0,0.0,0.0,0.0,0.0,0.0,0.0
Santo Rosario,2025,9,1,274.3,26.779999999999998,84.84583333333333,1.0,0.0,0.0,0.0,0.0,0.0,0.0,0.0
Santo Rosario,2025,10,1,345.5,26.606451612903225,86.78360215053763,0.0,0.0,0.0,1.0,0.0,0.0,0.0,0.0
Santo Rosario,2025,11,2,266.3,26.55666666666667,86.72083333333333,0.0,0.0,0.0,0.0,0.0,0.0,1.0,0.0
Santo Rosario,2025,12,0,171.9,26.322580645161292,87.89516129032258,0.0,0.0,0.0,0.0,0.0,0.0,0.0,0.0
Santo Rosario,2026,1,0,115.2,25.822580645161292,84.18682795698925,0.0,0.0,0.0,0.0,0.0,0.0,0.0,0.0
Saray,2020,1,1,63.400000000000006,26.316129032258065,85.66397849462365,0.0,0.0,0.0,0.0,0.0,1.0,0.0,0.0
Saray,2020,2,0,98.7,25.731034482758623,86.48994252873563,0.0,0.0,0.0,0.0,0.0,0.0,0.0,0.0
Saray,2020,3,0,177.60000000000002,26.33225806451613,85.24462365591398,0.0,0.0,0.0,0.0,0.0,0.0,0.0,0.0
Saray,2020,4,1,46.2,27.509999999999998,80.39166666666667,0.0,0.0,0.0,0.0,0.0,0.0,1.0,0.0
Saray,2020,5,1,235.0,27.587096774193547,88.56048387096774,0.0,1.0,0.0,0.0,0.0,0.0,0.0,0.0
Saray,2020,6,1,481.8,26.81,89.87361111111112,0.0,0.0,0.0,0.0,0.0,0.0,1.0,0.0
Saray,2020,7,0,516.3,26.641935483870967,90.00940860215054,0.0,0.0,0.0,0.0,0.0,0.0,0.0,0.0
Saray,2020,8,4,283.8,26.967741935483872,88.1975806451613,0.0,0.25,0.0,0.0,0.0,0.5,0.25,0.0
Saray,2020,9,0,453.5,26.923333333333336,89.24722222222222,0.0,0.0,0.0,0.0,0.0,0.0,0.0,0.0
Saray,2020,10,2,504.29999999999995,26.55806451612903,90.60215053763442,0.0,0.0,0.0,0.0,0.0,0.5,0.0,0.5
Saray,2020,11,0,201.0,26.413333333333334,90.75972222222222,0.0,0.0,0.0,0.0,0.0,0.0,0.0,0.0
Saray,2020,12,0,284.9,26.187096774193545,90.4986559139785,0.0,0.0,0.0,0.0,0.0,0.0,0.0,0.0
Saray,2021,1,0,270.59999999999997,25.55806451612903,90.90591397849462,0.0,0.0,0.0,0.0,0.0,0.0,0.0,0.0
Saray,2021,2,2,204.1,25.635714285714283,90.38392857142857,0.0,0.5,0.0,0.0,0.0,0.5,0.0,0.0
Saray,2021,3,1,150.9,26.135483870967743,88.36559139784946,0.0,0.0,0.0,0.0,0.0,0.0,1.0,0.0
Saray,2021,4,2,119.9,26.88,85.50694444444444,0.0,0.0,0.0,0.0,0.5,0.0,0.5,0.0
Saray,2021,5,0,412.90000000000003,26.948387096774194,88.83870967741936,0.0,0.0,0.0,0.0,0.0,0.0,0.0,0.0
Saray,2021,6,1,256.4,26.863333333333333,88.29583333333333,0.0,0.0,0.0,0.0,0.0,0.0,1.0,0.0
Saray,2021,7,0,301.0,27.65806451612903,82.94086021505376,0.0,0.0,0.0,0.0,0.0,0.0,0.0,0.0
Saray,2021,8,3,183.3,27.200000000000003,85.51344086021506,0.0,0.6666666666666666,0.0,0.0,0.0,0.0,0.3333333333333333,0.0
Saray,2021,9,2,343.0,26.756666666666668,88.62916666666666,0.0,0.0,0.0,0.5,0.0,0.0,0.5,0.0
Saray,2021,10,1,335.7,26.748387096774195,88.47983870967742,0.0,0.0,0.0,0.0,0.0,0.0,1.0,0.0
Saray,2021,11,1,327.7,26.176666666666666,91.05416666666666,0.0,0.0,0.0,0.0,0.0,1.0,0.0,0.0
Saray,2021,12,1,256.0,25.706451612903226,90.11290322580645,0.0,0.0,0.0,0.0,0.0,0.0,1.0,0.0
Saray,2022,1,2,144.2,25.48709677419355,89.05510752688173,0.0,0.0,0.0,0.0,0.0,0.5,0.5,0.0
Saray,2022,2,1,104.3,25.42142857142857,89.55059523809524,0.0,1.0,0.0,0.0,0.0,0.0,0.0,0.0
Saray,2022,3,1,325.59999999999997,26.003225806451614,90.24596774193549,0.0,0.0,0.0,0.0,0.0,0.0,1.0,0.0
Saray,2022,4,1,355.7,26.136666666666667,89.14166666666667,0.0,0.0,0.0,0.0,0.0,0.0,1.0,0.0
Saray,2022,5,2,345.3,26.54516129032258,89.87768817204301,0.0,0.0,0.5,0.0,0.0,0.0,0.5,0.0
Saray,2022,6,2,307.4,26.62,88.13888888888889,0.0,0.0,0.0,0.0,0.5,0.0,0.5,0.0
Saray,2022,7,2,572.2,26.596774193548388,89.55510752688173,0.0,0.0,0.5,0.5,0.0,0.0,0.0,0.0
Saray,2022,8,3,361.40000000000003,26.490322580645163,88.38306451612904,0.0,0.0,0.0,0.0,0.0,0.6666666666666666,0.0,0.3333333333333333
Saray,2022,9,2,348.6,26.970000000000002,86.91805555555555,0.5,0.0,0.0,0.5,0.0,0.0,0.0,0.0
Saray,2022,10,2,313.0,26.65806451612903,88.96774193548387,0.0,0.0,0.0,0.5,0.0,0.0,0.5,0.0
Saray,2022,11,2,289.6,26.186666666666667,90.38888888888889,0.0,0.0,0.0,0.0,0.0,0.0,0.5,0.5
Saray,2022,12,2,302.3,25.69677419354839,91.02016129032258,0.0,0.0,0.0,0.0,0.5,0.0,0.5,0.0
Saray,2023,1,0,497.7,24.970967741935485,93.33198924731182,0.0,0.0,0.0,0.0,0.0,0.0,0.0,0.0
Saray,2023,2,0,303.5,25.260714285714283,91.73660714285714,0.0,0.0,0.0,0.0,0.0,0.0,0.0,0.0
Saray,2023,3,0,244.8,25.60967741935484,89.4260752688172,0.0,0.0,0.0,0.0,0.0,0.0,0.0,0.0
Saray,2023,4,6,135.4,26.83,85.39861111111111,0.16666666666666666,0.16666666666666666,0.0,0.0,0.0,0.0,0.16666666666666666,0.5
Saray,2023,5,7,313.3,27.448387096774194,85.93548387096774,0.14285714285714285,0.0,0.42857142857142855,0.0,0.0,0.0,0.42857142857142855,0.0
Saray,2023,6,2,419.9,27.026666666666664,87.42222222222222,0.0,0.0,0.0,0.0,0.0,0.0,0.0,1.0
Saray,2023,7,11,391.3,27.36774193548387,84.5524193548387,0.0,0.0,0.09090909090909091,0.09090909090909091,0.09090909090909091,0.0,0.36363636363636365,0.36363636363636365
Saray,2023,8,5,315.7,27.503225806451614,83.02822580645162,0.2,0.0,0.0,0.0,0.0,0.0,0.4,0.4
Saray,2023,9,11,461.8,27.023333333333333,86.45694444444445,0.09090909090909091,0.09090909090909091,0.0,0.18181818181818182,0.0,0.0,0.5454545454545454,0.09090909090909091
Saray,2023,10,7,219.7,26.990322580645163,85.48790322580645,0.0,0.14285714285714285,0.0,0.14285714285714285,0.14285714285714285,0.0,0.2857142857142857,0.2857142857142857
Saray,2023,11,2,216.0,26.396666666666665,89.29027777777777,0.0,0.0,0.0,0.0,0.0,0.0,0.0,1.0
Saray,2023,12,1,183.6,26.219354838709677,89.28763440860214,0.0,0.0,0.0,0.0,0.0,0.0,0.0,1.0
Saray,2024,1,2,99.3,25.983870967741936,87.50940860215054,0.0,0.0,0.0,0.5,0.0,0.0,0.5,0.0
Saray,2024,2,1,78.0,25.886206896551727,85.03735632183908,0.0,0.0,0.0,0.0,0.0,0.0,1.0,0.0
Saray,2024,3,0,48.7,26.693548387096776,80.3010752688172,0.0,0.0,0.0,0.0,0.0,0.0,0.0,0.0
Saray,2024,4,0,55.5,28.14333333333333,77.69722222222222,0.0,0.0,0.0,0.0,0.0,0.0,0.0,0.0
Saray,2024,5,1,111.1,28.719354838709677,78.03763440860214,0.0,0.0,0.0,0.0,0.0,0.0,0.0,1.0
Saray,2024,6,0,268.8,27.096666666666668,87.57638888888889,0.0,0.0,0.0,0.0,0.0,0.0,0.0,0.0
Saray,2024,7,0,424.40000000000003,26.993548387096773,87.25268817204301,0.0,0.0,0.0,0.0,0.0,0.0,0.0,0.0
Saray,2024,8,6,314.8,26.948387096774194,87.74327956989248,0.0,0.16666666666666666,0.3333333333333333,0.0,0.16666666666666666,0.0,0.3333333333333333,0.0
Saray,2024,9,0,292.3,27.523333333333333,84.44722222222222,0.0,0.0,0.0,0.0,0.0,0.0,0.0,0.0
Saray,2024,10,1,254.3,27.183870967741935,84.42069892473118,0.0,0.0,0.0,0.0,0.0,0.0,0.0,1.0
Saray,2024,11,1,124.8,27.42,82.27083333333333,0.0,0.0,0.0,0.0,0.0,0.0,0.0,1.0
Saray,2024,12,5,285.8,26.409677419354836,88.56182795698925,0.0,0.2,0.0,0.2,0.0,0.0,0.4,0.2
Saray,2025,1,1,117.9,26.15806451612903,87.52956989247312,0.0,0.0,0.0,0.0,0.0,0.0,1.0,0.0
Saray,2025,2,1,92.8,26.214285714285715,85.29017857142857,0.0,0.0,0.0,0.0,1.0,0.0,0.0,0.0
Saray,2025,3,1,128.9,26.506451612903227,86.22043010752688,0.0,0.0,0.0,0.0,0.0,1.0,0.0,0.0
Saray,2025,4,1,69.5,27.613333333333333,79.75138888888888,0.0,0.0,1.0,0.0,0.0,0.0,0.0,0.0
Saray,2025,5,2,256.2,27.12258064516129,86.25403225806451,0.0,0.0,0.0,0.0,0.0,0.5,0.5,0.0
Saray,2025,6,2,292.1,26.886666666666667,85.95972222222223,0.0,0.0,0.0,0.5,0.0,0.0,0.5,0.0
Saray,2025,7,5,168.4,27.96129032258065,78.06317204301075,0.2,0.0,0.2,0.0,0.0,0.2,0.2,0.2
Saray,2025,8,7,436.8,26.593548387096774,86.0241935483871,0.0,0.0,0.14285714285714285,0.0,0.0,0.0,0.7142857142857143,0.14285714285714285
Saray,2025,9,4,274.3,26.779999999999998,84.84583333333333,0.0,0.25,0.0,0.25,0.0,0.25,0.25,0.0
Saray,2025,10,1,345.5,26.606451612903225,86.78360215053763,0.0,0.0,0.0,0.0,0.0,0.0,1.0,0.0
Saray,2025,11,0,266.3,26.55666666666667,86.72083333333333,0.0,0.0,0.0,0.0,0.0,0.0,0.0,0.0
Saray,2025,12,0,171.9,26.322580645161292,87.89516129032258,0.0,0.0,0.0,0.0,0.0,0.0,0.0,0.0
Saray,2026,1,0,115.2,25.822580645161292,84.18682795698925,0.0,0.0,0.0,0.0,0.0,0.0,0.0,0.0
Suarez,2020,1,2,63.400000000000006,26.316129032258065,85.66397849462365,0.0,0.0,0.5,0.0,0.0,0.0,0.5,0.0
Suarez,2020,2,1,98.7,25.731034482758623,86.48994252873563,0.0,0.0,0.0,0.0,1.0,0.0,0.0,0.0
Suarez,2020,3,1,177.60000000000002,26.33225806451613,85.24462365591398,0.0,0.0,0.0,1.0,0.0,0.0,0.0,0.0
Suarez,2020,4,2,46.2,27.509999999999998,80.39166666666667,0.0,0.0,0.0,0.0,0.5,0.0,0.5,0.0
Suarez,2020,5,0,235.0,27.587096774193547,88.56048387096774,0.0,0.0,0.0,0.0,0.0,0.0,0.0,0.0
Suarez,2020,6,2,481.8,26.81,89.87361111111112,0.0,0.0,0.0,0.5,0.0,0.0,0.0,0.5
Suarez,2020,7,2,516.3,26.641935483870967,90.00940860215054,0.0,0.0,0.0,0.0,0.0,0.0,0.5,0.5
Suarez,2020,8,3,283.8,26.967741935483872,88.1975806451613,0.3333333333333333,0.0,0.0,0.0,0.0,0.0,0.3333333333333333,0.3333333333333333
Suarez,2020,9,2,453.5,26.923333333333336,89.24722222222222,0.0,0.0,0.0,0.5,0.0,0.0,0.5,0.0
Suarez,2020,10,2,504.29999999999995,26.55806451612903,90.60215053763442,0.0,0.0,0.0,0.0,0.0,0.0,1.0,0.0
Suarez,2020,11,2,201.0,26.413333333333334,90.75972222222222,0.0,0.0,0.0,0.0,1.0,0.0,0.0,0.0
Suarez,2020,12,2,284.9,26.187096774193545,90.4986559139785,0.0,0.0,0.0,1.0,0.0,0.0,0.0,0.0
Suarez,2021,1,3,270.59999999999997,25.55806451612903,90.90591397849462,0.0,0.0,0.0,0.0,0.0,0.6666666666666666,0.3333333333333333,0.0
Suarez,2021,2,1,204.1,25.635714285714283,90.38392857142857,0.0,1.0,0.0,0.0,0.0,0.0,0.0,0.0
Suarez,2021,3,0,150.9,26.135483870967743,88.36559139784946,0.0,0.0,0.0,0.0,0.0,0.0,0.0,0.0
Suarez,2021,4,3,119.9,26.88,85.50694444444444,0.0,0.3333333333333333,0.3333333333333333,0.0,0.0,0.0,0.3333333333333333,0.0
Suarez,2021,5,2,412.90000000000003,26.948387096774194,88.83870967741936,0.0,0.0,0.0,0.0,0.0,0.0,0.5,0.5
Suarez,2021,6,2,256.4,26.863333333333333,88.29583333333333,0.0,0.0,0.0,0.0,0.0,1.0,0.0,0.0
Suarez,2021,7,2,301.0,27.65806451612903,82.94086021505376,0.0,0.0,0.0,0.5,0.0,0.5,0.0,0.0
Suarez,2021,8,1,183.3,27.200000000000003,85.51344086021506,0.0,0.0,0.0,0.0,0.0,0.0,1.0,0.0
Suarez,2021,9,3,343.0,26.756666666666668,88.62916666666666,0.0,0.0,0.0,0.3333333333333333,0.3333333333333333,0.0,0.0,0.3333333333333333
Suarez,2021,10,3,335.7,26.748387096774195,88.47983870967742,0.0,0.0,0.0,0.3333333333333333,0.0,0.0,0.0,0.6666666666666666
Suarez,2021,11,3,327.7,26.176666666666666,91.05416666666666,0.0,0.0,0.0,0.0,0.0,0.3333333333333333,0.3333333333333333,0.3333333333333333
Suarez,2021,12,3,256.0,25.706451612903226,90.11290322580645,0.0,0.0,0.0,0.0,0.3333333333333333,0.0,0.6666666666666666,0.0
Suarez,2022,1,1,144.2,25.48709677419355,89.05510752688173,0.0,0.0,0.0,0.0,0.0,0.0,1.0,0.0
Suarez,2022,2,1,104.3,25.42142857142857,89.55059523809524,0.0,0.0,0.0,0.0,1.0,0.0,0.0,0.0
Suarez,2022,3,5,325.59999999999997,26.003225806451614,90.24596774193549,0.0,0.0,0.0,0.2,0.0,0.2,0.2,0.4
Suarez,2022,4,1,355.7,26.136666666666667,89.14166666666667,0.0,0.0,0.0,0.0,0.0,1.0,0.0,0.0
Suarez,2022,5,3,345.3,26.54516129032258,89.87768817204301,0.0,0.0,0.0,0.0,0.0,0.3333333333333333,0.3333333333333333,0.3333333333333333
Suarez,2022,6,3,307.4,26.62,88.13888888888889,0.0,0.0,0.0,0.3333333333333333,0.0,0.0,0.0,0.6666666666666666
Suarez,2022,7,2,572.2,26.596774193548388,89.55510752688173,0.0,0.0,0.0,0.0,0.0,0.0,0.5,0.5
Suarez,2022,8,5,361.40000000000003,26.490322580645163,88.38306451612904,0.0,0.0,0.0,0.2,0.2,0.0,0.2,0.4
Suarez,2022,9,3,348.6,26.970000000000002,86.91805555555555,0.0,0.0,0.0,0.0,0.0,0.0,0.6666666666666666,0.3333333333333333
Suarez,2022,10,3,313.0,26.65806451612903,88.96774193548387,0.0,0.3333333333333333,0.3333333333333333,0.0,0.0,0.0,0.0,0.3333333333333333
Suarez,2022,11,1,289.6,26.186666666666667,90.38888888888889,0.0,0.0,0.0,0.0,0.0,0.0,0.0,1.0
Suarez,2022,12,5,302.3,25.69677419354839,91.02016129032258,0.0,0.2,0.2,0.0,0.0,0.0,0.6,0.0
Suarez,2023,1,0,497.7,24.970967741935485,93.33198924731182,0.0,0.0,0.0,0.0,0.0,0.0,0.0,0.0
Suarez,2023,2,0,303.5,25.260714285714283,91.73660714285714,0.0,0.0,0.0,0.0,0.0,0.0,0.0,0.0
Suarez,2023,3,0,244.8,25.60967741935484,89.4260752688172,0.0,0.0,0.0,0.0,0.0,0.0,0.0,0.0
Suarez,2023,4,1,135.4,26.83,85.39861111111111,0.0,0.0,0.0,0.0,0.0,0.0,1.0,0.0
Suarez,2023,5,3,313.3,27.448387096774194,85.93548387096774,0.0,0.0,0.0,0.0,0.0,0.0,0.6666666666666666,0.3333333333333333
Suarez,2023,6,1,419.9,27.026666666666664,87.42222222222222,0.0,0.0,0.0,0.0,0.0,0.0,1.0,0.0
Suarez,2023,7,7,391.3,27.36774193548387,84.5524193548387,0.0,0.0,0.0,0.0,0.0,0.0,0.5714285714285714,0.42857142857142855
Suarez,2023,8,4,315.7,27.503225806451614,83.02822580645162,0.0,0.0,0.0,0.25,0.0,0.0,0.75,0.0
Suarez,2023,9,9,461.8,27.023333333333333,86.45694444444445,0.0,0.0,0.0,0.2222222222222222,0.0,0.1111111111111111,0.6666666666666666,0.0
Suarez,2023,10,7,219.7,26.990322580645163,85.48790322580645,0.0,0.14285714285714285,0.14285714285714285,0.14285714285714285,0.0,0.0,0.5714285714285714,0.0
Suarez,2023,11,6,216.0,26.396666666666665,89.29027777777777,0.0,0.16666666666666666,0.16666666666666666,0.0,0.16666666666666666,0.0,0.16666666666666666,0.3333333333333333
Suarez,2023,12,7,183.6,26.219354838709677,89.28763440860214,0.14285714285714285,0.14285714285714285,0.14285714285714285,0.14285714285714285,0.0,0.0,0.0,0.42857142857142855
Suarez,2024,1,4,99.3,25.983870967741936,87.50940860215054,0.25,0.0,0.0,0.0,0.0,0.0,0.0,0.75
Suarez,2024,2,9,78.0,25.886206896551727,85.03735632183908,0.1111111111111111,0.1111111111111111,0.0,0.1111111111111111,0.0,0.0,0.4444444444444444,0.2222222222222222
Suarez,2024,3,7,48.7,26.693548387096776,80.3010752688172,0.0,0.0,0.14285714285714285,0.2857142857142857,0.14285714285714285,0.0,0.2857142857142857,0.14285714285714285
Suarez,2024,4,9,55.5,28.14333333333333,77.69722222222222,0.0,0.1111111111111111,0.0,0.1111111111111111,0.0,0.1111111111111111,0.3333333333333333,0.3333333333333333
Suarez,2024,5,5,111.1,28.719354838709677,78.03763440860214,0.0,0.0,0.0,0.0,0.0,0.0,0.4,0.6
Suarez,2024,6,2,268.8,27.096666666666668,87.57638888888889,0.0,0.0,0.0,0.5,0.0,0.0,0.5,0.0
Suarez,2024,7,15,424.40000000000003,26.993548387096773,87.25268817204301,0.0,0.06666666666666667,0.26666666666666666,0.13333333333333333,0.0,0.06666666666666667,0.13333333333333333,0.3333333333333333
Suarez,2024,8,24,314.8,26.948387096774194,87.74327956989248,0.125,0.0,0.08333333333333333,0.08333333333333333,0.08333333333333333,0.0,0.5,0.125
Suarez,2024,9,23,292.3,27.523333333333333,84.44722222222222,0.043478260869565216,0.17391304347826086,0.043478260869565216,0.08695652173913043,0.0,0.0,0.43478260869565216,0.21739130434782608
Suarez,2024,10,9,254.3,27.183870967741935,84.42069892473118,0.0,0.1111111111111111,0.2222222222222222,0.0,0.0,0.0,0.3333333333333333,0.3333333333333333
Suarez,2024,11,5,124.8,27.42,82.27083333333333,0.0,0.2,0.2,0.2,0.0,0.0,0.2,0.2
Suarez,2024,12,2,285.8,26.409677419354836,88.56182795698925,0.0,0.0,0.5,0.0,0.0,0.0,0.0,0.5
Suarez,2025,1,7,117.9,26.15806451612903,87.52956989247312,0.0,0.0,0.14285714285714285,0.0,0.14285714285714285,0.0,0.14285714285714285,0.5714285714285714
Suarez,2025,2,12,92.8,26.214285714285715,85.29017857142857,0.0,0.08333333333333333,0.08333333333333333,0.08333333333333333,0.25,0.08333333333333333,0.3333333333333333,0.08333333333333333
Suarez,2025,3,6,128.9,26.506451612903227,86.22043010752688,0.0,0.0,0.16666666666666666,0.16666666666666666,0.16666666666666666,0.0,0.16666666666666666,0.3333333333333333
Suarez,2025,4,0,69.5,27.613333333333333,79.75138888888888,0.0,0.0,0.0,0.0,0.0,0.0,0.0,0.0
Suarez,2025,5,0,256.2,27.12258064516129,86.25403225806451,0.0,0.0,0.0,0.0,0.0,0.0,0.0,0.0
Suarez,2025,6,2,292.1,26.886666666666667,85.95972222222223,0.0,0.0,0.0,0.5,0.0,0.0,0.5,0.0
Suarez,2025,7,6,168.4,27.96129032258065,78.06317204301075,0.0,0.0,0.0,0.0,0.16666666666666666,0.16666666666666666,0.3333333333333333,0.3333333333333333
Suarez,2025,8,2,436.8,26.593548387096774,86.0241935483871,0.0,0.5,0.0,0.0,0.0,0.0,0.0,0.5
Suarez,2025,9,2,274.3,26.779999999999998,84.84583333333333,0.0,0.0,0.5,0.0,0.0,0.0,0.5,0.0
Suarez,2025,10,2,345.5,26.606451612903225,86.78360215053763,0.0,0.0,0.0,1.0,0.0,0.0,0.0,0.0
Suarez,2025,11,2,266.3,26.55666666666667,86.72083333333333,0.0,0.5,0.0,0.0,0.0,0.5,0.0,0.0
Suarez,2025,12,2,171.9,26.322580645161292,87.89516129032258,0.0,0.0,0.5,0.0,0.0,0.0,0.0,0.5
Suarez,2026,1,0,115.2,25.822580645161292,84.18682795698925,0.0,0.0,0.0,0.0,0.0,0.0,0.0,0.0
Tambacan,2020,1,2,63.400000000000006,26.316129032258065,85.66397849462365,0.0,0.0,0.0,0.0,0.0,0.5,0.5,0.0
Tambacan,2020,2,3,98.7,25.731034482758623,86.48994252873563,0.0,0.0,0.0,0.0,0.0,0.3333333333333333,0.6666666666666666,0.0
Tambacan,2020,3,1,177.60000000000002,26.33225806451613,85.24462365591398,0.0,0.0,1.0,0.0,0.0,0.0,0.0,0.0
Tambacan,2020,4,4,46.2,27.509999999999998,80.39166666666667,0.0,0.0,0.0,0.25,0.0,0.0,0.5,0.25
Tambacan,2020,5,0,235.0,27.587096774193547,88.56048387096774,0.0,0.0,0.0,0.0,0.0,0.0,0.0,0.0
Tambacan,2020,6,1,481.8,26.81,89.87361111111112,0.0,0.0,0.0,0.0,0.0,1.0,0.0,0.0
Tambacan,2020,7,2,516.3,26.641935483870967,90.00940860215054,0.0,0.0,0.5,0.0,0.0,0.0,0.5,0.0
Tambacan,2020,8,2,283.8,26.967741935483872,88.1975806451613,0.5,0.0,0.5,0.0,0.0,0.0,0.0,0.0
Tambacan,2020,9,3,453.5,26.923333333333336,89.24722222222222,0.0,0.0,0.0,0.0,0.3333333333333333,0.3333333333333333,0.0,0.3333333333333333
Tambacan,2020,10,1,504.29999999999995,26.55806451612903,90.60215053763442,0.0,0.0,0.0,0.0,0.0,0.0,1.0,0.0
Tambacan,2020,11,2,201.0,26.413333333333334,90.75972222222222,0.0,0.0,0.0,0.0,0.0,0.0,1.0,0.0
Tambacan,2020,12,4,284.9,26.187096774193545,90.4986559139785,0.25,0.0,0.0,0.0,0.0,0.0,0.0,0.75
Tambacan,2021,1,2,270.59999999999997,25.55806451612903,90.90591397849462,0.0,0.5,0.0,0.0,0.0,0.0,0.0,0.5
Tambacan,2021,2,1,204.1,25.635714285714283,90.38392857142857,0.0,0.0,0.0,0.0,1.0,0.0,0.0,0.0
Tambacan,2021,3,4,150.9,26.135483870967743,88.36559139784946,0.0,0.0,0.25,0.0,0.0,0.5,0.0,0.25
Tambacan,2021,4,4,119.9,26.88,85.50694444444444,0.0,0.25,0.25,0.0,0.25,0.0,0.0,0.25
Tambacan,2021,5,1,412.90000000000003,26.948387096774194,88.83870967741936,0.0,0.0,0.0,0.0,0.0,0.0,1.0,0.0
Tambacan,2021,6,2,256.4,26.863333333333333,88.29583333333333,0.0,0.0,0.0,0.5,0.0,0.0,0.5,0.0
Tambacan,2021,7,3,301.0,27.65806451612903,82.94086021505376,0.0,0.3333333333333333,0.3333333333333333,0.0,0.0,0.0,0.0,0.3333333333333333
Tambacan,2021,8,6,183.3,27.200000000000003,85.51344086021506,0.16666666666666666,0.16666666666666666,0.16666666666666666,0.0,0.16666666666666666,0.0,0.3333333333333333,0.0
Tambacan,2021,9,3,343.0,26.756666666666668,88.62916666666666,0.0,0.0,0.0,0.0,0.0,0.3333333333333333,0.6666666666666666,0.0
Tambacan,2021,10,5,335.7,26.748387096774195,88.47983870967742,0.0,0.0,0.2,0.2,0.0,0.2,0.2,0.2
Tambacan,2021,11,4,327.7,26.176666666666666,91.05416666666666,0.0,0.25,0.0,0.0,0.0,0.0,0.75,0.0
Tambacan,2021,12,5,256.0,25.706451612903226,90.11290322580645,0.0,0.0,0.0,0.0,0.2,0.2,0.6,0.0
Tambacan,2022,1,2,144.2,25.48709677419355,89.05510752688173,0.0,0.5,0.0,0.0,0.0,0.0,0.5,0.0
Tambacan,2022,2,4,104.3,25.42142857142857,89.55059523809524,0.0,0.0,0.0,0.0,0.25,0.0,0.5,0.25
Tambacan,2022,3,2,325.59999999999997,26.003225806451614,90.24596774193549,0.5,0.0,0.0,0.0,0.0,0.0,0.5,0.0
Tambacan,2022,4,4,355.7,26.136666666666667,89.14166666666667,0.0,0.0,0.25,0.0,0.25,0.25,0.25,0.0
Tambacan,2022,5,3,345.3,26.54516129032258,89.87768817204301,0.0,0.0,0.0,0.0,0.0,0.6666666666666666,0.3333333333333333,0.0
Tambacan,2022,6,2,307.4,26.62,88.13888888888889,0.0,0.0,0.0,0.0,0.0,0.0,0.5,0.5
Tambacan,2022,7,1,572.2,26.596774193548388,89.55510752688173,0.0,0.0,0.0,0.0,0.0,0.0,1.0,0.0
Tambacan,2022,8,8,361.40000000000003,26.490322580645163,88.38306451612904,0.0,0.0,0.0,0.125,0.125,0.0,0.375,0.375
Tambacan,2022,9,1,348.6,26.970000000000002,86.91805555555555,0.0,0.0,0.0,0.0,0.0,0.0,1.0,0.0
Tambacan,2022,10,5,313.0,26.65806451612903,88.96774193548387,0.0,0.0,0.2,0.0,0.0,0.0,0.6,0.2
Tambacan,2022,11,3,289.6,26.186666666666667,90.38888888888889,0.0,0.0,0.0,0.0,0.0,0.0,0.0,1.0
Tambacan,2022,12,2,302.3,25.69677419354839,91.02016129032258,0.0,0.0,0.5,0.0,0.5,0.0,0.0,0.0
Tambacan,2023,1,0,497.7,24.970967741935485,93.33198924731182,0.0,0.0,0.0,0.0,0.0,0.0,0.0,0.0
Tambacan,2023,2,0,303.5,25.260714285714283,91.73660714285714,0.0,0.0,0.0,0.0,0.0,0.0,0.0,0.0
Tambacan,2023,3,3,244.8,25.60967741935484,89.4260752688172,0.0,0.0,0.3333333333333333,0.0,0.0,0.0,0.6666666666666666,0.0
Tambacan,2023,4,1,135.4,26.83,85.39861111111111,0.0,0.0,1.0,0.0,0.0,0.0,0.0,0.0
Tambacan,2023,5,3,313.3,27.448387096774194,85.93548387096774,0.0,0.0,0.0,0.3333333333333333,0.3333333333333333,0.0,0.0,0.3333333333333333
Tambacan,2023,6,5,419.9,27.026666666666664,87.42222222222222,0.0,0.0,0.2,0.2,0.0,0.0,0.2,0.4
Tambacan,2023,7,5,391.3,27.36774193548387,84.5524193548387,0.0,0.0,0.0,0.2,0.2,0.0,0.4,0.2
Tambacan,2023,8,4,315.7,27.503225806451614,83.02822580645162,0.0,0.0,0.0,0.0,0.0,0.0,0.75,0.25
Tambacan,2023,9,9,461.8,27.023333333333333,86.45694444444445,0.0,0.0,0.4444444444444444,0.2222222222222222,0.0,0.0,0.3333333333333333,0.0
Tambacan,2023,10,13,219.7,26.990322580645163,85.48790322580645,0.0,0.07692307692307693,0.23076923076923078,0.07692307692307693,0.07692307692307693,0.0,0.46153846153846156,0.07692307692307693
Tambacan,2023,11,20,216.0,26.396666666666665,89.29027777777777,0.15,0.3,0.1,0.05,0.05,0.0,0.1,0.25
Tambacan,2023,12,17,183.6,26.219354838709677,89.28763440860214,0.058823529411764705,0.058823529411764705,0.23529411764705882,0.058823529411764705,0.058823529411764705,0.0,0.29411764705882354,0.23529411764705882
Tambacan,2024,1,9,99.3,25.983870967741936,87.50940860215054,0.0,0.0,0.1111111111111111,0.3333333333333333,0.1111111111111111,0.0,0.3333333333333333,0.1111111111111111
Tambacan,2024,2,7,78.0,25.886206896551727,85.03735632183908,0.0,0.0,0.2857142857142857,0.14285714285714285,0.0,0.0,0.14285714285714285,0.42857142857142855
Tambacan,2024,3,11,48.7,26.693548387096776,80.3010752688172,0.0,0.09090909090909091,0.09090909090909091,0.18181818181818182,0.09090909090909091,0.0,0.45454545454545453,0.09090909090909091
Tambacan,2024,4,1,55.5,28.14333333333333,77.69722222222222,0.0,0.0,0.0,0.0,0.0,0.0,1.0,0.0
Tambacan,2024,5,5,111.1,28.719354838709677,78.03763440860214,0.0,0.0,0.4,0.4,0.0,0.0,0.2,0.0
Tambacan,2024,6,2,268.8,27.096666666666668,87.57638888888889,0.0,0.0,0.0,0.0,0.0,0.0,0.5,0.5
Tambacan,2024,7,3,424.40000000000003,26.993548387096773,87.25268817204301,0.0,0.0,0.0,0.0,0.6666666666666666,0.0,0.3333333333333333,0.0
Tambacan,2024,8,8,314.8,26.948387096774194,87.74327956989248,0.125,0.0,0.25,0.125,0.125,0.0,0.125,0.25
Tambacan,2024,9,10,292.3,27.523333333333333,84.44722222222222,0.0,0.0,0.1,0.2,0.0,0.0,0.7,0.0
Tambacan,2024,10,7,254.3,27.183870967741935,84.42069892473118,0.0,0.0,0.2857142857142857,0.14285714285714285,0.0,0.0,0.42857142857142855,0.14285714285714285
Tambacan,2024,11,3,124.8,27.42,82.27083333333333,0.0,0.0,0.0,0.3333333333333333,0.0,0.0,0.0,0.6666666666666666
Tambacan,2024,12,1,285.8,26.409677419354836,88.56182795698925,0.0,0.0,0.0,0.0,0.0,0.0,1.0,0.0
Tambacan,2025,1,5,117.9,26.15806451612903,87.52956989247312,0.0,0.0,0.0,0.0,0.2,0.0,0.6,0.2
Tambacan,2025,2,7,92.8,26.214285714285715,85.29017857142857,0.0,0.0,0.0,0.14285714285714285,0.0,0.0,0.7142857142857143,0.14285714285714285
Tambacan,2025,3,8,128.9,26.506451612903227,86.22043010752688,0.0,0.125,0.125,0.0,0.25,0.0,0.5,0.0
Tambacan,2025,4,1,69.5,27.613333333333333,79.75138888888888,0.0,0.0,0.0,0.0,0.0,0.0,0.0,1.0
Tambacan,2025,5,2,256.2,27.12258064516129,86.25403225806451,0.0,0.5,0.0,0.0,0.0,0.0,0.5,0.0
Tambacan,2025,6,5,292.1,26.886666666666667,85.95972222222223,0.0,0.2,0.2,0.2,0.0,0.4,0.0,0.0
Tambacan,2025,7,2,168.4,27.96129032258065,78.06317204301075,0.0,0.0,0.0,0.0,0.0,0.5,0.5,0.0
Tambacan,2025,8,5,436.8,26.593548387096774,86.0241935483871,0.0,0.0,0.0,0.0,0.0,0.0,0.8,0.2
Tambacan,2025,9,3,274.3,26.779999999999998,84.84583333333333,0.0,0.0,0.3333333333333333,0.0,0.3333333333333333,0.0,0.3333333333333333,0.0
Tambacan,2025,10,2,345.5,26.606451612903225,86.78360215053763,0.0,0.0,0.0,0.0,0.0,0.0,1.0,0.0
Tambacan,2025,11,0,266.3,26.55666666666667,86.72083333333333,0.0,0.0,0.0,0.0,0.0,0.0,0.0,0.0
Tambacan,2025,12,1,171.9,26.322580645161292,87.89516129032258,0.0,0.0,0.0,0.0,0.0,0.0,1.0,0.0
Tambacan,2026,1,0,115.2,25.822580645161292,84.18682795698925,0.0,0.0,0.0,0.0,0.0,0.0,0.0,0.0
Tibanga,2020,1,1,63.400000000000006,26.316129032258065,85.66397849462365,0.0,0.0,0.0,0.0,0.0,0.0,0.0,1.0
Tibanga,2020,2,0,98.7,25.731034482758623,86.48994252873563,0.0,0.0,0.0,0.0,0.0,0.0,0.0,0.0
Tibanga,2020,3,0,177.60000000000002,26.33225806451613,85.24462365591398,0.0,0.0,0.0,0.0,0.0,0.0,0.0,0.0
Tibanga,2020,4,0,46.2,27.509999999999998,80.39166666666667,0.0,0.0,0.0,0.0,0.0,0.0,0.0,0.0
Tibanga,2020,5,0,235.0,27.587096774193547,88.56048387096774,0.0,0.0,0.0,0.0,0.0,0.0,0.0,0.0
Tibanga,2020,6,1,481.8,26.81,89.87361111111112,0.0,0.0,0.0,0.0,0.0,0.0,1.0,0.0
Tibanga,2020,7,0,516.3,26.641935483870967,90.00940860215054,0.0,0.0,0.0,0.0,0.0,0.0,0.0,0.0
Tibanga,2020,8,0,283.8,26.967741935483872,88.1975806451613,0.0,0.0,0.0,0.0,0.0,0.0,0.0,0.0
Tibanga,2020,9,3,453.5,26.923333333333336,89.24722222222222,0.0,0.0,0.0,0.3333333333333333,0.0,0.0,0.3333333333333333,0.3333333333333333
Tibanga,2020,10,3,504.29999999999995,26.55806451612903,90.60215053763442,0.0,0.0,0.0,0.3333333333333333,0.3333333333333333,0.0,0.0,0.3333333333333333
Tibanga,2020,11,3,201.0,26.413333333333334,90.75972222222222,0.0,0.0,0.0,0.3333333333333333,0.0,0.3333333333333333,0.3333333333333333,0.0
Tibanga,2020,12,2,284.9,26.187096774193545,90.4986559139785,0.0,0.0,0.0,0.0,0.5,0.0,0.5,0.0
Tibanga,2021,1,5,270.59999999999997,25.55806451612903,90.90591397849462,0.0,0.0,0.0,0.0,0.0,0.0,0.6,0.4
Tibanga,2021,2,1,204.1,25.635714285714283,90.38392857142857,0.0,0.0,0.0,0.0,0.0,0.0,1.0,0.0
Tibanga,2021,3,1,150.9,26.135483870967743,88.36559139784946,1.0,0.0,0.0,0.0,0.0,0.0,0.0,0.0
Tibanga,2021,4,0,119.9,26.88,85.50694444444444,0.0,0.0,0.0,0.0,0.0,0.0,0.0,0.0
Tibanga,2021,5,0,412.90000000000003,26.948387096774194,88.83870967741936,0.0,0.0,0.0,0.0,0.0,0.0,0.0,0.0
Tibanga,2021,6,3,256.4,26.863333333333333,88.29583333333333,0.0,0.0,0.3333333333333333,0.0,0.3333333333333333,0.0,0.3333333333333333,0.0
Tibanga,2021,7,1,301.0,27.65806451612903,82.94086021505376,0.0,0.0,0.0,0.0,0.0,0.0,1.0,0.0
Tibanga,2021,8,3,183.3,27.200000000000003,85.51344086021506,0.0,0.0,0.0,0.0,0.3333333333333333,0.0,0.6666666666666666,0.0
Tibanga,2021,9,1,343.0,26.756666666666668,88.62916666666666,0.0,0.0,0.0,1.0,0.0,0.0,0.0,0.0
Tibanga,2021,10,4,335.7,26.748387096774195,88.47983870967742,0.0,0.5,0.0,0.0,0.0,0.0,0.5,0.0
Tibanga,2021,11,3,327.7,26.176666666666666,91.05416666666666,0.0,0.0,0.0,0.0,0.0,0.0,0.6666666666666666,0.3333333333333333
Tibanga,2021,12,5,256.0,25.706451612903226,90.11290322580645,0.0,0.0,0.0,0.0,0.2,0.0,0.8,0.0
Tibanga,2022,1,1,144.2,25.48709677419355,89.05510752688173,0.0,0.0,0.0,0.0,0.0,0.0,1.0,0.0
Tibanga,2022,2,2,104.3,25.42142857142857,89.55059523809524,0.0,0.0,0.0,0.0,0.0,0.5,0.5,0.0
Tibanga,2022,3,2,325.59999999999997,26.003225806451614,90.24596774193549,0.0,0.0,0.0,0.0,0.5,0.0,0.5,0.0
Tibanga,2022,4,1,355.7,26.136666666666667,89.14166666666667,0.0,0.0,0.0,0.0,0.0,0.0,1.0,0.0
Tibanga,2022,5,1,345.3,26.54516129032258,89.87768817204301,0.0,0.0,0.0,0.0,0.0,0.0,0.0,1.0
Tibanga,2022,6,1,307.4,26.62,88.13888888888889,0.0,0.0,0.0,0.0,0.0,0.0,0.0,1.0
Tibanga,2022,7,0,572.2,26.596774193548388,89.55510752688173,0.0,0.0,0.0,0.0,0.0,0.0,0.0,0.0
Tibanga,2022,8,1,361.40000000000003,26.490322580645163,88.38306451612904,0.0,0.0,0.0,0.0,0.0,0.0,0.0,1.0
Tibanga,2022,9,1,348.6,26.970000000000002,86.91805555555555,0.0,0.0,0.0,0.0,0.0,0.0,1.0,0.0
Tibanga,2022,10,1,313.0,26.65806451612903,88.96774193548387,0.0,0.0,0.0,0.0,0.0,0.0,1.0,0.0
Tibanga,2022,11,1,289.6,26.186666666666667,90.38888888888889,0.0,0.0,0.0,0.0,0.0,0.0,1.0,0.0
Tibanga,2022,12,1,302.3,25.69677419354839,91.02016129032258,0.0,0.0,0.0,0.0,0.0,0.0,1.0,0.0
Tibanga,2023,1,0,497.7,24.970967741935485,93.33198924731182,0.0,0.0,0.0,0.0,0.0,0.0,0.0,0.0
Tibanga,2023,2,0,303.5,25.260714285714283,91.73660714285714,0.0,0.0,0.0,0.0,0.0,0.0,0.0,0.0
Tibanga,2023,3,1,244.8,25.60967741935484,89.4260752688172,0.0,0.0,0.0,0.0,0.0,0.0,1.0,0.0
Tibanga,2023,4,2,135.4,26.83,85.39861111111111,0.0,0.0,0.0,0.5,0.0,0.0,0.0,0.5
Tibanga,2023,5,1,313.3,27.448387096774194,85.93548387096774,0.0,0.0,0.0,0.0,0.0,1.0,0.0,0.0
Tibanga,2023,6,2,419.9,27.026666666666664,87.42222222222222,0.0,0.0,0.5,0.0,0.0,0.0,0.5,0.0
Tibanga,2023,7,1,391.3,27.36774193548387,84.5524193548387,0.0,0.0,1.0,0.0,0.0,0.0,0.0,0.0
Tibanga,2023,8,1,315.7,27.503225806451614,83.02822580645162,0.0,0.0,0.0,0.0,0.0,0.0,0.0,1.0
Tibanga,2023,9,6,461.8,27.023333333333333,86.45694444444445,0.16666666666666666,0.3333333333333333,0.0,0.16666666666666666,0.0,0.0,0.0,0.3333333333333333
Tibanga,2023,10,6,219.7,26.990322580645163,85.48790322580645,0.0,0.0,0.16666666666666666,0.16666666666666666,0.0,0.0,0.5,0.16666666666666666
Tibanga,2023,11,3,216.0,26.396666666666665,89.29027777777777,0.0,0.0,0.3333333333333333,0.0,0.0,0.0,0.3333333333333333,0.3333333333333333
Tibanga,2023,12,6,183.6,26.219354838709677,89.28763440860214,0.0,0.16666666666666666,0.16666666666666666,0.3333333333333333,0.0,0.0,0.16666666666666666,0.16666666666666666
Tibanga,2024,1,5,99.3,25.983870967741936,87.50940860215054,0.2,0.0,0.0,0.2,0.0,0.0,0.4,0.2
Tibanga,2024,2,38,78.0,25.886206896551727,85.03735632183908,0.05263157894736842,0.02631578947368421,0.13157894736842105,0.13157894736842105,0.0,0.05263157894736842,0.47368421052631576,0.13157894736842105
Tibanga,2024,3,5,48.7,26.693548387096776,80.3010752688172,0.0,0.2,0.2,0.0,0.0,0.0,0.6,0.0
Tibanga,2024,4,2,55.5,28.14333333333333,77.69722222222222,0.0,0.0,0.5,0.0,0.0,0.0,0.5,0.0
Tibanga,2024,5,1,111.1,28.719354838709677,78.03763440860214,0.0,0.0,0.0,1.0,0.0,0.0,0.0,0.0
Tibanga,2024,6,7,268.8,27.096666666666668,87.57638888888889,0.0,0.14285714285714285,0.0,0.14285714285714285,0.14285714285714285,0.0,0.42857142857142855,0.14285714285714285
Tibanga,2024,7,5,424.40000000000003,26.993548387096773,87.25268817204301,0.2,0.0,0.0,0.0,0.0,0.0,0.6,0.2
Tibanga,2024,8,3,314.8,26.948387096774194,87.74327956989248,0.0,0.0,0.0,0.0,0.3333333333333333,0.0,0.3333333333333333,0.3333333333333333
Tibanga,2024,9,7,292.3,27.523333333333333,84.44722222222222,0.0,0.0,0.42857142857142855,0.0,0.0,0.0,0.14285714285714285,0.42857142857142855
Tibanga,2024,10,1,254.3,27.183870967741935,84.42069892473118,0.0,0.0,0.0,0.0,0.0,0.0,0.0,1.0
Tibanga,2024,11,2,124.8,27.42,82.27083333333333,0.0,0.0,0.5,0.0,0.0,0.0,0.0,0.5
Tibanga,2024,12,0,285.8,26.409677419354836,88.56182795698925,0.0,0.0,0.0,0.0,0.0,0.0,0.0,0.0
Tibanga,2025,1,0,117.9,26.15806451612903,87.52956989247312,0.0,0.0,0.0,0.0,0.0,0.0,0.0,0.0
Tibanga,2025,2,4,92.8,26.214285714285715,85.29017857142857,0.0,0.0,0.0,0.0,0.25,0.0,0.25,0.5
Tibanga,2025,3,0,128.9,26.506451612903227,86.22043010752688,0.0,0.0,0.0,0.0,0.0,0.0,0.0,0.0
Tibanga,2025,4,0,69.5,27.613333333333333,79.75138888888888,0.0,0.0,0.0,0.0,0.0,0.0,0.0,0.0
Tibanga,2025,5,2,256.2,27.12258064516129,86.25403225806451,0.0,0.0,0.0,0.0,0.0,0.0,0.0,1.0
Tibanga,2025,6,2,292.1,26.886666666666667,85.95972222222223,0.0,0.0,0.0,0.0,0.0,0.5,0.5,0.0
Tibanga,2025,7,0,168.4,27.96129032258065,78.06317204301075,0.0,0.0,0.0,0.0,0.0,0.0,0.0,0.0
Tibanga,2025,8,1,436.8,26.593548387096774,86.0241935483871,0.0,0.0,0.0,0.0,0.0,1.0,0.0,0.0
Tibanga,2025,9,4,274.3,26.779999999999998,84.84583333333333,0.0,0.0,0.0,0.0,0.0,0.5,0.25,0.25
Tibanga,2025,10,2,345.5,26.606451612903225,86.78360215053763,0.0,0.0,0.0,0.0,0.5,0.0,0.5,0.0
Tibanga,2025,11,0,266.3,26.55666666666667,86.72083333333333,0.0,0.0,0.0,0.0,0.0,0.0,0.0,0.0
Tibanga,2025,12,1,171.9,26.322580645161292,87.89516129032258,0.0,0.0,0.0,0.0,0.0,1.0,0.0,0.0
Tibanga,2026,1,0,115.2,25.822580645161292,84.18682795698925,0.0,0.0,0.0,0.0,0.0,0.0,0.0,0.0
Tipanoy,2020,1,1,63.400000000000006,26.316129032258065,85.66397849462365,0.0,0.0,0.0,0.0,0.0,0.0,1.0,0.0
Tipanoy,2020,2,2,98.7,25.731034482758623,86.48994252873563,0.0,0.5,0.0,0.0,0.0,0.0,0.5,0.0
Tipanoy,2020,3,0,177.60000000000002,26.33225806451613,85.24462365591398,0.0,0.0,0.0,0.0,0.0,0.0,0.0,0.0
Tipanoy,2020,4,1,46.2,27.509999999999998,80.39166666666667,0.0,0.0,0.0,0.0,0.0,1.0,0.0,0.0
Tipanoy,2020,5,3,235.0,27.587096774193547,88.56048387096774,0.0,0.0,0.0,0.3333333333333333,0.3333333333333333,0.0,0.0,0.3333333333333333
Tipanoy,2020,6,3,481.8,26.81,89.87361111111112,0.0,0.0,0.0,0.0,0.0,0.0,1.0,0.0
Tipanoy,2020,7,1,516.3,26.641935483870967,90.00940860215054,0.0,0.0,0.0,0.0,0.0,0.0,1.0,0.0
Tipanoy,2020,8,0,283.8,26.967741935483872,88.1975806451613,0.0,0.0,0.0,0.0,0.0,0.0,0.0,0.0
Tipanoy,2020,9,2,453.5,26.923333333333336,89.24722222222222,0.0,0.0,0.0,0.0,0.0,0.0,1.0,0.0
Tipanoy,2020,10,2,504.29999999999995,26.55806451612903,90.60215053763442,0.0,0.0,0.0,0.0,0.5,0.0,0.0,0.5
Tipanoy,2020,11,3,201.0,26.413333333333334,90.75972222222222,0.0,0.0,0.3333333333333333,0.0,0.0,0.0,0.6666666666666666,0.0
Tipanoy,2020,12,0,284.9,26.187096774193545,90.4986559139785,0.0,0.0,0.0,0.0,0.0,0.0,0.0,0.0
Tipanoy,2021,1,1,270.59999999999997,25.55806451612903,90.90591397849462,0.0,0.0,0.0,0.0,0.0,0.0,1.0,0.0
Tipanoy,2021,2,3,204.1,25.635714285714283,90.38392857142857,0.3333333333333333,0.3333333333333333,0.0,0.0,0.0,0.3333333333333333,0.0,0.0
Tipanoy,2021,3,1,150.9,26.135483870967743,88.36559139784946,0.0,1.0,0.0,0.0,0.0,0.0,0.0,0.0
Tipanoy,2021,4,1,119.9,26.88,85.50694444444444,0.0,0.0,0.0,0.0,0.0,1.0,0.0,0.0
Tipanoy,2021,5,2,412.90000000000003,26.948387096774194,88.83870967741936,0.0,0.0,0.0,0.0,0.5,0.0,0.5,0.0
Tipanoy,2021,6,0,256.4,26.863333333333333,88.29583333333333,0.0,0.0,0.0,0.0,0.0,0.0,0.0,0.0
Tipanoy,2021,7,5,301.0,27.65806451612903,82.94086021505376,0.0,0.0,0.0,0.0,0.4,0.2,0.4,0.0
Tipanoy,2021,8,2,183.3,27.200000000000003,85.51344086021506,0.0,0.0,0.0,0.0,0.0,0.0,0.5,0.5
Tipanoy,2021,9,3,343.0,26.756666666666668,88.62916666666666,0.0,0.0,0.0,0.3333333333333333,0.3333333333333333,0.3333333333333333,0.0,0.0
Tipanoy,2021,10,5,335.7,26.748387096774195,88.47983870967742,0.0,0.2,0.2,0.2,0.0,0.0,0.4,0.0
Tipanoy,2021,11,3,327.7,26.176666666666666,91.05416666666666,0.0,0.3333333333333333,0.0,0.0,0.0,0.0,0.6666666666666666,0.0
Tipanoy,2021,12,1,256.0,25.706451612903226,90.11290322580645,0.0,0.0,0.0,0.0,0.0,0.0,1.0,0.0
Tipanoy,2022,1,2,144.2,25.48709677419355,89.05510752688173,0.0,0.0,0.0,0.0,0.0,0.0,0.5,0.5
Tipanoy,2022,2,2,104.3,25.42142857142857,89.55059523809524,0.0,1.0,0.0,0.0,0.0,0.0,0.0,0.0
Tipanoy,2022,3,2,325.59999999999997,26.003225806451614,90.24596774193549,0.0,0.0,0.0,0.0,0.0,0.0,0.5,0.5
Tipanoy,2022,4,3,355.7,26.136666666666667,89.14166666666667,0.0,0.0,0.3333333333333333,0.3333333333333333,0.0,0.0,0.3333333333333333,0.0
Tipanoy,2022,5,1,345.3,26.54516129032258,89.87768817204301,0.0,0.0,0.0,0.0,0.0,0.0,1.0,0.0
Tipanoy,2022,6,1,307.4,26.62,88.13888888888889,0.0,0.0,0.0,0.0,0.0,0.0,0.0,1.0
Tipanoy,2022,7,5,572.2,26.596774193548388,89.55510752688173,0.0,0.0,0.2,0.2,0.2,0.0,0.2,0.2
Tipanoy,2022,8,4,361.40000000000003,26.490322580645163,88.38306451612904,0.0,0.0,0.0,0.25,0.0,0.0,0.75,0.0
Tipanoy,2022,9,2,348.6,26.970000000000002,86.91805555555555,0.0,0.0,0.0,0.0,0.0,0.0,0.5,0.5
Tipanoy,2022,10,2,313.0,26.65806451612903,88.96774193548387,0.0,0.0,0.5,0.0,0.0,0.0,0.5,0.0
Tipanoy,2022,11,4,289.6,26.186666666666667,90.38888888888889,0.25,0.0,0.0,0.0,0.0,0.25,0.25,0.25
Tipanoy,2022,12,3,302.3,25.69677419354839,91.02016129032258,0.0,0.0,0.0,0.0,0.3333333333333333,0.0,0.3333333333333333,0.3333333333333333
Tipanoy,2023,1,1,497.7,24.970967741935485,93.33198924731182,0.0,0.0,0.0,0.0,0.0,0.0,0.0,1.0
Tipanoy,2023,2,0,303.5,25.260714285714283,91.73660714285714,0.0,0.0,0.0,0.0,0.0,0.0,0.0,0.0
Tipanoy,2023,3,0,244.8,25.60967741935484,89.4260752688172,0.0,0.0,0.0,0.0,0.0,0.0,0.0,0.0
Tipanoy,2023,4,3,135.4,26.83,85.39861111111111,0.0,0.0,0.0,0.0,0.0,0.0,1.0,0.0
Tipanoy,2023,5,0,313.3,27.448387096774194,85.93548387096774,0.0,0.0,0.0,0.0,0.0,0.0,0.0,0.0
Tipanoy,2023,6,3,419.9,27.026666666666664,87.42222222222222,0.0,0.3333333333333333,0.0,0.0,0.0,0.0,0.3333333333333333,0.3333333333333333
Tipanoy,2023,7,4,391.3,27.36774193548387,84.5524193548387,0.0,0.0,0.25,0.0,0.0,0.0,0.75,0.0
Tipanoy,2023,8,11,315.7,27.503225806451614,83.02822580645162,0.0,0.0,0.2727272727272727,0.0,0.0,0.0,0.5454545454545454,0.18181818181818182
Tipanoy,2023,9,5,461.8,27.023333333333333,86.45694444444445,0.0,0.0,0.0,0.2,0.0,0.0,0.4,0.4
Tipanoy,2023,10,13,219.7,26.990322580645163,85.48790322580645,0.0,0.23076923076923078,0.07692307692307693,0.07692307692307693,0.0,0.0,0.38461538461538464,0.23076923076923078
Tipanoy,2023,11,4,216.0,26.396666666666665,89.29027777777777,0.0,0.0,0.0,0.0,0.0,0.0,0.75,0.25
Tipanoy,2023,12,10,183.6,26.219354838709677,89.28763440860214,0.0,0.1,0.2,0.0,0.0,0.1,0.3,0.3
Tipanoy,2024,1,9,99.3,25.983870967741936,87.50940860215054,0.1111111111111111,0.1111111111111111,0.0,0.1111111111111111,0.0,0.0,0.4444444444444444,0.2222222222222222
Tipanoy,2024,2,9,78.0,25.886206896551727,85.03735632183908,0.2222222222222222,0.1111111111111111,0.1111111111111111,0.0,0.0,0.1111111111111111,0.1111111111111111,0.3333333333333333
Tipanoy,2024,3,9,48.7,26.693548387096776,80.3010752688172,0.1111111111111111,0.0,0.1111111111111111,0.0,0.0,0.0,0.4444444444444444,0.3333333333333333
Tipanoy,2024,4,1,55.5,28.14333333333333,77.69722222222222,0.0,0.0,0.0,0.0,0.0,0.0,1.0,0.0
Tipanoy,2024,5,3,111.1,28.719354838709677,78.03763440860214,0.3333333333333333,0.3333333333333333,0.3333333333333333,0.0,0.0,0.0,0.0,0.0
Tipanoy,2024,6,1,268.8,27.096666666666668,87.57638888888889,0.0,0.0,1.0,0.0,0.0,0.0,0.0,0.0
Tipanoy,2024,7,7,424.40000000000003,26.993548387096773,87.25268817204301,0.0,0.0,0.2857142857142857,0.0,0.0,0.0,0.2857142857142857,0.42857142857142855
Tipanoy,2024,8,10,314.8,26.948387096774194,87.74327956989248,0.2,0.0,0.1,0.0,0.0,0.0,0.7,0.0
Tipanoy,2024,9,5,292.3,27.523333333333333,84.44722222222222,0.2,0.0,0.0,0.0,0.2,0.0,0.4,0.2
Tipanoy,2024,10,4,254.3,27.183870967741935,84.42069892473118,0.0,0.0,0.0,0.25,0.0,0.0,0.5,0.25
Tipanoy,2024,11,2,124.8,27.42,82.27083333333333,0.0,0.0,0.5,0.5,0.0,0.0,0.0,0.0
Tipanoy,2024,12,6,285.8,26.409677419354836,88.56182795698925,0.0,0.0,0.3333333333333333,0.0,0.0,0.0,0.3333333333333333,0.3333333333333333
Tipanoy,2025,1,3,117.9,26.15806451612903,87.52956989247312,0.0,0.0,0.3333333333333333,0.0,0.0,0.0,0.0,0.6666666666666666
Tipanoy,2025,2,7,92.8,26.214285714285715,85.29017857142857,0.0,0.14285714285714285,0.14285714285714285,0.0,0.0,0.14285714285714285,0.2857142857142857,0.2857142857142857
Tipanoy,2025,3,7,128.9,26.506451612903227,86.22043010752688,0.0,0.0,0.0,0.0,0.14285714285714285,0.0,0.42857142857142855,0.42857142857142855
Tipanoy,2025,4,2,69.5,27.613333333333333,79.75138888888888,0.0,0.0,0.0,0.0,0.0,0.5,0.5,0.0
Tipanoy,2025,5,0,256.2,27.12258064516129,86.25403225806451,0.0,0.0,0.0,0.0,0.0,0.0,0.0,0.0
Tipanoy,2025,6,5,292.1,26.886666666666667,85.95972222222223,0.0,0.0,0.2,0.0,0.4,0.0,0.0,0.4
Tipanoy,2025,7,3,168.4,27.96129032258065,78.06317204301075,0.0,0.0,0.0,0.0,0.0,0.0,1.0,0.0
Tipanoy,2025,8,2,436.8,26.593548387096774,86.0241935483871,0.5,0.0,0.0,0.0,0.0,0.0,0.5,0.0
Tipanoy,2025,9,2,274.3,26.779999999999998,84.84583333333333,0.0,0.0,0.0,0.5,0.0,0.0,0.0,0.5
Tipanoy,2025,10,5,345.5,26.606451612903225,86.78360215053763,0.2,0.0,0.0,0.0,0.4,0.0,0.2,0.2
Tipanoy,2025,11,1,266.3,26.55666666666667,86.72083333333333,0.0,0.0,0.0,0.0,0.0,0.0,0.0,1.0
Tipanoy,2025,12,0,171.9,26.322580645161292,87.89516129032258,0.0,0.0,0.0,0.0,0.0,0.0,0.0,0.0
Tipanoy,2026,1,1,115.2,25.822580645161292,84.18682795698925,0.0,0.0,1.0,0.0,0.0,0.0,0.0,0.0
Tomas L. Cabili,2020,1,0,63.400000000000006,26.316129032258065,85.66397849462365,0.0,0.0,0.0,0.0,0.0,0.0,0.0,0.0
Tomas L. Cabili,2020,2,2,98.7,25.731034482758623,86.48994252873563,0.0,0.0,0.0,0.0,0.0,0.0,1.0,0.0
Tomas L. Cabili,2020,3,0,177.60000000000002,26.33225806451613,85.24462365591398,0.0,0.0,0.0,0.0,0.0,0.0,0.0,0.0
Tomas L. Cabili,2020,4,0,46.2,27.509999999999998,80.39166666666667,0.0,0.0,0.0,0.0,0.0,0.0,0.0,0.0
Tomas L. Cabili,2020,5,0,235.0,27.587096774193547,88.56048387096774,0.0,0.0,0.0,0.0,0.0,0.0,0.0,0.0
Tomas L. Cabili,2020,6,1,481.8,26.81,89.87361111111112,0.0,0.0,0.0,0.0,0.0,0.0,1.0,0.0
Tomas L. Cabili,2020,7,0,516.3,26.641935483870967,90.00940860215054,0.0,0.0,0.0,0.0,0.0,0.0,0.0,0.0
Tomas L. Cabili,2020,8,1,283.8,26.967741935483872,88.1975806451613,0.0,0.0,0.0,0.0,0.0,1.0,0.0,0.0
Tomas L. Cabili,2020,9,0,453.5,26.923333333333336,89.24722222222222,0.0,0.0,0.0,0.0,0.0,0.0,0.0,0.0
Tomas L. Cabili,2020,10,1,504.29999999999995,26.55806451612903,90.60215053763442,0.0,0.0,0.0,0.0,0.0,0.0,1.0,0.0
Tomas L. Cabili,2020,11,3,201.0,26.413333333333334,90.75972222222222,0.3333333333333333,0.0,0.0,0.0,0.0,0.0,0.3333333333333333,0.3333333333333333
Tomas L. Cabili,2020,12,1,284.9,26.187096774193545,90.4986559139785,0.0,0.0,0.0,0.0,0.0,0.0,1.0,0.0
Tomas L. Cabili,2021,1,0,270.59999999999997,25.55806451612903,90.90591397849462,0.0,0.0,0.0,0.0,0.0,0.0,0.0,0.0
Tomas L. Cabili,2021,2,1,204.1,25.635714285714283,90.38392857142857,0.0,0.0,0.0,0.0,0.0,0.0,1.0,0.0
Tomas L. Cabili,2021,3,1,150.9,26.135483870967743,88.36559139784946,0.0,0.0,0.0,0.0,0.0,0.0,1.0,0.0
Tomas L. Cabili,2021,4,0,119.9,26.88,85.50694444444444,0.0,0.0,0.0,0.0,0.0,0.0,0.0,0.0
Tomas L. Cabili,2021,5,1,412.90000000000003,26.948387096774194,88.83870967741936,0.0,0.0,0.0,0.0,0.0,0.0,1.0,0.0
Tomas L. Cabili,2021,6,2,256.4,26.863333333333333,88.29583333333333,0.0,0.0,0.0,0.5,0.0,0.0,0.5,0.0
Tomas L. Cabili,2021,7,1,301.0,27.65806451612903,82.94086021505376,0.0,0.0,0.0,0.0,0.0,0.0,1.0,0.0
Tomas L. Cabili,2021,8,2,183.3,27.200000000000003,85.51344086021506,0.0,0.5,0.0,0.5,0.0,0.0,0.0,0.0
Tomas L. Cabili,2021,9,3,343.0,26.756666666666668,88.62916666666666,0.0,0.0,0.0,0.0,0.3333333333333333,0.3333333333333333,0.3333333333333333,0.0
Tomas L. Cabili,2021,10,3,335.7,26.748387096774195,88.47983870967742,0.3333333333333333,0.0,0.0,0.3333333333333333,0.0,0.0,0.3333333333333333,0.0
Tomas L. Cabili,2021,11,2,327.7,26.176666666666666,91.05416666666666,0.0,0.0,0.5,0.0,0.0,0.0,0.0,0.5
Tomas L. Cabili,2021,12,1,256.0,25.706451612903226,90.11290322580645,0.0,0.0,0.0,0.0,0.0,0.0,0.0,1.0
Tomas L. Cabili,2022,1,3,144.2,25.48709677419355,89.05510752688173,0.0,0.0,0.0,0.0,0.0,0.0,0.3333333333333333,0.6666666666666666
Tomas L. Cabili,2022,2,0,104.3,25.42142857142857,89.55059523809524,0.0,0.0,0.0,0.0,0.0,0.0,0.0,0.0
Tomas L. Cabili,2022,3,1,325.59999999999997,26.003225806451614,90.24596774193549,0.0,0.0,0.0,0.0,0.0,0.0,0.0,1.0
Tomas L. Cabili,2022,4,1,355.7,26.136666666666667,89.14166666666667,0.0,0.0,0.0,0.0,0.0,1.0,0.0,0.0
Tomas L. Cabili,2022,5,1,345.3,26.54516129032258,89.87768817204301,0.0,0.0,0.0,0.0,0.0,0.0,0.0,1.0
Tomas L. Cabili,2022,6,1,307.4,26.62,88.13888888888889,0.0,0.0,0.0,0.0,0.0,0.0,1.0,0.0
Tomas L. Cabili,2022,7,1,572.2,26.596774193548388,89.55510752688173,0.0,0.0,0.0,0.0,0.0,0.0,1.0,0.0
Tomas L. Cabili,2022,8,1,361.40000000000003,26.490322580645163,88.38306451612904,0.0,0.0,0.0,0.0,0.0,0.0,0.0,1.0
Tomas L. Cabili,2022,9,5,348.6,26.970000000000002,86.91805555555555,0.0,0.0,0.2,0.0,0.0,0.2,0.4,0.2
Tomas L. Cabili,2022,10,3,313.0,26.65806451612903,88.96774193548387,0.0,0.3333333333333333,0.0,0.0,0.0,0.3333333333333333,0.3333333333333333,0.0
Tomas L. Cabili,2022,11,1,289.6,26.186666666666667,90.38888888888889,0.0,0.0,0.0,0.0,0.0,0.0,1.0,0.0
Tomas L. Cabili,2022,12,3,302.3,25.69677419354839,91.02016129032258,0.0,0.3333333333333333,0.0,0.0,0.0,0.3333333333333333,0.3333333333333333,0.0
Tomas L. Cabili,2023,1,0,497.7,24.970967741935485,93.33198924731182,0.0,0.0,0.0,0.0,0.0,0.0,0.0,0.0
Tomas L. Cabili,2023,2,0,303.5,25.260714285714283,91.73660714285714,0.0,0.0,0.0,0.0,0.0,0.0,0.0,0.0
Tomas L. Cabili,2023,3,0,244.8,25.60967741935484,89.4260752688172,0.0,0.0,0.0,0.0,0.0,0.0,0.0,0.0
Tomas L. Cabili,2023,4,2,135.4,26.83,85.39861111111111,0.0,0.0,1.0,0.0,0.0,0.0,0.0,0.0
Tomas L. Cabili,2023,5,1,313.3,27.448387096774194,85.93548387096774,0.0,0.0,1.0,0.0,0.0,0.0,0.0,0.0
Tomas L. Cabili,2023,6,4,419.9,27.026666666666664,87.42222222222222,0.25,0.0,0.25,0.0,0.25,0.0,0.25,0.0
Tomas L. Cabili,2023,7,5,391.3,27.36774193548387,84.5524193548387,0.0,0.4,0.2,0.0,0.2,0.0,0.0,0.2
Tomas L. Cabili,2023,8,4,315.7,27.503225806451614,83.02822580645162,0.0,0.0,0.25,0.0,0.0,0.25,0.5,0.0
Tomas L. Cabili,2023,9,4,461.8,27.023333333333333,86.45694444444445,0.0,0.0,0.5,0.25,0.0,0.0,0.25,0.0
Tomas L. Cabili,2023,10,24,219.7,26.990322580645163,85.48790322580645,0.041666666666666664,0.125,0.16666666666666666,0.08333333333333333,0.0,0.0,0.375,0.20833333333333334
Tomas L. Cabili,2023,11,9,216.0,26.396666666666665,89.29027777777777,0.0,0.1111111111111111,0.2222222222222222,0.0,0.1111111111111111,0.0,0.4444444444444444,0.1111111111111111
Tomas L. Cabili,2023,12,4,183.6,26.219354838709677,89.28763440860214,0.0,0.25,0.0,0.0,0.0,0.0,0.5,0.25
Tomas L. Cabili,2024,1,2,99.3,25.983870967741936,87.50940860215054,0.0,0.0,0.0,0.0,0.0,0.0,0.5,0.5
Tomas L. Cabili,2024,2,2,78.0,25.886206896551727,85.03735632183908,0.0,0.0,0.0,0.0,0.0,0.5,0.5,0.0
Tomas L. Cabili,2024,3,2,48.7,26.693548387096776,80.3010752688172,0.0,0.0,0.5,0.5,0.0,0.0,0.0,0.0
Tomas L. Cabili,2024,4,3,55.5,28.14333333333333,77.69722222222222,0.0,0.0,0.3333333333333333,0.0,0.0,0.0,0.3333333333333333,0.3333333333333333
Tomas L. Cabili,2024,5,1,111.1,28.719354838709677,78.03763440860214,0.0,0.0,0.0,0.0,0.0,0.0,1.0,0.0
Tomas L. Cabili,2024,6,2,268.8,27.096666666666668,87.57638888888889,0.0,0.0,1.0,0.0,0.0,0.0,0.0,0.0
Tomas L. Cabili,2024,7,6,424.40000000000003,26.993548387096773,87.25268817204301,0.16666666666666666,0.0,0.3333333333333333,0.16666666666666666,0.0,0.0,0.16666666666666666,0.16666666666666666
Tomas L. Cabili,2024,8,3,314.8,26.948387096774194,87.74327956989248,0.0,0.0,0.0,0.3333333333333333,0.0,0.0,0.6666666666666666,0.0
Tomas L. Cabili,2024,9,3,292.3,27.523333333333333,84.44722222222222,0.0,0.0,0.0,0.0,0.0,0.0,0.6666666666666666,0.3333333333333333
Tomas L. Cabili,2024,10,3,254.3,27.183870967741935,84.42069892473118,0.3333333333333333,0.0,0.0,0.0,0.3333333333333333,0.0,0.3333333333333333,0.0
Tomas L. Cabili,2024,11,5,124.8,27.42,82.27083333333333,0.0,0.0,0.0,0.0,0.2,0.0,0.6,0.2
Tomas L. Cabili,2024,12,7,285.8,26.409677419354836,88.56182795698925,0.0,0.0,0.14285714285714285,0.0,0.0,0.0,0.42857142857142855,0.42857142857142855
Tomas L. Cabili,2025,1,3,117.9,26.15806451612903,87.52956989247312,0.0,0.3333333333333333,0.0,0.0,0.3333333333333333,0.0,0.3333333333333333,0.0
Tomas L. Cabili,2025,2,1,92.8,26.214285714285715,85.29017857142857,0.0,0.0,0.0,0.0,0.0,0.0,1.0,0.0
Tomas L. Cabili,2025,3,3,128.9,26.506451612903227,86.22043010752688,0.0,0.0,0.0,0.0,0.0,0.0,0.3333333333333333,0.6666666666666666
Tomas L. Cabili,2025,4,0,69.5,27.613333333333333,79.75138888888888,0.0,0.0,0.0,0.0,0.0,0.0,0.0,0.0
Tomas L. Cabili,2025,5,1,256.2,27.12258064516129,86.25403225806451,0.0,0.0,0.0,1.0,0.0,0.0,0.0,0.0
Tomas L. Cabili,2025,6,4,292.1,26.886666666666667,85.95972222222223,0.0,0.25,0.0,0.0,0.0,0.0,0.5,0.25
Tomas L. Cabili,2025,7,5,168.4,27.96129032258065,78.06317204301075,0.0,0.0,0.0,0.0,0.0,0.0,1.0,0.0
Tomas L. Cabili,2025,8,0,436.8,26.593548387096774,86.0241935483871,0.0,0.0,0.0,0.0,0.0,0.0,0.0,0.0
Tomas L. Cabili,2025,9,5,274.3,26.779999999999998,84.84583333333333,0.0,0.0,0.0,0.0,0.2,0.2,0.4,0.2
Tomas L. Cabili,2025,10,3,345.5,26.606451612903225,86.78360215053763,0.0,0.0,0.0,0.0,0.0,0.0,0.6666666666666666,0.3333333333333333
Tomas L. Cabili,2025,11,0,266.3,26.55666666666667,86.72083333333333,0.0,0.0,0.0,0.0,0.0,0.0,0.0,0.0
Tomas L. Cabili,2025,12,1,171.9,26.322580645161292,87.89516129032258,0.0,0.0,0.0,0.0,0.0,1.0,0.0,0.0
Tomas L. Cabili,2026,1,0,115.2,25.822580645161292,84.18682795698925,0.0,0.0,0.0,0.0,0.0,0.0,0.0,0.0
Tubod,2020,1,6,63.400000000000006,26.316129032258065,85.66397849462365,0.0,0.0,0.3333333333333333,0.0,0.0,0.16666666666666666,0.3333333333333333,0.16666666666666666
Tubod,2020,2,1,98.7,25.731034482758623,86.48994252873563,0.0,0.0,0.0,0.0,0.0,0.0,1.0,0.0
Tubod,2020,3,2,177.60000000000002,26.33225806451613,85.24462365591398,0.0,0.0,0.0,0.0,0.0,0.0,1.0,0.0
Tubod,2020,4,2,46.2,27.509999999999998,80.39166666666667,0.0,0.0,0.0,0.0,0.0,0.5,0.5,0.0
Tubod,2020,5,2,235.0,27.587096774193547,88.56048387096774,0.0,0.0,0.0,0.0,0.0,0.5,0.5,0.0
Tubod,2020,6,5,481.8,26.81,89.87361111111112,0.0,0.2,0.0,0.0,0.2,0.0,0.6,0.0
Tubod,2020,7,4,516.3,26.641935483870967,90.00940860215054,0.0,0.25,0.0,0.0,0.0,0.25,0.25,0.25
Tubod,2020,8,3,283.8,26.967741935483872,88.1975806451613,0.0,0.3333333333333333,0.0,0.3333333333333333,0.0,0.3333333333333333,0.0,0.0
Tubod,2020,9,7,453.5,26.923333333333336,89.24722222222222,0.14285714285714285,0.0,0.0,0.0,0.0,0.14285714285714285,0.42857142857142855,0.2857142857142857
Tubod,2020,10,8,504.29999999999995,26.55806451612903,90.60215053763442,0.125,0.125,0.0,0.25,0.25,0.0,0.125,0.125
Tubod,2020,11,3,201.0,26.413333333333334,90.75972222222222,0.0,0.6666666666666666,0.0,0.3333333333333333,0.0,0.0,0.0,0.0
Tubod,2020,12,4,284.9,26.187096774193545,90.4986559139785,0.0,0.25,0.0,0.0,0.25,0.0,0.5,0.0
Tubod,2021,1,4,270.59999999999997,25.55806451612903,90.90591397849462,0.0,0.0,0.0,0.0,0.25,0.25,0.5,0.0
Tubod,2021,2,3,204.1,25.635714285714283,90.38392857142857,0.0,0.0,0.3333333333333333,0.0,0.0,0.0,0.0,0.6666666666666666
Tubod,2021,3,7,150.9,26.135483870967743,88.36559139784946,0.0,0.0,0.14285714285714285,0.0,0.0,0.14285714285714285,0.2857142857142857,0.42857142857142855
Tubod,2021,4,8,119.9,26.88,85.50694444444444,0.0,0.125,0.125,0.125,0.125,0.0,0.25,0.25
Tubod,2021,5,7,412.90000000000003,26.948387096774194,88.83870967741936,0.0,0.0,0.0,0.14285714285714285,0.14285714285714285,0.0,0.2857142857142857,0.42857142857142855
Tubod,2021,6,5,256.4,26.863333333333333,88.29583333333333,0.2,0.0,0.0,0.0,0.2,0.2,0.4,0.0
Tubod,2021,7,6,301.0,27.65806451612903,82.94086021505376,0.16666666666666666,0.0,0.3333333333333333,0.3333333333333333,0.0,0.0,0.16666666666666666,0.0
Tubod,2021,8,11,183.3,27.200000000000003,85.51344086021506,0.0,0.09090909090909091,0.09090909090909091,0.2727272727272727,0.09090909090909091,0.09090909090909091,0.36363636363636365,0.0
Tubod,2021,9,6,343.0,26.756666666666668,88.62916666666666,0.0,0.3333333333333333,0.0,0.0,0.16666666666666666,0.16666666666666666,0.16666666666666666,0.16666666666666666
Tubod,2021,10,8,335.7,26.748387096774195,88.47983870967742,0.0,0.0,0.25,0.0,0.0,0.0,0.5,0.25
Tubod,2021,11,7,327.7,26.176666666666666,91.05416666666666,0.0,0.14285714285714285,0.0,0.0,0.0,0.14285714285714285,0.2857142857142857,0.42857142857142855
Tubod,2021,12,9,256.0,25.706451612903226,90.11290322580645,0.1111111111111111,0.0,0.0,0.2222222222222222,0.0,0.3333333333333333,0.3333333333333333,0.0
Tubod,2022,1,9,144.2,25.48709677419355,89.05510752688173,0.0,0.1111111111111111,0.0,0.1111111111111111,0.1111111111111111,0.1111111111111111,0.5555555555555556,0.0
Tubod,2022,2,5,104.3,25.42142857142857,89.55059523809524,0.0,0.0,0.2,0.0,0.4,0.0,0.4,0.0
Tubod,2022,3,5,325.59999999999997,26.003225806451614,90.24596774193549,0.0,0.0,0.0,0.2,0.2,0.2,0.2,0.2
Tubod,2022,4,8,355.7,26.136666666666667,89.14166666666667,0.0,0.125,0.125,0.0,0.0,0.25,0.125,0.375
Tubod,2022,5,5,345.3,26.54516129032258,89.87768817204301,0.0,0.0,0.0,0.0,0.0,0.0,0.8,0.2
Tubod,2022,6,9,307.4,26.62,88.13888888888889,0.1111111111111111,0.0,0.1111111111111111,0.0,0.0,0.1111111111111111,0.4444444444444444,0.2222222222222222
Tubod,2022,7,10,572.2,26.596774193548388,89.55510752688173,0.0,0.0,0.0,0.0,0.3,0.1,0.4,0.2
Tubod,2022,8,12,361.40000000000003,26.490322580645163,88.38306451612904,0.08333333333333333,0.08333333333333333,0.08333333333333333,0.08333333333333333,0.08333333333333333,0.08333333333333333,0.5,0.0
Tubod,2022,9,9,348.6,26.970000000000002,86.91805555555555,0.3333333333333333,0.0,0.0,0.0,0.2222222222222222,0.0,0.1111111111111111,0.3333333333333333
Tubod,2022,10,17,313.0,26.65806451612903,88.96774193548387,0.0,0.058823529411764705,0.058823529411764705,0.0,0.17647058823529413,0.17647058823529413,0.35294117647058826,0.17647058823529413
Tubod,2022,11,9,289.6,26.186666666666667,90.38888888888889,0.0,0.1111111111111111,0.0,0.1111111111111111,0.2222222222222222,0.0,0.5555555555555556,0.0
Tubod,2022,12,7,302.3,25.69677419354839,91.02016129032258,0.0,0.0,0.14285714285714285,0.14285714285714285,0.0,0.0,0.42857142857142855,0.2857142857142857
Tubod,2023,1,0,497.7,24.970967741935485,93.33198924731182,0.0,0.0,0.0,0.0,0.0,0.0,0.0,0.0
Tubod,2023,2,1,303.5,25.260714285714283,91.73660714285714,0.0,0.0,0.0,0.0,0.0,0.0,1.0,0.0
Tubod,2023,3,0,244.8,25.60967741935484,89.4260752688172,0.0,0.0,0.0,0.0,0.0,0.0,0.0,0.0
Tubod,2023,4,9,135.4,26.83,85.39861111111111,0.0,0.3333333333333333,0.1111111111111111,0.0,0.0,0.0,0.3333333333333333,0.2222222222222222
Tubod,2023,5,12,313.3,27.448387096774194,85.93548387096774,0.0,0.0,0.16666666666666666,0.08333333333333333,0.08333333333333333,0.0,0.25,0.4166666666666667
Tubod,2023,6,17,419.9,27.026666666666664,87.42222222222222,0.058823529411764705,0.058823529411764705,0.11764705882352941,0.11764705882352941,0.0,0.0,0.4117647058823529,0.23529411764705882
Tubod,2023,7,21,391.3,27.36774193548387,84.5524193548387,0.0,0.09523809523809523,0.09523809523809523,0.047619047619047616,0.047619047619047616,0.09523809523809523,0.3333333333333333,0.2857142857142857
Tubod,2023,8,31,315.7,27.503225806451614,83.02822580645162,0.03225806451612903,0.25806451612903225,0.1935483870967742,0.0967741935483871,0.0,0.0,0.25806451612903225,0.16129032258064516
Tubod,2023,9,22,461.8,27.023333333333333,86.45694444444445,0.0,0.09090909090909091,0.045454545454545456,0.22727272727272727,0.0,0.045454545454545456,0.2727272727272727,0.3181818181818182
Tubod,2023,10,32,219.7,26.990322580645163,85.48790322580645,0.0625,0.03125,0.125,0.125,0.03125,0.0,0.375,0.25
Tubod,2023,11,22,216.0,26.396666666666665,89.29027777777777,0.09090909090909091,0.09090909090909091,0.0,0.09090909090909091,0.0,0.0,0.45454545454545453,0.2727272727272727
Tubod,2023,12,17,183.6,26.219354838709677,89.28763440860214,0.058823529411764705,0.11764705882352941,0.17647058823529413,0.058823529411764705,0.0,0.058823529411764705,0.23529411764705882,0.29411764705882354
Tubod,2024,1,7,99.3,25.983870967741936,87.50940860215054,0.0,0.0,0.0,0.42857142857142855,0.0,0.0,0.2857142857142857,0.2857142857142857
Tubod,2024,2,14,78.0,25.886206896551727,85.03735632183908,0.07142857142857142,0.07142857142857142,0.07142857142857142,0.21428571428571427,0.0,0.0,0.35714285714285715,0.21428571428571427
Tubod,2024,3,29,48.7,26.693548387096776,80.3010752688172,0.0,0.13793103448275862,0.1724137931034483,0.13793103448275862,0.034482758620689655,0.06896551724137931,0.2413793103448276,0.20689655172413793
Tubod,2024,4,10,55.5,28.14333333333333,77.69722222222222,0.1,0.0,0.1,0.1,0.1,0.0,0.2,0.4
Tubod,2024,5,4,111.1,28.719354838709677,78.03763440860214,0.0,0.0,0.25,0.0,0.0,0.0,0.25,0.5
Tubod,2024,6,6,268.8,27.096666666666668,87.57638888888889,0.0,0.3333333333333333,0.16666666666666666,0.16666666666666666,0.0,0.0,0.16666666666666666,0.16666666666666666
Tubod,2024,7,9,424.40000000000003,26.993548387096773,87.25268817204301,0.1111111111111111,0.2222222222222222,0.1111111111111111,0.0,0.1111111111111111,0.0,0.2222222222222222,0.2222222222222222
Tubod,2024,8,23,314.8,26.948387096774194,87.74327956989248,0.0,0.17391304347826086,0.043478260869565216,0.13043478260869565,0.0,0.0,0.43478260869565216,0.21739130434782608
Tubod,2024,9,15,292.3,27.523333333333333,84.44722222222222,0.0,0.0,0.06666666666666667,0.13333333333333333,0.13333333333333333,0.0,0.4666666666666667,0.2
Tubod,2024,10,14,254.3,27.183870967741935,84.42069892473118,0.0,0.14285714285714285,0.14285714285714285,0.07142857142857142,0.14285714285714285,0.0,0.2857142857142857,0.21428571428571427
Tubod,2024,11,12,124.8,27.42,82.27083333333333,0.16666666666666666,0.08333333333333333,0.08333333333333333,0.0,0.0,0.08333333333333333,0.5833333333333334,0.0
Tubod,2024,12,9,285.8,26.409677419354836,88.56182795698925,0.0,0.2222222222222222,0.1111111111111111,0.1111111111111111,0.0,0.0,0.4444444444444444,0.1111111111111111
Tubod,2025,1,16,117.9,26.15806451612903,87.52956989247312,0.0,0.125,0.125,0.125,0.0625,0.0625,0.4375,0.0625
Tubod,2025,2,23,92.8,26.214285714285715,85.29017857142857,0.0,0.08695652173913043,0.13043478260869565,0.043478260869565216,0.043478260869565216,0.13043478260869565,0.30434782608695654,0.2608695652173913
Tubod,2025,3,9,128.9,26.506451612903227,86.22043010752688,0.0,0.0,0.1111111111111111,0.0,0.1111111111111111,0.0,0.4444444444444444,0.3333333333333333
Tubod,2025,4,11,69.5,27.613333333333333,79.75138888888888,0.0,0.09090909090909091,0.09090909090909091,0.09090909090909091,0.09090909090909091,0.0,0.36363636363636365,0.2727272727272727
Tubod,2025,5,13,256.2,27.12258064516129,86.25403225806451,0.15384615384615385,0.07692307692307693,0.07692307692307693,0.0,0.07692307692307693,0.07692307692307693,0.3076923076923077,0.23076923076923078
Tubod,2025,6,3,292.1,26.886666666666667,85.95972222222223,0.0,0.0,0.0,0.3333333333333333,0.0,0.6666666666666666,0.0,0.0
Tubod,2025,7,24,168.4,27.96129032258065,78.06317204301075,0.041666666666666664,0.041666666666666664,0.08333333333333333,0.041666666666666664,0.16666666666666666,0.125,0.4166666666666667,0.08333333333333333
Tubod,2025,8,5,436.8,26.593548387096774,86.0241935483871,0.0,0.0,0.0,0.2,0.2,0.4,0.2,0.0
Tubod,2025,9,7,274.3,26.779999999999998,84.84583333333333,0.0,0.14285714285714285,0.0,0.0,0.14285714285714285,0.0,0.42857142857142855,0.2857142857142857
Tubod,2025,10,10,345.5,26.606451612903225,86.78360215053763,0.0,0.0,0.1,0.1,0.0,0.2,0.5,0.1
Tubod,2025,11,1,266.3,26.55666666666667,86.72083333333333,0.0,0.0,0.0,0.0,1.0,0.0,0.0,0.0
Tubod,2025,12,3,171.9,26.322580645161292,87.89516129032258,0.0,0.0,0.0,0.0,0.0,0.3333333333333333,0.6666666666666666,0.0
Tubod,2026,1,1,115.2,25.822580645161292,84.18682795698925,0.0,0.0,0.0,0.0,0.0,0.0,1.0,0.0
Ubaldo Laya,2020,1,2,63.400000000000006,26.316129032258065,85.66397849462365,0.0,0.0,0.0,0.0,0.5,0.0,0.5,0.0
Ubaldo Laya,2020,2,0,98.7,25.731034482758623,86.48994252873563,0.0,0.0,0.0,0.0,0.0,0.0,0.0,0.0
Ubaldo Laya,2020,3,1,177.60000000000002,26.33225806451613,85.24462365591398,0.0,0.0,0.0,0.0,0.0,0.0,0.0,1.0
Ubaldo Laya,2020,4,1,46.2,27.509999999999998,80.39166666666667,0.0,0.0,0.0,0.0,0.0,0.0,0.0,1.0
Ubaldo Laya,2020,5,1,235.0,27.587096774193547,88.56048387096774,0.0,0.0,0.0,0.0,1.0,0.0,0.0,0.0
Ubaldo Laya,2020,6,1,481.8,26.81,89.87361111111112,0.0,0.0,0.0,0.0,1.0,0.0,0.0,0.0
Ubaldo Laya,2020,7,0,516.3,26.641935483870967,90.00940860215054,0.0,0.0,0.0,0.0,0.0,0.0,0.0,0.0
Ubaldo Laya,2020,8,0,283.8,26.967741935483872,88.1975806451613,0.0,0.0,0.0,0.0,0.0,0.0,0.0,0.0
Ubaldo Laya,2020,9,1,453.5,26.923333333333336,89.24722222222222,0.0,0.0,0.0,0.0,0.0,0.0,0.0,1.0
Ubaldo Laya,2020,10,1,504.29999999999995,26.55806451612903,90.60215053763442,0.0,0.0,1.0,0.0,0.0,0.0,0.0,0.0
Ubaldo Laya,2020,11,1,201.0,26.413333333333334,90.75972222222222,0.0,0.0,0.0,0.0,0.0,0.0,1.0,0.0
Ubaldo Laya,2020,12,1,284.9,26.187096774193545,90.4986559139785,0.0,0.0,0.0,0.0,0.0,0.0,1.0,0.0
Ubaldo Laya,2021,1,0,270.59999999999997,25.55806451612903,90.90591397849462,0.0,0.0,0.0,0.0,0.0,0.0,0.0,0.0
Ubaldo Laya,2021,2,2,204.1,25.635714285714283,90.38392857142857,0.0,0.0,0.0,0.0,0.0,0.0,0.0,1.0
Ubaldo Laya,2021,3,2,150.9,26.135483870967743,88.36559139784946,0.0,0.5,0.5,0.0,0.0,0.0,0.0,0.0
Ubaldo Laya,2021,4,1,119.9,26.88,85.50694444444444,0.0,0.0,1.0,0.0,0.0,0.0,0.0,0.0
Ubaldo Laya,2021,5,3,412.90000000000003,26.948387096774194,88.83870967741936,0.0,0.3333333333333333,0.0,0.0,0.0,0.0,0.3333333333333333,0.3333333333333333
Ubaldo Laya,2021,6,2,256.4,26.863333333333333,88.29583333333333,0.0,0.5,0.0,0.0,0.0,0.0,0.5,0.0
Ubaldo Laya,2021,7,0,301.0,27.65806451612903,82.94086021505376,0.0,0.0,0.0,0.0,0.0,0.0,0.0,0.0
Ubaldo Laya,2021,8,3,183.3,27.200000000000003,85.51344086021506,0.0,0.3333333333333333,0.0,0.0,0.0,0.3333333333333333,0.3333333333333333,0.0
Ubaldo Laya,2021,9,4,343.0,26.756666666666668,88.62916666666666,0.0,0.0,0.25,0.0,0.75,0.0,0.0,0.0
Ubaldo Laya,2021,10,5,335.7,26.748387096774195,88.47983870967742,0.0,0.4,0.0,0.0,0.0,0.2,0.2,0.2
Ubaldo Laya,2021,11,3,327.7,26.176666666666666,91.05416666666666,0.0,0.0,0.0,0.0,0.0,0.0,0.6666666666666666,0.3333333333333333
Ubaldo Laya,2021,12,5,256.0,25.706451612903226,90.11290322580645,0.0,0.2,0.0,0.0,0.2,0.0,0.4,0.2
Ubaldo Laya,2022,1,1,144.2,25.48709677419355,89.05510752688173,0.0,0.0,0.0,0.0,0.0,0.0,1.0,0.0
Ubaldo Laya,2022,2,0,104.3,25.42142857142857,89.55059523809524,0.0,0.0,0.0,0.0,0.0,0.0,0.0,0.0
Ubaldo Laya,2022,3,0,325.59999999999997,26.003225806451614,90.24596774193549,0.0,0.0,0.0,0.0,0.0,0.0,0.0,0.0
Ubaldo Laya,2022,4,1,355.7,26.136666666666667,89.14166666666667,0.0,0.0,0.0,0.0,1.0,0.0,0.0,0.0
Ubaldo Laya,2022,5,2,345.3,26.54516129032258,89.87768817204301,0.0,0.0,0.0,0.5,0.0,0.0,0.5,0.0
Ubaldo Laya,2022,6,1,307.4,26.62,88.13888888888889,0.0,1.0,0.0,0.0,0.0,0.0,0.0,0.0
Ubaldo Laya,2022,7,2,572.2,26.596774193548388,89.55510752688173,0.0,0.5,0.0,0.0,0.0,0.0,0.5,0.0
Ubaldo Laya,2022,8,3,361.40000000000003,26.490322580645163,88.38306451612904,0.6666666666666666,0.0,0.0,0.0,0.3333333333333333,0.0,0.0,0.0
Ubaldo Laya,2022,9,1,348.6,26.970000000000002,86.91805555555555,0.0,0.0,0.0,0.0,0.0,0.0,0.0,1.0
Ubaldo Laya,2022,10,1,313.0,26.65806451612903,88.96774193548387,0.0,0.0,0.0,0.0,0.0,1.0,0.0,0.0
Ubaldo Laya,2022,11,1,289.6,26.186666666666667,90.38888888888889,0.0,0.0,0.0,0.0,0.0,0.0,1.0,0.0
Ubaldo Laya,2022,12,3,302.3,25.69677419354839,91.02016129032258,0.0,0.0,0.0,0.0,0.3333333333333333,0.0,0.6666666666666666,0.0
Ubaldo Laya,2023,1,0,497.7,24.970967741935485,93.33198924731182,0.0,0.0,0.0,0.0,0.0,0.0,0.0,0.0
Ubaldo Laya,2023,2,0,303.5,25.260714285714283,91.73660714285714,0.0,0.0,0.0,0.0,0.0,0.0,0.0,0.0
Ubaldo Laya,2023,3,0,244.8,25.60967741935484,89.4260752688172,0.0,0.0,0.0,0.0,0.0,0.0,0.0,0.0
Ubaldo Laya,2023,4,1,135.4,26.83,85.39861111111111,0.0,0.0,0.0,0.0,0.0,0.0,1.0,0.0
Ubaldo Laya,2023,5,2,313.3,27.448387096774194,85.93548387096774,0.0,0.0,0.5,0.5,0.0,0.0,0.0,0.0
Ubaldo Laya,2023,6,1,419.9,27.026666666666664,87.42222222222222,0.0,0.0,0.0,0.0,0.0,0.0,0.0,1.0
Ubaldo Laya,2023,7,2,391.3,27.36774193548387,84.5524193548387,0.0,0.0,0.5,0.0,0.0,0.0,0.0,0.5
Ubaldo Laya,2023,8,5,315.7,27.503225806451614,83.02822580645162,0.0,0.0,0.0,0.4,0.2,0.0,0.2,0.2
Ubaldo Laya,2023,9,12,461.8,27.023333333333333,86.45694444444445,0.16666666666666666,0.3333333333333333,0.0,0.16666666666666666,0.0,0.0,0.08333333333333333,0.25
Ubaldo Laya,2023,10,10,219.7,26.990322580645163,85.48790322580645,0.1,0.1,0.1,0.2,0.0,0.0,0.4,0.1
Ubaldo Laya,2023,11,13,216.0,26.396666666666665,89.29027777777777,0.07692307692307693,0.0,0.0,0.15384615384615385,0.0,0.0,0.6153846153846154,0.15384615384615385
Ubaldo Laya,2023,12,8,183.6,26.219354838709677,89.28763440860214,0.0,0.125,0.125,0.25,0.125,0.0,0.375,0.0
Ubaldo Laya,2024,1,4,99.3,25.983870967741936,87.50940860215054,0.0,0.0,0.25,0.25,0.0,0.0,0.25,0.25
Ubaldo Laya,2024,2,12,78.0,25.886206896551727,85.03735632183908,0.0,0.16666666666666666,0.08333333333333333,0.16666666666666666,0.08333333333333333,0.0,0.25,0.25
Ubaldo Laya,2024,3,20,48.7,26.693548387096776,80.3010752688172,0.15,0.1,0.25,0.1,0.0,0.0,0.15,0.25
Ubaldo Laya,2024,4,2,55.5,28.14333333333333,77.69722222222222,0.0,0.5,0.0,0.0,0.0,0.0,0.5,0.0
Ubaldo Laya,2024,5,0,111.1,28.719354838709677,78.03763440860214,0.0,0.0,0.0,0.0,0.0,0.0,0.0,0.0
Ubaldo Laya,2024,6,8,268.8,27.096666666666668,87.57638888888889,0.125,0.125,0.125,0.125,0.0,0.0,0.25,0.25
Ubaldo Laya,2024,7,2,424.40000000000003,26.993548387096773,87.25268817204301,0.5,0.0,0.0,0.0,0.0,0.0,0.0,0.5
Ubaldo Laya,2024,8,8,314.8,26.948387096774194,87.74327956989248,0.0,0.0,0.25,0.125,0.0,0.0,0.375,0.25
Ubaldo Laya,2024,9,3,292.3,27.523333333333333,84.44722222222222,0.0,0.0,0.0,0.0,0.0,0.0,1.0,0.0
Ubaldo Laya,2024,10,2,254.3,27.183870967741935,84.42069892473118,0.0,0.0,0.0,0.0,0.0,0.0,0.5,0.5
Ubaldo Laya,2024,11,2,124.8,27.42,82.27083333333333,0.0,0.0,0.5,0.0,0.0,0.0,0.5,0.0
Ubaldo Laya,2024,12,2,285.8,26.409677419354836,88.56182795698925,0.0,0.0,0.5,0.0,0.5,0.0,0.0,0.0
Ubaldo Laya,2025,1,2,117.9,26.15806451612903,87.52956989247312,0.0,0.0,0.0,0.0,0.0,0.0,0.5,0.5
Ubaldo Laya,2025,2,0,92.8,26.214285714285715,85.29017857142857,0.0,0.0,0.0,0.0,0.0,0.0,0.0,0.0
Ubaldo Laya,2025,3,3,128.9,26.506451612903227,86.22043010752688,0.0,0.0,0.0,0.0,0.0,0.0,1.0,0.0
Ubaldo Laya,2025,4,3,69.5,27.613333333333333,79.75138888888888,0.0,0.0,0.0,0.0,0.3333333333333333,0.3333333333333333,0.3333333333333333,0.0
Ubaldo Laya,2025,5,2,256.2,27.12258064516129,86.25403225806451,0.0,0.0,0.0,0.0,0.0,0.0,0.5,0.5
Ubaldo Laya,2025,6,3,292.1,26.886666666666667,85.95972222222223,0.3333333333333333,0.3333333333333333,0.0,0.0,0.3333333333333333,0.0,0.0,0.0
Ubaldo Laya,2025,7,1,168.4,27.96129032258065,78.06317204301075,0.0,0.0,0.0,0.0,0.0,0.0,1.0,0.0
Ubaldo Laya,2025,8,3,436.8,26.593548387096774,86.0241935483871,0.0,0.0,0.3333333333333333,0.0,0.0,0.0,0.6666666666666666,0.0
Ubaldo Laya,2025,9,1,274.3,26.779999999999998,84.84583333333333,0.0,0.0,0.0,0.0,0.0,0.0,1.0,0.0
Ubaldo Laya,2025,10,5,345.5,26.606451612903225,86.78360215053763,0.0,0.0,0.0,0.2,0.2,0.0,0.2,0.4
Ubaldo Laya,2025,11,0,266.3,26.55666666666667,86.72083333333333,0.0,0.0,0.0,0.0,0.0,0.0,0.0,0.0
Ubaldo Laya,2025,12,0,171.9,26.322580645161292,87.89516129032258,0.0,0.0,0.0,0.0,0.0,0.0,0.0,0.0
Ubaldo Laya,2026,1,0,115.2,25.822580645161292,84.18682795698925,0.0,0.0,0.0,0.0,0.0,0.0,0.0,0.0
Upper Hinaplanon,2020,1,0,63.400000000000006,26.316129032258065,85.66397849462365,0.0,0.0,0.0,0.0,0.0,0.0,0.0,0.0
Upper Hinaplanon,2020,2,0,98.7,25.731034482758623,86.48994252873563,0.0,0.0,0.0,0.0,0.0,0.0,0.0,0.0
Upper Hinaplanon,2020,3,0,177.60000000000002,26.33225806451613,85.24462365591398,0.0,0.0,0.0,0.0,0.0,0.0,0.0,0.0
Upper Hinaplanon,2020,4,0,46.2,27.509999999999998,80.39166666666667,0.0,0.0,0.0,0.0,0.0,0.0,0.0,0.0
Upper Hinaplanon,2020,5,0,235.0,27.587096774193547,88.56048387096774,0.0,0.0,0.0,0.0,0.0,0.0,0.0,0.0
Upper Hinaplanon,2020,6,0,481.8,26.81,89.87361111111112,0.0,0.0,0.0,0.0,0.0,0.0,0.0,0.0
Upper Hinaplanon,2020,7,0,516.3,26.641935483870967,90.00940860215054,0.0,0.0,0.0,0.0,0.0,0.0,0.0,0.0
Upper Hinaplanon,2020,8,2,283.8,26.967741935483872,88.1975806451613,0.0,0.0,0.0,0.0,0.0,0.0,1.0,0.0
Upper Hinaplanon,2020,9,0,453.5,26.923333333333336,89.24722222222222,0.0,0.0,0.0,0.0,0.0,0.0,0.0,0.0
Upper Hinaplanon,2020,10,1,504.29999999999995,26.55806451612903,90.60215053763442,0.0,0.0,0.0,0.0,1.0,0.0,0.0,0.0
Upper Hinaplanon,2020,11,2,201.0,26.413333333333334,90.75972222222222,0.0,0.0,0.0,0.0,0.0,0.0,1.0,0.0
Upper Hinaplanon,2020,12,0,284.9,26.187096774193545,90.4986559139785,0.0,0.0,0.0,0.0,0.0,0.0,0.0,0.0
Upper Hinaplanon,2021,1,1,270.59999999999997,25.55806451612903,90.90591397849462,0.0,0.0,0.0,0.0,0.0,0.0,1.0,0.0
Upper Hinaplanon,2021,2,0,204.1,25.635714285714283,90.38392857142857,0.0,0.0,0.0,0.0,0.0,0.0,0.0,0.0
Upper Hinaplanon,2021,3,0,150.9,26.135483870967743,88.36559139784946,0.0,0.0,0.0,0.0,0.0,0.0,0.0,0.0
Upper Hinaplanon,2021,4,1,119.9,26.88,85.50694444444444,0.0,0.0,0.0,0.0,0.0,0.0,0.0,1.0
Upper Hinaplanon,2021,5,1,412.90000000000003,26.948387096774194,88.83870967741936,0.0,0.0,0.0,0.0,0.0,1.0,0.0,0.0
Upper Hinaplanon,2021,6,2,256.4,26.863333333333333,88.29583333333333,0.0,0.0,0.0,0.0,0.0,0.0,0.5,0.5
Upper Hinaplanon,2021,7,1,301.0,27.65806451612903,82.94086021505376,0.0,0.0,0.0,0.0,0.0,0.0,1.0,0.0
Upper Hinaplanon,2021,8,1,183.3,27.200000000000003,85.51344086021506,0.0,0.0,0.0,0.0,0.0,0.0,0.0,1.0
Upper Hinaplanon,2021,9,0,343.0,26.756666666666668,88.62916666666666,0.0,0.0,0.0,0.0,0.0,0.0,0.0,0.0
Upper Hinaplanon,2021,10,1,335.7,26.748387096774195,88.47983870967742,0.0,0.0,0.0,0.0,0.0,1.0,0.0,0.0
Upper Hinaplanon,2021,11,1,327.7,26.176666666666666,91.05416666666666,0.0,1.0,0.0,0.0,0.0,0.0,0.0,0.0
Upper Hinaplanon,2021,12,0,256.0,25.706451612903226,90.11290322580645,0.0,0.0,0.0,0.0,0.0,0.0,0.0,0.0
Upper Hinaplanon,2022,1,0,144.2,25.48709677419355,89.05510752688173,0.0,0.0,0.0,0.0,0.0,0.0,0.0,0.0
Upper Hinaplanon,2022,2,1,104.3,25.42142857142857,89.55059523809524,0.0,0.0,0.0,0.0,0.0,1.0,0.0,0.0
Upper Hinaplanon,2022,3,0,325.59999999999997,26.003225806451614,90.24596774193549,0.0,0.0,0.0,0.0,0.0,0.0,0.0,0.0
Upper Hinaplanon,2022,4,1,355.7,26.136666666666667,89.14166666666667,0.0,1.0,0.0,0.0,0.0,0.0,0.0,0.0
Upper Hinaplanon,2022,5,1,345.3,26.54516129032258,89.87768817204301,0.0,0.0,0.0,0.0,1.0,0.0,0.0,0.0
Upper Hinaplanon,2022,6,1,307.4,26.62,88.13888888888889,0.0,0.0,0.0,0.0,0.0,0.0,0.0,1.0
Upper Hinaplanon,2022,7,0,572.2,26.596774193548388,89.55510752688173,0.0,0.0,0.0,0.0,0.0,0.0,0.0,0.0
Upper Hinaplanon,2022,8,1,361.40000000000003,26.490322580645163,88.38306451612904,0.0,0.0,0.0,0.0,0.0,0.0,1.0,0.0
Upper Hinaplanon,2022,9,0,348.6,26.970000000000002,86.91805555555555,0.0,0.0,0.0,0.0,0.0,0.0,0.0,0.0
Upper Hinaplanon,2022,10,0,313.0,26.65806451612903,88.96774193548387,0.0,0.0,0.0,0.0,0.0,0.0,0.0,0.0
Upper Hinaplanon,2022,11,2,289.6,26.186666666666667,90.38888888888889,0.0,0.5,0.0,0.0,0.0,0.0,0.5,0.0
Upper Hinaplanon,2022,12,1,302.3,25.69677419354839,91.02016129032258,1.0,0.0,0.0,0.0,0.0,0.0,0.0,0.0
Upper Hinaplanon,2023,1,0,497.7,24.970967741935485,93.33198924731182,0.0,0.0,0.0,0.0,0.0,0.0,0.0,0.0
Upper Hinaplanon,2023,2,0,303.5,25.260714285714283,91.73660714285714,0.0,0.0,0.0,0.0,0.0,0.0,0.0,0.0
Upper Hinaplanon,2023,3,0,244.8,25.60967741935484,89.4260752688172,0.0,0.0,0.0,0.0,0.0,0.0,0.0,0.0
Upper Hinaplanon,2023,4,0,135.4,26.83,85.39861111111111,0.0,0.0,0.0,0.0,0.0,0.0,0.0,0.0
Upper Hinaplanon,2023,5,0,313.3,27.448387096774194,85.93548387096774,0.0,0.0,0.0,0.0,0.0,0.0,0.0,0.0
Upper Hinaplanon,2023,6,0,419.9,27.026666666666664,87.42222222222222,0.0,0.0,0.0,0.0,0.0,0.0,0.0,0.0
Upper Hinaplanon,2023,7,1,391.3,27.36774193548387,84.5524193548387,0.0,0.0,0.0,0.0,0.0,0.0,1.0,0.0
Upper Hinaplanon,2023,8,2,315.7,27.503225806451614,83.02822580645162,0.0,0.0,0.0,0.5,0.0,0.0,0.0,0.5
Upper Hinaplanon,2023,9,2,461.8,27.023333333333333,86.45694444444445,0.0,0.0,0.0,0.0,0.0,0.0,0.5,0.5
Upper Hinaplanon,2023,10,3,219.7,26.990322580645163,85.48790322580645,0.0,0.0,0.0,0.0,0.0,0.0,0.6666666666666666,0.3333333333333333
Upper Hinaplanon,2023,11,3,216.0,26.396666666666665,89.29027777777777,0.0,0.0,0.3333333333333333,0.3333333333333333,0.0,0.0,0.0,0.3333333333333333
Upper Hinaplanon,2023,12,1,183.6,26.219354838709677,89.28763440860214,0.0,0.0,0.0,0.0,0.0,0.0,0.0,1.0
Upper Hinaplanon,2024,1,3,99.3,25.983870967741936,87.50940860215054,0.3333333333333333,0.0,0.0,0.0,0.0,0.0,0.3333333333333333,0.3333333333333333
Upper Hinaplanon,2024,2,4,78.0,25.886206896551727,85.03735632183908,0.0,0.0,0.5,0.0,0.25,0.0,0.0,0.25
Upper Hinaplanon,2024,3,4,48.7,26.693548387096776,80.3010752688172,0.0,0.0,0.0,0.0,0.0,0.0,0.75,0.25
Upper Hinaplanon,2024,4,0,55.5,28.14333333333333,77.69722222222222,0.0,0.0,0.0,0.0,0.0,0.0,0.0,0.0
Upper Hinaplanon,2024,5,0,111.1,28.719354838709677,78.03763440860214,0.0,0.0,0.0,0.0,0.0,0.0,0.0,0.0
Upper Hinaplanon,2024,6,0,268.8,27.096666666666668,87.57638888888889,0.0,0.0,0.0,0.0,0.0,0.0,0.0,0.0
Upper Hinaplanon,2024,7,0,424.40000000000003,26.993548387096773,87.25268817204301,0.0,0.0,0.0,0.0,0.0,0.0,0.0,0.0
Upper Hinaplanon,2024,8,9,314.8,26.948387096774194,87.74327956989248,0.0,0.0,0.2222222222222222,0.0,0.0,0.0,0.4444444444444444,0.3333333333333333
Upper Hinaplanon,2024,9,4,292.3,27.523333333333333,84.44722222222222,0.0,0.0,0.75,0.0,0.0,0.0,0.0,0.25
Upper Hinaplanon,2024,10,0,254.3,27.183870967741935,84.42069892473118,0.0,0.0,0.0,0.0,0.0,0.0,0.0,0.0
Upper Hinaplanon,2024,11,2,124.8,27.42,82.27083333333333,0.0,0.5,0.0,0.0,0.0,0.0,0.0,0.5
Upper Hinaplanon,2024,12,0,285.8,26.409677419354836,88.56182795698925,0.0,0.0,0.0,0.0,0.0,0.0,0.0,0.0
Upper Hinaplanon,2025,1,0,117.9,26.15806451612903,87.52956989247312,0.0,0.0,0.0,0.0,0.0,0.0,0.0,0.0
Upper Hinaplanon,2025,2,3,92.8,26.214285714285715,85.29017857142857,0.0,0.3333333333333333,0.0,0.0,0.0,0.3333333333333333,0.3333333333333333,0.0
Upper Hinaplanon,2025,3,1,128.9,26.506451612903227,86.22043010752688,0.0,0.0,0.0,0.0,0.0,0.0,1.0,0.0
Upper Hinaplanon,2025,4,0,69.5,27.613333333333333,79.75138888888888,0.0,0.0,0.0,0.0,0.0,0.0,0.0,0.0
Upper Hinaplanon,2025,5,0,256.2,27.12258064516129,86.25403225806451,0.0,0.0,0.0,0.0,0.0,0.0,0.0,0.0
Upper Hinaplanon,2025,6,1,292.1,26.886666666666667,85.95972222222223,0.0,0.0,0.0,0.0,0.0,1.0,0.0,0.0
Upper Hinaplanon,2025,7,0,168.4,27.96129032258065,78.06317204301075,0.0,0.0,0.0,0.0,0.0,0.0,0.0,0.0
Upper Hinaplanon,2025,8,3,436.8,26.593548387096774,86.0241935483871,0.3333333333333333,0.3333333333333333,0.0,0.0,0.0,0.0,0.3333333333333333,0.0
Upper Hinaplanon,2025,9,1,274.3,26.779999999999998,84.84583333333333,0.0,0.0,0.0,0.0,0.0,0.0,1.0,0.0
Upper Hinaplanon,2025,10,0,345.5,26.606451612903225,86.78360215053763,0.0,0.0,0.0,0.0,0.0,0.0,0.0,0.0
Upper Hinaplanon,2025,11,2,266.3,26.55666666666667,86.72083333333333,0.0,0.0,0.0,0.0,1.0,0.0,0.0,0.0
Upper Hinaplanon,2025,12,0,171.9,26.322580645161292,87.89516129032258,0.0,0.0,0.0,0.0,0.0,0.0,0.0,0.0
Upper Hinaplanon,2026,1,0,115.2,25.822580645161292,84.18682795698925,0.0,0.0,0.0,0.0,0.0,0.0,0.0,0.0
Upper Tominobo,2020,1,0,63.400000000000006,26.316129032258065,85.66397849462365,0.0,0.0,0.0,0.0,0.0,0.0,0.0,0.0
Upper Tominobo,2020,2,0,98.7,25.731034482758623,86.48994252873563,0.0,0.0,0.0,0.0,0.0,0.0,0.0,0.0
Upper Tominobo,2020,3,0,177.60000000000002,26.33225806451613,85.24462365591398,0.0,0.0,0.0,0.0,0.0,0.0,0.0,0.0
Upper Tominobo,2020,4,1,46.2,27.509999999999998,80.39166666666667,0.0,0.0,1.0,0.0,0.0,0.0,0.0,0.0
Upper Tominobo,2020,5,0,235.0,27.587096774193547,88.56048387096774,0.0,0.0,0.0,0.0,0.0,0.0,0.0,0.0
Upper Tominobo,2020,6,3,481.8,26.81,89.87361111111112,0.3333333333333333,0.0,0.0,0.0,0.0,0.0,0.6666666666666666,0.0
Upper Tominobo,2020,7,2,516.3,26.641935483870967,90.00940860215054,0.0,0.0,0.0,0.5,0.0,0.0,0.0,0.5
Upper Tominobo,2020,8,1,283.8,26.967741935483872,88.1975806451613,0.0,0.0,0.0,0.0,0.0,0.0,1.0,0.0
Upper Tominobo,2020,9,0,453.5,26.923333333333336,89.24722222222222,0.0,0.0,0.0,0.0,0.0,0.0,0.0,0.0
Upper Tominobo,2020,10,2,504.29999999999995,26.55806451612903,90.60215053763442,0.0,0.0,0.0,0.5,0.0,0.0,0.5,0.0
Upper Tominobo,2020,11,0,201.0,26.413333333333334,90.75972222222222,0.0,0.0,0.0,0.0,0.0,0.0,0.0,0.0
Upper Tominobo,2020,12,1,284.9,26.187096774193545,90.4986559139785,0.0,0.0,1.0,0.0,0.0,0.0,0.0,0.0
Upper Tominobo,2021,1,0,270.59999999999997,25.55806451612903,90.90591397849462,0.0,0.0,0.0,0.0,0.0,0.0,0.0,0.0
Upper Tominobo,2021,2,4,204.1,25.635714285714283,90.38392857142857,0.25,0.0,0.0,0.0,0.25,0.0,0.5,0.0
Upper Tominobo,2021,3,1,150.9,26.135483870967743,88.36559139784946,0.0,0.0,1.0,0.0,0.0,0.0,0.0,0.0
Upper Tominobo,2021,4,2,119.9,26.88,85.50694444444444,0.5,0.0,0.0,0.0,0.0,0.0,0.0,0.5
Upper Tominobo,2021,5,1,412.90000000000003,26.948387096774194,88.83870967741936,0.0,0.0,0.0,0.0,0.0,0.0,0.0,1.0
Upper Tominobo,2021,6,3,256.4,26.863333333333333,88.29583333333333,0.0,0.3333333333333333,0.0,0.0,0.0,0.3333333333333333,0.3333333333333333,0.0
Upper Tominobo,2021,7,3,301.0,27.65806451612903,82.94086021505376,0.0,0.0,0.0,0.3333333333333333,0.0,0.0,0.6666666666666666,0.0
Upper Tominobo,2021,8,1,183.3,27.200000000000003,85.51344086021506,0.0,0.0,1.0,0.0,0.0,0.0,0.0,0.0
Upper Tominobo,2021,9,1,343.0,26.756666666666668,88.62916666666666,0.0,0.0,0.0,0.0,0.0,0.0,0.0,1.0
Upper Tominobo,2021,10,1,335.7,26.748387096774195,88.47983870967742,0.0,0.0,0.0,0.0,0.0,1.0,0.0,0.0
Upper Tominobo,2021,11,1,327.7,26.176666666666666,91.05416666666666,0.0,0.0,0.0,0.0,0.0,0.0,1.0,0.0
Upper Tominobo,2021,12,2,256.0,25.706451612903226,90.11290322580645,0.0,0.0,0.0,0.0,0.0,0.0,0.5,0.5
Upper Tominobo,2022,1,0,144.2,25.48709677419355,89.05510752688173,0.0,0.0,0.0,0.0,0.0,0.0,0.0,0.0
Upper Tominobo,2022,2,2,104.3,25.42142857142857,89.55059523809524,0.0,0.0,0.0,0.0,0.0,0.0,0.0,1.0
Upper Tominobo,2022,3,2,325.59999999999997,26.003225806451614,90.24596774193549,0.0,0.5,0.0,0.0,0.0,0.0,0.5,0.0
Upper Tominobo,2022,4,0,355.7,26.136666666666667,89.14166666666667,0.0,0.0,0.0,0.0,0.0,0.0,0.0,0.0
Upper Tominobo,2022,5,2,345.3,26.54516129032258,89.87768817204301,0.0,0.0,0.0,0.0,0.0,0.5,0.5,0.0
Upper Tominobo,2022,6,0,307.4,26.62,88.13888888888889,0.0,0.0,0.0,0.0,0.0,0.0,0.0,0.0
Upper Tominobo,2022,7,0,572.2,26.596774193548388,89.55510752688173,0.0,0.0,0.0,0.0,0.0,0.0,0.0,0.0
Upper Tominobo,2022,8,1,361.40000000000003,26.490322580645163,88.38306451612904,0.0,0.0,0.0,1.0,0.0,0.0,0.0,0.0
Upper Tominobo,2022,9,2,348.6,26.970000000000002,86.91805555555555,0.0,0.0,0.0,0.0,0.0,0.0,0.5,0.5
Upper Tominobo,2022,10,0,313.0,26.65806451612903,88.96774193548387,0.0,0.0,0.0,0.0,0.0,0.0,0.0,0.0
Upper Tominobo,2022,11,0,289.6,26.186666666666667,90.38888888888889,0.0,0.0,0.0,0.0,0.0,0.0,0.0,0.0
Upper Tominobo,2022,12,2,302.3,25.69677419354839,91.02016129032258,0.0,0.5,0.0,0.0,0.0,0.0,0.0,0.5
Upper Tominobo,2023,1,0,497.7,24.970967741935485,93.33198924731182,0.0,0.0,0.0,0.0,0.0,0.0,0.0,0.0
Upper Tominobo,2023,2,0,303.5,25.260714285714283,91.73660714285714,0.0,0.0,0.0,0.0,0.0,0.0,0.0,0.0
Upper Tominobo,2023,3,0,244.8,25.60967741935484,89.4260752688172,0.0,0.0,0.0,0.0,0.0,0.0,0.0,0.0
Upper Tominobo,2023,4,1,135.4,26.83,85.39861111111111,0.0,1.0,0.0,0.0,0.0,0.0,0.0,0.0
Upper Tominobo,2023,5,2,313.3,27.448387096774194,85.93548387096774,0.5,0.0,0.0,0.0,0.0,0.0,0.5,0.0
Upper Tominobo,2023,6,0,419.9,27.026666666666664,87.42222222222222,0.0,0.0,0.0,0.0,0.0,0.0,0.0,0.0
Upper Tominobo,2023,7,1,391.3,27.36774193548387,84.5524193548387,0.0,0.0,0.0,1.0,0.0,0.0,0.0,0.0
Upper Tominobo,2023,8,5,315.7,27.503225806451614,83.02822580645162,0.0,0.0,0.0,0.0,0.2,0.0,0.2,0.6
Upper Tominobo,2023,9,4,461.8,27.023333333333333,86.45694444444445,0.25,0.25,0.0,0.0,0.0,0.0,0.25,0.25
Upper Tominobo,2023,10,1,219.7,26.990322580645163,85.48790322580645,0.0,0.0,0.0,0.0,0.0,0.0,0.0,1.0
Upper Tominobo,2023,11,3,216.0,26.396666666666665,89.29027777777777,0.0,0.0,0.0,0.3333333333333333,0.0,0.0,0.3333333333333333,0.3333333333333333
Upper Tominobo,2023,12,0,183.6,26.219354838709677,89.28763440860214,0.0,0.0,0.0,0.0,0.0,0.0,0.0,0.0
Upper Tominobo,2024,1,7,99.3,25.983870967741936,87.50940860215054,0.14285714285714285,0.0,0.0,0.0,0.0,0.14285714285714285,0.42857142857142855,0.2857142857142857
Upper Tominobo,2024,2,2,78.0,25.886206896551727,85.03735632183908,0.0,0.0,0.0,0.0,0.0,0.0,0.0,1.0
Upper Tominobo,2024,3,1,48.7,26.693548387096776,80.3010752688172,0.0,0.0,0.0,0.0,0.0,0.0,1.0,0.0
Upper Tominobo,2024,4,0,55.5,28.14333333333333,77.69722222222222,0.0,0.0,0.0,0.0,0.0,0.0,0.0,0.0
Upper Tominobo,2024,5,4,111.1,28.719354838709677,78.03763440860214,0.0,0.25,0.0,0.0,0.0,0.0,0.25,0.5
Upper Tominobo,2024,6,0,268.8,27.096666666666668,87.57638888888889,0.0,0.0,0.0,0.0,0.0,0.0,0.0,0.0
Upper Tominobo,2024,7,4,424.40000000000003,26.993548387096773,87.25268817204301,0.25,0.25,0.0,0.0,0.0,0.0,0.5,0.0
Upper Tominobo,2024,8,11,314.8,26.948387096774194,87.74327956989248,0.0,0.0,0.18181818181818182,0.2727272727272727,0.0,0.0,0.36363636363636365,0.18181818181818182
Upper Tominobo,2024,9,12,292.3,27.523333333333333,84.44722222222222,0.0,0.08333333333333333,0.08333333333333333,0.3333333333333333,0.08333333333333333,0.08333333333333333,0.16666666666666666,0.16666666666666666
Upper Tominobo,2024,10,4,254.3,27.183870967741935,84.42069892473118,0.0,0.0,0.0,0.25,0.0,0.0,0.25,0.5
Upper Tominobo,2024,11,1,124.8,27.42,82.27083333333333,0.0,0.0,0.0,0.0,0.0,0.0,0.0,1.0
Upper Tominobo,2024,12,2,285.8,26.409677419354836,88.56182795698925,0.0,0.0,0.0,0.0,0.0,0.0,0.5,0.5
Upper Tominobo,2025,1,3,117.9,26.15806451612903,87.52956989247312,0.0,0.0,0.0,0.0,0.0,0.0,0.6666666666666666,0.3333333333333333
Upper Tominobo,2025,2,0,92.8,26.214285714285715,85.29017857142857,0.0,0.0,0.0,0.0,0.0,0.0,0.0,0.0
Upper Tominobo,2025,3,2,128.9,26.506451612903227,86.22043010752688,0.0,0.5,0.0,0.0,0.0,0.0,0.0,0.5
Upper Tominobo,2025,4,2,69.5,27.613333333333333,79.75138888888888,0.0,0.0,0.0,0.5,0.0,0.0,0.5,0.0
Upper Tominobo,2025,5,0,256.2,27.12258064516129,86.25403225806451,0.0,0.0,0.0,0.0,0.0,0.0,0.0,0.0
Upper Tominobo,2025,6,0,292.1,26.886666666666667,85.95972222222223,0.0,0.0,0.0,0.0,0.0,0.0,0.0,0.0
Upper Tominobo,2025,7,2,168.4,27.96129032258065,78.06317204301075,0.5,0.0,0.0,0.0,0.0,0.0,0.5,0.0
Upper Tominobo,2025,8,2,436.8,26.593548387096774,86.0241935483871,0.0,0.0,0.0,0.0,0.0,0.0,1.0,0.0
Upper Tominobo,2025,9,1,274.3,26.779999999999998,84.84583333333333,0.0,0.0,0.0,1.0,0.0,0.0,0.0,0.0
Upper Tominobo,2025,10,1,345.5,26.606451612903225,86.78360215053763,0.0,0.0,0.0,0.0,0.0,0.0,0.0,1.0
Upper Tominobo,2025,11,1,266.3,26.55666666666667,86.72083333333333,0.0,0.0,0.0,0.0,0.0,0.0,1.0,0.0
Upper Tominobo,2025,12,0,171.9,26.322580645161292,87.89516129032258,0.0,0.0,0.0,0.0,0.0,0.0,0.0,0.0
Upper Tominobo,2026,1,0,115.2,25.822580645161292,84.18682795698925,0.0,0.0,0.0,0.0,0.0,0.0,0.0,0.0
Villa Verde,2020,1,2,63.400000000000006,26.316129032258065,85.66397849462365,0.0,0.0,0.0,0.5,0.0,0.0,0.5,0.0
Villa Verde,2020,2,0,98.7,25.731034482758623,86.48994252873563,0.0,0.0,0.0,0.0,0.0,0.0,0.0,0.0
Villa Verde,2020,3,0,177.60000000000002,26.33225806451613,85.24462365591398,0.0,0.0,0.0,0.0,0.0,0.0,0.0,0.0
Villa Verde,2020,4,0,46.2,27.509999999999998,80.39166666666667,0.0,0.0,0.0,0.0,0.0,0.0,0.0,0.0
Villa Verde,2020,5,1,235.0,27.587096774193547,88.56048387096774,0.0,0.0,0.0,0.0,0.0,0.0,1.0,0.0
Villa Verde,2020,6,1,481.8,26.81,89.87361111111112,0.0,0.0,0.0,0.0,0.0,1.0,0.0,0.0
Villa Verde,2020,7,0,516.3,26.641935483870967,90.00940860215054,0.0,0.0,0.0,0.0,0.0,0.0,0.0,0.0
Villa Verde,2020,8,0,283.8,26.967741935483872,88.1975806451613,0.0,0.0,0.0,0.0,0.0,0.0,0.0,0.0
Villa Verde,2020,9,0,453.5,26.923333333333336,89.24722222222222,0.0,0.0,0.0,0.0,0.0,0.0,0.0,0.0
Villa Verde,2020,10,1,504.29999999999995,26.55806451612903,90.60215053763442,0.0,0.0,0.0,0.0,0.0,0.0,1.0,0.0
Villa Verde,2020,11,1,201.0,26.413333333333334,90.75972222222222,0.0,0.0,0.0,0.0,0.0,0.0,0.0,1.0
Villa Verde,2020,12,0,284.9,26.187096774193545,90.4986559139785,0.0,0.0,0.0,0.0,0.0,0.0,0.0,0.0
Villa Verde,2021,1,0,270.59999999999997,25.55806451612903,90.90591397849462,0.0,0.0,0.0,0.0,0.0,0.0,0.0,0.0
Villa Verde,2021,2,1,204.1,25.635714285714283,90.38392857142857,0.0,0.0,0.0,0.0,0.0,0.0,1.0,0.0
Villa Verde,2021,3,1,150.9,26.135483870967743,88.36559139784946,0.0,0.0,0.0,0.0,0.0,1.0,0.0,0.0
Villa Verde,2021,4,0,119.9,26.88,85.50694444444444,0.0,0.0,0.0,0.0,0.0,0.0,0.0,0.0
Villa Verde,2021,5,0,412.90000000000003,26.948387096774194,88.83870967741936,0.0,0.0,0.0,0.0,0.0,0.0,0.0,0.0
Villa Verde,2021,6,0,256.4,26.863333333333333,88.29583333333333,0.0,0.0,0.0,0.0,0.0,0.0,0.0,0.0
Villa Verde,2021,7,2,301.0,27.65806451612903,82.94086021505376,0.0,0.0,0.0,0.0,0.5,0.0,0.5,0.0
Villa Verde,2021,8,1,183.3,27.200000000000003,85.51344086021506,1.0,0.0,0.0,0.0,0.0,0.0,0.0,0.0
Villa Verde,2021,9,1,343.0,26.756666666666668,88.62916666666666,0.0,0.0,0.0,0.0,0.0,0.0,0.0,1.0
Villa Verde,2021,10,1,335.7,26.748387096774195,88.47983870967742,0.0,0.0,0.0,0.0,0.0,0.0,0.0,1.0
Villa Verde,2021,11,0,327.7,26.176666666666666,91.05416666666666,0.0,0.0,0.0,0.0,0.0,0.0,0.0,0.0
Villa Verde,2021,12,0,256.0,25.706451612903226,90.11290322580645,0.0,0.0,0.0,0.0,0.0,0.0,0.0,0.0
Villa Verde,2022,1,0,144.2,25.48709677419355,89.05510752688173,0.0,0.0,0.0,0.0,0.0,0.0,0.0,0.0
Villa Verde,2022,2,0,104.3,25.42142857142857,89.55059523809524,0.0,0.0,0.0,0.0,0.0,0.0,0.0,0.0
Villa Verde,2022,3,3,325.59999999999997,26.003225806451614,90.24596774193549,0.0,0.0,0.3333333333333333,0.0,0.3333333333333333,0.0,0.3333333333333333,0.0
Villa Verde,2022,4,1,355.7,26.136666666666667,89.14166666666667,0.0,0.0,1.0,0.0,0.0,0.0,0.0,0.0
Villa Verde,2022,5,2,345.3,26.54516129032258,89.87768817204301,0.5,0.0,0.0,0.0,0.0,0.5,0.0,0.0
Villa Verde,2022,6,2,307.4,26.62,88.13888888888889,0.0,0.0,0.0,0.0,0.0,0.0,0.5,0.5
Villa Verde,2022,7,2,572.2,26.596774193548388,89.55510752688173,0.0,0.5,0.0,0.0,0.0,0.5,0.0,0.0
Villa Verde,2022,8,0,361.40000000000003,26.490322580645163,88.38306451612904,0.0,0.0,0.0,0.0,0.0,0.0,0.0,0.0
Villa Verde,2022,9,0,348.6,26.970000000000002,86.91805555555555,0.0,0.0,0.0,0.0,0.0,0.0,0.0,0.0
Villa Verde,2022,10,0,313.0,26.65806451612903,88.96774193548387,0.0,0.0,0.0,0.0,0.0,0.0,0.0,0.0
Villa Verde,2022,11,0,289.6,26.186666666666667,90.38888888888889,0.0,0.0,0.0,0.0,0.0,0.0,0.0,0.0
Villa Verde,2022,12,0,302.3,25.69677419354839,91.02016129032258,0.0,0.0,0.0,0.0,0.0,0.0,0.0,0.0
Villa Verde,2023,1,0,497.7,24.970967741935485,93.33198924731182,0.0,0.0,0.0,0.0,0.0,0.0,0.0,0.0
Villa Verde,2023,2,0,303.5,25.260714285714283,91.73660714285714,0.0,0.0,0.0,0.0,0.0,0.0,0.0,0.0
Villa Verde,2023,3,0,244.8,25.60967741935484,89.4260752688172,0.0,0.0,0.0,0.0,0.0,0.0,0.0,0.0
Villa Verde,2023,4,0,135.4,26.83,85.39861111111111,0.0,0.0,0.0,0.0,0.0,0.0,0.0,0.0
Villa Verde,2023,5,0,313.3,27.448387096774194,85.93548387096774,0.0,0.0,0.0,0.0,0.0,0.0,0.0,0.0
Villa Verde,2023,6,3,419.9,27.026666666666664,87.42222222222222,0.0,0.3333333333333333,0.0,0.0,0.0,0.0,0.3333333333333333,0.3333333333333333
Villa Verde,2023,7,3,391.3,27.36774193548387,84.5524193548387,0.0,0.0,0.0,0.0,0.3333333333333333,0.0,0.3333333333333333,0.3333333333333333
Villa Verde,2023,8,3,315.7,27.503225806451614,83.02822580645162,0.3333333333333333,0.0,0.0,0.3333333333333333,0.0,0.0,0.0,0.3333333333333333
Villa Verde,2023,9,1,461.8,27.023333333333333,86.45694444444445,0.0,0.0,0.0,0.0,0.0,0.0,1.0,0.0
Villa Verde,2023,10,1,219.7,26.990322580645163,85.48790322580645,0.0,0.0,0.0,0.0,0.0,0.0,0.0,1.0
Villa Verde,2023,11,5,216.0,26.396666666666665,89.29027777777777,0.0,0.2,0.0,0.0,0.0,0.0,0.4,0.4
Villa Verde,2023,12,4,183.6,26.219354838709677,89.28763440860214,0.0,0.0,0.25,0.0,0.0,0.0,0.75,0.0
Villa Verde,2024,1,1,99.3,25.983870967741936,87.50940860215054,0.0,0.0,0.0,0.0,0.0,0.0,1.0,0.0
Villa Verde,2024,2,5,78.0,25.886206896551727,85.03735632183908,0.0,0.0,0.0,0.0,0.0,0.0,0.8,0.2
Villa Verde,2024,3,1,48.7,26.693548387096776,80.3010752688172,0.0,0.0,0.0,1.0,0.0,0.0,0.0,0.0
Villa Verde,2024,4,0,55.5,28.14333333333333,77.69722222222222,0.0,0.0,0.0,0.0,0.0,0.0,0.0,0.0
Villa Verde,2024,5,1,111.1,28.719354838709677,78.03763440860214,0.0,1.0,0.0,0.0,0.0,0.0,0.0,0.0
Villa Verde,2024,6,0,268.8,27.096666666666668,87.57638888888889,0.0,0.0,0.0,0.0,0.0,0.0,0.0,0.0
Villa Verde,2024,7,1,424.40000000000003,26.993548387096773,87.25268817204301,0.0,1.0,0.0,0.0,0.0,0.0,0.0,0.0
Villa Verde,2024,8,1,314.8,26.948387096774194,87.74327956989248,0.0,0.0,0.0,1.0,0.0,0.0,0.0,0.0
Villa Verde,2024,9,6,292.3,27.523333333333333,84.44722222222222,0.0,0.0,0.3333333333333333,0.0,0.0,0.0,0.5,0.16666666666666666
Villa Verde,2024,10,3,254.3,27.183870967741935,84.42069892473118,0.0,0.0,0.0,0.0,0.0,0.0,0.6666666666666666,0.3333333333333333
Villa Verde,2024,11,1,124.8,27.42,82.27083333333333,0.0,0.0,0.0,1.0,0.0,0.0,0.0,0.0
Villa Verde,2024,12,2,285.8,26.409677419354836,88.56182795698925,0.0,0.0,0.5,0.0,0.0,0.0,0.5,0.0
Villa Verde,2025,1,2,117.9,26.15806451612903,87.52956989247312,0.5,0.0,0.0,0.0,0.0,0.0,0.0,0.5
Villa Verde,2025,2,2,92.8,26.214285714285715,85.29017857142857,0.0,0.0,0.5,0.0,0.0,0.5,0.0,0.0
Villa Verde,2025,3,2,128.9,26.506451612903227,86.22043010752688,0.0,0.0,0.5,0.0,0.0,0.0,0.5,0.0
Villa Verde,2025,4,2,69.5,27.613333333333333,79.75138888888888,0.0,0.0,0.0,0.5,0.5,0.0,0.0,0.0
Villa Verde,2025,5,1,256.2,27.12258064516129,86.25403225806451,0.0,0.0,0.0,0.0,0.0,0.0,0.0,1.0
Villa Verde,2025,6,1,292.1,26.886666666666667,85.95972222222223,0.0,1.0,0.0,0.0,0.0,0.0,0.0,0.0
Villa Verde,2025,7,2,168.4,27.96129032258065,78.06317204301075,0.0,0.0,0.5,0.0,0.0,0.0,0.5,0.0
Villa Verde,2025,8,0,436.8,26.593548387096774,86.0241935483871,0.0,0.0,0.0,0.0,0.0,0.0,0.0,0.0
Villa Verde,2025,9,0,274.3,26.779999999999998,84.84583333333333,0.0,0.0,0.0,0.0,0.0,0.0,0.0,0.0
Villa Verde,2025,10,0,345.5,26.606451612903225,86.78360215053763,0.0,0.0,0.0,0.0,0.0,0.0,0.0,0.0
Villa Verde,2025,11,0,266.3,26.55666666666667,86.72083333333333,0.0,0.0,0.0,0.0,0.0,0.0,0.0,0.0
Villa Verde,2025,12,0,171.9,26.322580645161292,87.89516129032258,0.0,0.0,0.0,0.0,0.0,0.0,0.0,0.0
Villa Verde,2026,1,0,115.2,25.822580645161292,84.18682795698925,0.0,0.0,0.0,0.0,0.0,0.0,0.0,0.0
