Sex,AgeYears,(Current Address) City / Municipality,(Current Address) Barangay,(Current Address) Sitio / Purok / Street Name,DAdmit,Year,BloodType
Male,12,City of Iligan,Acmac-Mariano Badelles Sr.,SAMPAGUITA,01/04/2024,2024,A+
Male,0,City of Iligan,Tibanga,PUROK 14,01/04/2024,2024,O+
Female,17,City of Iligan,Tambacan,,01/04/2024,2024,O+
Female,17,City of Iligan,Tambacan,,01/04/2024,2024,B-
Female,17,City of Iligan,Tambacan,,01/04/2024,2024,B+
Male,10,City of Iligan,Kabacsanan,ZONE 1,01/04/2024,2024,O+
Female,6,City of Iligan,Buru-un,P6A,01/04/2024,2024,O+
Male,30,City of Iligan,Puga-an,,01/03/2024,2024,AB+
Male,30,City of Iligan,Puga-an,,01/03/2024,2024,O+
Female,1,City of Iligan,Abuno,ZONE 5,01/04/2024,2024,O-
Male,5,City of Iligan,Upper Hinaplanon,PUROK 17,01/05/2024,2024,O+
Male,16,City of Iligan,Tubod,4TH EAST ROS. HEIGHTS,01/05/2024,2024,O-
Female,9,City of Iligan,Dalipuga,PUROK 53,01/05/2024,2024,O-
Female,9,City of Iligan,Dalipuga,PUROK IBBUV PAITAN,01/06/2024,2024,A-
Male,5,City of Iligan,Dalipuga,PAITAN,01/07/2024,2024,O+
Male,8,City of Iligan,Mahayahay,PRK. MANUANG,01/03/2024,2024,O+
Male,8,City of Iligan,Mahayahay,PRK. MANUANG,01/03/2024,2024,B+
Male,65,City of Iligan,Palao,SENINARY DRIVE,01/07/2024,2024,O+
Male,10,City of Iligan,Palao,EMPIRE VILLAGE,01/07/2024,2024,O-
Male,6,City of Iligan,Dalipuga,P5A PAITAN,01/08/2024,2024,O+
Male,15,City of Iligan,Upper Tominobo,PUROK 18 MARYHILL,01/06/2024,2024,O-
Male,12,City of Iligan,Tipanoy,PUROK 5A,01/08/2024,2024,O+
Male,6,City of Iligan,Tubod,0042 A DOÃ‘A JOSEFA AVE. ROSARIO HEIGHTS,01/06/2024,2024,B-
Female,1,City of Iligan,Acmac-Mariano Badelles Sr.,PUROK VIOLETA,01/05/2024,2024,O-
Male,4,City of Iligan,Saray,PUROK 5,01/09/2024,2024,B-
Female,5,City of Iligan,Mandulog,,01/10/2024,2024,O+
Female,5,City of Iligan,Mandulog,,01/10/2024,2024,O-
Female,5,City of Iligan,Mandulog,,01/10/2024,2024,B+
Female,7,City of Iligan,Maria Cristina,"PUROK 31, ZONE 13",01/07/2024,2024,O+
Female,4,City of Iligan,Tipanoy,"BLOCK 8, LOT 17, PHASE 5",01/10/2024,2024,B-
Male,7,City of Iligan,Tambacan,PUROK 7,01/10/2024,2024,O+
Male,2,City of Iligan,Maria Cristina,"PUROK 31`, ZONE II SITIO DAM",01/09/2024,2024,A-
Male,5,City of Iligan,Abuno,ZONE 19 PATAG,01/11/2024,2024,B-
Female,7,City of Iligan,Buru-un,,01/11/2024,2024,O+
Female,7,City of Iligan,Buru-un,,01/11/2024,2024,O+
Female,8,City of Iligan,Dalipuga,,01/11/2024,2024,A+
Female,8,City of Iligan,Dalipuga,,01/11/2024,2024,B+
Female,9,City of Iligan,Hindang,ZONE 6,01/10/2024,2024,O-
Male,5,City of Iligan,Mahayahay,PUROK ABESTILLA,01/08/2024,2024,A-
Female,7,City of Iligan,Dalipuga,PUROK 2 TAG-IBO,01/12/2024,2024,O-
Female,4,City of Iligan,Abuno,"PUROK STA LUCIA., ZONE 19",01/12/2024,2024,O-
Male,12,City of Iligan,Buru-un,PUROK 8,01/12/2024,2024,O-
Female,11,City of Iligan,Ubaldo Laya,PUROK MATINABANGON,01/13/2024,2024,O+
Male,8,City of Iligan,Upper Tominobo,PUROK 8,01/14/2024,2024,AB-
Male,8,City of Iligan,Upper Tominobo,PUROK 8,01/14/2024,2024,O+
Female,7,City of Iligan,Poblacion,MAGSAYSAY,01/08/2024,2024,O+
Male,18,City of Iligan,Mahayahay,#009 PRK.BAGONG PAG-ASA,01/08/2024,2024,O-
Female,10,City of Iligan,Acmac-Mariano Badelles Sr.,PRK.SAN FRANCISCO,01/13/2024,2024,O-
Male,1,City of Iligan,Palao,EMPIRE VILLAGE,01/12/2024,2024,A-
Female,7,City of Iligan,San Miguel,19B FERNDALE,01/15/2024,2024,B+
Female,9,City of Iligan,Tambacan,PUROK 5,01/12/2024,2024,O-
Female,9,City of Iligan,Tambacan,PUROK 5,01/12/2024,2024,B-
Male,7,City of Iligan,Santa Elena,"BLOCK 10 , LOT 20 STEELTOWN",01/13/2024,2024,A-
Female,17,City of Iligan,Palao,60 DOVE STREET ISABEL VILLAGE,01/13/2024,2024,O+
Female,11,City of Iligan,Palao,SPARROW ST.ISABEL VILLAGE,01/11/2024,2024,A-
Male,15,City of Iligan,Abuno,,01/16/2024,2024,O+
Male,15,City of Iligan,Abuno,,01/16/2024,2024,B-
Male,13,City of Iligan,Mainit,,01/17/2024,2024,B-
Male,15,City of Iligan,Tipanoy,PUROK 1,01/12/2024,2024,O+
Male,0,City of Iligan,Dalipuga,"PUROK 2, TAG-IBO",01/15/2024,2024,B+
Male,4,City of Iligan,Digkilaan,PUROK 2,01/15/2024,2024,O+
Male,0,City of Iligan,Santa Filomena,PUROK DURANTA,01/15/2024,2024,A+
Male,1,City of Iligan,Tambacan,PUROK 7-B,01/15/2024,2024,AB+
Male,0,City of Iligan,Bonbonon,PUROK 13,01/15/2024,2024,O+
Female,10,City of Iligan,Dalipuga,"PUROK 1-C, TAG-IBO",01/16/2024,2024,B+
Male,10,City of Iligan,Maria Cristina,,01/18/2024,2024,B-
Female,20,City of Iligan,Tubod,PUROK KALAYAAN ROSARIO HEIGHTS,01/17/2024,2024,O+
Male,4,City of Iligan,Tubod,4TH EAST PUROK KALAYAAN ROSARIO HEIGHTS,01/17/2024,2024,O+
Male,16,City of Iligan,Suarez,ZONE PLUTO 2,01/16/2024,2024,O-
Male,64,City of Iligan,Buru-un,PUROK 6A,01/18/2024,2024,B+
Male,6,City of Iligan,Mahayahay,PUROK STA. LUCIA,01/17/2024,2024,A-
Female,11,City of Iligan,Mahayahay,PUROK 12 A,01/17/2024,2024,O+
Male,7,City of Iligan,Puga-an,PUROK 1,01/19/2024,2024,O+
Male,3,City of Iligan,Ubaldo Laya,GREENVALLEY,01/19/2024,2024,B-
Female,3,City of Iligan,Suarez,ZONE SATURN,01/22/2024,2024,A+
Female,3,City of Iligan,Suarez,ZONE SATURN,01/22/2024,2024,O-
Male,6,City of Iligan,Acmac-Mariano Badelles Sr.,,01/24/2024,2024,A-
Female,11,City of Iligan,Tipanoy,PUROK 4 PINDUGANGAN,01/24/2024,2024,O+
Female,16,City of Iligan,Tipanoy,PUROK 5-A,01/21/2024,2024,O-
Male,7,City of Iligan,Upper Hinaplanon,PUROK 12 BLISS VILLE,01/24/2024,2024,O-
Male,24,City of Iligan,Maria Cristina,"PUROK 24-A, ZONE 10, SAWALI, FUENTES",01/19/2024,2024,A+
Male,25,City of Iligan,Digkilaan,PUROK TABLON,01/24/2024,2024,B-
Male,8,City of Iligan,Tipanoy,PUROK 4 PINDUGANGAN,01/25/2024,2024,A+
Male,7,City of Iligan,Tipanoy,PUROK 3 PINDUGANGAN,01/21/2024,2024,A-
Male,13,City of Iligan,Santiago,#13 MABOLO STREET,01/20/2024,2024,O+
Male,4,City of Iligan,Luinab,"PHASE 6, BLOCK 2, BAHAYAN",01/22/2024,2024,O+
Female,11,City of Iligan,Buru-un,PUROK 5,01/22/2024,2024,O+
Female,10,City of Iligan,Poblacion,ZONE 1,01/25/2024,2024,B+
Female,4,City of Iligan,Hinaplanon,PUROK 2 KATIPUNAN,01/24/2024,2024,O+
Male,0,City of Iligan,Tubod,PUROK SAN ANTONIO,01/22/2024,2024,O-
Male,11,City of Iligan,Ubaldo Laya,PUROK MABINATI-ON,01/27/2024,2024,B+
Female,6,City of Iligan,Tomas L. Cabili,PUROK 9,01/27/2024,2024,O-
Male,8,City of Iligan,Bonbonon,PUROK 5,01/27/2024,2024,O+
Female,6,City of Iligan,Tambacan,PUROK 7,01/27/2024,2024,B-
Female,2,City of Iligan,Upper Hinaplanon,"BLOCK 3, LOT 5, PUROK 6, BLISS",01/23/2024,2024,A+
Female,4,City of Iligan,Dalipuga,"BLOCK 1, LOT 20 GRANDVILLE SUBDIVISION",01/22/2024,2024,O-
Female,11,City of Iligan,Ditucalan,,01/25/2024,2024,A+
Female,11,City of Iligan,Ditucalan,,01/25/2024,2024,O+
Female,6,City of Iligan,Upper Tominobo,PUROK 8,01/28/2024,2024,O-
Female,6,City of Iligan,Upper Tominobo,PUROK 8,01/28/2024,2024,A+
Female,6,City of Iligan,Upper Tominobo,PUROK 8,01/28/2024,2024,O+
Female,6,City of Iligan,Dalipuga,PUROK 22,01/29/2024,2024,O-
Male,15,City of Iligan,San Miguel,JAMILLE ST.,01/03/2024,2024,B+
Male,2,City of Iligan,Santa Filomena,PUROK MAUSWAGON,01/03/2024,2024,B+
Male,10,City of Iligan,Santa Filomena,DIAMOND VILLAGE,01/04/2024,2024,O+
Male,2,City of Iligan,Palao,007 CHAMPACA ST.,01/04/2024,2024,O-
Male,2,City of Iligan,San Miguel,"DOOR#5, DE ASIS APT., MILESTONR DRIVE",01/05/2024,2024,A-
Male,14,City of Iligan,Buru-un,PUROK 1A,01/06/2024,2024,O+
Male,4,City of Iligan,Tibanga,"PUROK 5, CANAWAY",01/27/2024,2024,B-
Female,10,City of Iligan,Abuno,ZONE 19,01/26/2024,2024,B+
Male,3,City of Iligan,Maria Cristina,"PUROK 6, ZONE 2, BALILING, FUENTES",01/23/2024,2024,O-
Male,16,City of Iligan,Palao,# 178 QUEZON AVE. EXT.,01/20/2024,2024,A-
Female,8,City of Iligan,Mahayahay,PUROK BAGONG LIPUNAN,01/20/2024,2024,B-
Male,1,City of Iligan,Mahayahay,BENITEZ COMPOUND,01/20/2024,2024,O-
Female,10,City of Iligan,Santiago,SANTIAGO,01/21/2024,2024,B-
Male,5,City of Iligan,Tambacan,PUROK 2,01/22/2024,2024,O+
Female,4,City of Iligan,Tibanga,PUROK 16,01/23/2024,2024,O-
Female,73,City of Iligan,Tibanga,"PUROK 15 CANAWAY,",01/20/2024,2024,A+
Male,7,City of Iligan,Santiago,"PUROK 12, PAPAYA ST.",01/23/2024,2024,O+
Female,46,City of Iligan,Tubod,0035 DOÑA JOSEFA AVE.,01/23/2024,2024,B-
Male,52,City of Iligan,Luinab,"PHASE 8, LA SIERRA",01/23/2024,2024,O-
Female,17,City of Iligan,Maria Cristina,"PUROK 12, FUENTES",01/25/2024,2024,A-
Female,2,City of Iligan,Maria Cristina,PUROK FUENTES,01/30/2024,2024,A-
Female,3,City of Iligan,Buru-un,PUROK 13,01/31/2024,2024,O-
Female,16,City of Iligan,Acmac-Mariano Badelles Sr.,,01/28/2024,2024,O+
Female,3,City of Iligan,Santa Filomena,PUROK ROSAS PANDAN,01/29/2024,2024,O+
Male,8,City of Iligan,Saray,"PUROK 6,",01/29/2024,2024,O+
Male,1,City of Iligan,Puga-an,PUROK 3,01/29/2024,2024,O+
Male,1,City of Iligan,Mahayahay,PUROK 2,01/29/2024,2024,B-
Male,15,City of Iligan,Abuno,ZONE 7,01/30/2024,2024,O-
Female,2,City of Iligan,Abuno,"ZONE 4A, ISLA VERDE",01/30/2024,2024,O-
Male,18,City of Iligan,Palao,542,01/30/2024,2024,O-
Female,17,City of Iligan,Tipanoy,,02/01/2024,2024,B+
Female,9,City of Iligan,Upper Hinaplanon,PUROK 5,02/01/2024,2024,B+
Female,16,City of Iligan,Maria Cristina,"PUROK 1, ZONE 1, NONOCAN",01/28/2024,2024,O-
Female,7,City of Iligan,Ubaldo Laya,PUROK MABINATION,01/29/2024,2024,O-
Female,8,City of Iligan,Suarez,ZONE URANUS,01/29/2024,2024,O-
Male,7,City of Iligan,Poblacion,ROXAS AVENUE,01/30/2024,2024,B+
Female,8,City of Iligan,Upper Tominobo,CARITAS VILLAGE,01/31/2024,2024,O+
Female,4,City of Iligan,Tubod,10TH EAST EXT. ROS. HEIGHTS,02/01/2024,2024,O-
Female,9,City of Iligan,Tubod,PUROK BAGONG PAG-ASA,02/02/2024,2024,B-
Female,10,City of Iligan,Suarez,ZONE PLUTO 2,02/02/2024,2024,O-
Male,8,City of Iligan,Santiago,20 COLOMBINE ST. NEW FRONTIER COURT,02/01/2024,2024,A-
Female,18,City of Iligan,Bagong Silang,ZONE 6,01/29/2024,2024,B+
Male,6,City of Iligan,Abuno,"ZONE 3, PANUL-IRAN",02/01/2024,2024,O+
Female,33,City of Iligan,Buru-un,"PUROK 2, MIMBALOT",02/01/2024,2024,O-
Female,6,City of Iligan,Santiago,PUROK 10,02/03/2024,2024,B-
Male,13,City of Iligan,Luinab,PREMIUM PLAINS PUROK 1,02/03/2024,2024,B-
Female,13,City of Iligan,Luinab,PUROK 7A BAHAYAN,02/01/2024,2024,O-
Male,12,City of Iligan,Tipanoy,"BLOCK 6, LOT 9 DMS PHASE V",02/04/2024,2024,A+
Male,8,City of Iligan,Bagong Silang,ZONE 8,02/01/2024,2024,A-
Male,8,City of Iligan,Dalipuga,"PUROK 2, TAG-IBO",02/01/2024,2024,O+
Male,10,City of Iligan,Bagong Silang,ZONE 10,02/01/2024,2024,O-
Female,10,City of Iligan,Villa Verde,PUROK ILANG-ILANG,02/02/2024,2024,O+
Female,9,City of Iligan,Santiago,BALITE DRIVE,02/02/2024,2024,B-
Female,7,City of Iligan,Santa Filomena,PUROK ROSAS PANDAN,02/02/2024,2024,O+
Male,1,City of Iligan,Suarez,ZONE TAURUS,02/05/2024,2024,A+
Male,6,City of Iligan,Hinaplanon,PUROK DAO 3,02/05/2024,2024,O-
Male,6,City of Iligan,Hinaplanon,PUROK DAO 3,02/05/2024,2024,O+
Male,2,City of Iligan,Tubod,PUROK MANGGA 1,02/03/2024,2024,B-
Female,23,City of Iligan,San Miguel,JAMILLE STREET,02/04/2024,2024,A-
Male,7,City of Iligan,Tipanoy,PUROK 5A,02/05/2024,2024,O+
Male,6,City of Iligan,Santiago,DOMATO RESIDENCE,02/06/2024,2024,AB+
Female,19,City of Iligan,Del Carmen,,02/07/2024,2024,O+
Female,2,City of Iligan,Dalipuga,PUROK 24-A,02/06/2024,2024,O-
Male,3,City of Iligan,Tomas L. Cabili,PUROK 7 TOMINOBO,02/06/2024,2024,AB-
Female,6,City of Iligan,Dalipuga,BLOCK 5. LOT 5 GRANDVILLE SUBD.,02/07/2024,2024,O+
Female,5,City of Iligan,Tubod,,02/06/2024,2024,B-
Female,5,City of Iligan,Tubod,,02/06/2024,2024,O+
Male,14,City of Iligan,Dalipuga,PUROK 5A PAITAN,02/09/2024,2024,O+
Male,20,City of Iligan,Ubaldo Laya,0035 PUROK MABINATION,02/08/2024,2024,O+
Male,20,City of Iligan,Ubaldo Laya,0035 PUROK MABINATION,02/08/2024,2024,O+
Male,20,City of Iligan,Ubaldo Laya,0035 PUROK MABINATION,02/08/2024,2024,B-
Male,20,City of Iligan,Ubaldo Laya,0035 PUROK MABINATION,02/08/2024,2024,A-
Male,20,City of Iligan,Ubaldo Laya,0035 PUROK MABINATION,02/08/2024,2024,A-
Male,20,City of Iligan,Ubaldo Laya,0035 PUROK MABINATION,02/08/2024,2024,B-
Male,3,City of Iligan,Tambacan,PUROK 5,02/09/2024,2024,O-
Male,10,City of Iligan,Kiwalan,PUROK 1,02/09/2024,2024,A+
Female,9,City of Iligan,Maria Cristina,PUROK 12 ZONE 4 FUENTES,02/09/2024,2024,A-
Female,7,City of Iligan,Tambacan,PUROK 1A,02/12/2024,2024,B-
Male,13,City of Iligan,San Miguel,,02/13/2024,2024,AB+
Male,13,City of Iligan,San Miguel,,02/13/2024,2024,B+
Male,2,City of Iligan,Hinaplanon,PUROK 1,02/10/2024,2024,B+
Male,9,City of Iligan,Tibanga,"INC COMPOUND, CANAWAY,",02/10/2024,2024,B-
Female,4,City of Iligan,Dalipuga,PUROK 8,02/10/2024,2024,A-
Male,23,City of Iligan,Bagong Silang,FERNDALE ST.,02/12/2024,2024,B+
Female,4,City of Iligan,Del Carmen,CURSILLOS ST. ANDRADA HEIGHTS,02/12/2024,2024,O-
Female,2,City of Iligan,Dalipuga,"GRANDVILLE SUBD, B8L5/6",02/13/2024,2024,B+
Female,57,City of Iligan,Mahayahay,,02/13/2024,2024,O-
Male,24,City of Iligan,Luinab,FLORAVILLE SUBD.,02/13/2024,2024,B+
Female,54,City of Iligan,Luinab,PUROK 1,02/13/2024,2024,O+
Female,6,City of Iligan,Ubaldo Laya,"B1, L8, DOMINIQUE SQUARE",02/13/2024,2024,O-
Female,9,City of Iligan,Ubaldo Laya,007-A,02/13/2024,2024,O+
Female,5,City of Iligan,Mahayahay,,02/14/2024,2024,O-
Female,5,City of Iligan,Mahayahay,,02/14/2024,2024,A+
Male,4,City of Iligan,Villa Verde,,02/13/2024,2024,O+
Female,34,City of Iligan,Tubod,STANFORD ST. CELDRAN VILLAGE,02/09/2024,2024,A-
Female,34,City of Iligan,Tubod,STANFORD ST. CELDRAN VILLAGE,02/09/2024,2024,A+
Male,6,City of Iligan,Santiago,PUROK 8,02/14/2024,2024,B+
Male,6,City of Iligan,Santiago,PUROK 8,02/14/2024,2024,O+
Male,9,City of Iligan,Tibanga,PUROK 13 SARAY,02/14/2024,2024,O+
Male,9,City of Iligan,Tibanga,PUROK 13 SARAY,02/14/2024,2024,B+
Male,9,City of Iligan,Tibanga,PUROK 13 SARAY,02/14/2024,2024,O+
Male,9,City of Iligan,Tibanga,PUROK 13 SARAY,02/14/2024,2024,B-
Male,9,City of Iligan,Tibanga,PUROK 13 SARAY,02/14/2024,2024,B-
Male,9,City of Iligan,Tibanga,PUROK 13 SARAY,02/14/2024,2024,A+
Male,9,City of Iligan,Tibanga,PUROK 13 SARAY,02/14/2024,2024,A-
Male,9,City of Iligan,Tibanga,PUROK 13 SARAY,02/14/2024,2024,O+
Male,9,City of Iligan,Tibanga,PUROK 13 SARAY,02/14/2024,2024,O-
Male,9,City of Iligan,Tibanga,PUROK 13 SARAY,02/14/2024,2024,O+
Male,9,City of Iligan,Tibanga,PUROK 13 SARAY,02/14/2024,2024,O+
Male,9,City of Iligan,Tibanga,PUROK 13 SARAY,02/14/2024,2024,AB-
Male,9,City of Iligan,Tibanga,PUROK 13 SARAY,02/14/2024,2024,O+
Male,9,City of Iligan,Tibanga,PUROK 13 SARAY,02/14/2024,2024,O+
Male,9,City of Iligan,Tibanga,PUROK 13 SARAY,02/14/2024,2024,O-
Male,9,City of Iligan,Tibanga,PUROK 13 SARAY,02/14/2024,2024,O+
Male,9,City of Iligan,Tibanga,PUROK 13 SARAY,02/14/2024,2024,O-
Male,9,City of Iligan,Tibanga,PUROK 13 SARAY,02/14/2024,2024,O+
Male,9,City of Iligan,Tibanga,PUROK 13 SARAY,02/14/2024,2024,AB-
Male,9,City of Iligan,Tibanga,PUROK 13 SARAY,02/14/2024,2024,O+
Male,9,City of Iligan,Tibanga,PUROK 13 SARAY,02/14/2024,2024,B+
Male,9,City of Iligan,Tibanga,PUROK 13 SARAY,02/14/2024,2024,O+
Male,9,City of Iligan,Tibanga,PUROK 13 SARAY,02/14/2024,2024,O+
Male,9,City of Iligan,Tibanga,PUROK 13 SARAY,02/14/2024,2024,B+
Male,9,City of Iligan,Tibanga,PUROK 13 SARAY,02/14/2024,2024,O+
Male,9,City of Iligan,Tibanga,PUROK 13 SARAY,02/14/2024,2024,O+
Male,9,City of Iligan,Tibanga,PUROK 13 SARAY,02/14/2024,2024,O+
Male,9,City of Iligan,Tibanga,PUROK 13 SARAY,02/14/2024,2024,B-
Male,9,City of Iligan,Tibanga,PUROK 13 SARAY,02/14/2024,2024,O+
Male,9,City of Iligan,Tibanga,PUROK 13 SARAY,02/14/2024,2024,O-
Male,9,City of Iligan,Tibanga,PUROK 13 SARAY,02/14/2024,2024,B+
Male,1,City of Iligan,Ubaldo Laya,PUROK MALIPAYON,02/10/2024,2024,O-
Male,9,City of Iligan,Upper Hinaplanon,PUROK 5,02/16/2024,2024,O-
Female,8,City of Iligan,Dalipuga,PUROK 5-A,02/14/2024,2024,A-
Female,5,City of Iligan,Upper Tominobo,PUROK 1,02/11/2024,2024,O-
Male,2,City of Iligan,Upper Hinaplanon,PUROK 2,02/12/2024,2024,AB+
Female,10,City of Iligan,Santiago,PUROK 8A,02/15/2024,2024,O-
Female,0,City of Iligan,Buru-un,"PUROK 2, MIMBALOT",02/16/2024,2024,A-
Male,0,City of Iligan,Saray,PUROK 10-A,02/15/2024,2024,O+
Female,4,City of Iligan,Palao,MONLAN,02/15/2024,2024,B+
Male,4,City of Iligan,Dalipuga,GRNDVILLE SUBD.,02/15/2024,2024,O+
Male,8,City of Iligan,Kabacsanan,ZONE 1,02/12/2024,2024,A-
Male,11,City of Iligan,Kiwalan,PUROK 9-A,02/16/2024,2024,A-
Male,47,City of Iligan,Tubod,PUROK VIOLETA ORELLANA,02/13/2024,2024,O-
Male,47,City of Iligan,Tubod,PUROK VIOLETA ORELLANA,02/13/2024,2024,O+
Female,8,City of Iligan,Maria Cristina,PUROK 31 ZONE 13,02/13/2024,2024,B+
Male,15,City of Iligan,Santa Filomena,414 ROSAS PANDAN,02/13/2024,2024,O+
Female,4,City of Iligan,Tambacan,PUROK 2,02/12/2024,2024,O+
Female,11,City of Iligan,Santiago,PUROK 8-A,02/16/2024,2024,A-
Female,12,City of Iligan,Ubaldo Laya,PUROK MATINABANGON,02/16/2024,2024,O-
Male,7,City of Iligan,Tipanoy,"PUROK 4, PINDUGANGAN",02/16/2024,2024,O-
Male,13,City of Iligan,Villa Verde,PUROK ILANG-ILANG,02/17/2024,2024,O-
Male,25,City of Iligan,Hinaplanon,6 BLISS UPPER,02/09/2024,2024,A-
Female,9,City of Iligan,Hinaplanon,"PRK.5A ,TAMBO",02/10/2024,2024,B-
Female,18,City of Iligan,Ubaldo Laya,PRK.TOLIBAS,02/14/2024,2024,AB+
Female,12,City of Iligan,Tubod,4TH EAST EXTENSION ROSARIO HEIGHTS,02/18/2024,2024,O+
Male,17,City of Iligan,Tambacan,PUROK 7A,02/18/2024,2024,O-
Male,65,City of Iligan,Santiago,#12 DON CAYETANO ST. NEW FRONTIER,02/18/2024,2024,O+
Male,16,City of Iligan,Buru-un,,02/17/2024,2024,O-
Female,9,City of Iligan,Suarez,ZONE URANUS,02/20/2024,2024,O+
Female,9,City of Iligan,Suarez,ZONE URANUS,02/20/2024,2024,O+
Female,9,City of Iligan,Suarez,ZONE URANUS,02/20/2024,2024,B-
Male,8,City of Iligan,Santa Elena,"BLOCK 19, LOT 12 STEELTOWN",02/20/2024,2024,O+
Male,6,City of Iligan,Hinaplanon,,02/19/2024,2024,O+
Female,10,City of Iligan,Santiago,,02/18/2024,2024,O-
Male,5,City of Iligan,Dalipuga,KALUBIHON,02/18/2024,2024,O-
Male,5,City of Iligan,Dalipuga,KALUBIHON,02/18/2024,2024,B+
Male,5,City of Iligan,Dalipuga,KALUBIHON,02/18/2024,2024,B+
Male,5,City of Iligan,Dalipuga,KALUBIHON,02/18/2024,2024,A-
Male,5,City of Iligan,Dalipuga,KALUBIHON,02/18/2024,2024,O-
Male,5,City of Iligan,Dalipuga,KALUBIHON,02/18/2024,2024,O+
Male,5,City of Iligan,Dalipuga,KALUBIHON,02/18/2024,2024,A-
Male,5,City of Iligan,Dalipuga,KALUBIHON,02/18/2024,2024,B-
Male,5,City of Iligan,Dalipuga,KALUBIHON,02/18/2024,2024,A-
Male,8,City of Iligan,Buru-un,,02/20/2024,2024,O+
Male,14,City of Iligan,Mandulog,,02/20/2024,2024,AB+
Male,45,City of Iligan,Tibanga,,02/21/2024,2024,O+
Male,45,City of Iligan,Tibanga,,02/21/2024,2024,A+
Female,8,City of Iligan,Del Carmen,ZONE 2B,02/06/2024,2024,O+
Female,6,City of Iligan,Luinab,PUROK 3,02/06/2024,2024,B-
Female,13,City of Iligan,Tambacan,PUROK 12,02/07/2024,2024,B+
Male,12,City of Iligan,Hinaplanon,"BAHAYAN 5,",02/20/2024,2024,O-
Male,0,City of Iligan,Kiwalan,"PUROK 10, MATUOG,",02/19/2024,2024,O-
Male,5,City of Iligan,Luinab,FLORAVILLE SUBD.,02/20/2024,2024,O+
Male,15,City of Iligan,Tomas L. Cabili,"B2, L11, CEANURI VILLAGE SUBD.",02/21/2024,2024,O+
Male,14,City of Iligan,Tibanga,PUROK 11B,02/21/2024,2024,B+
Male,2,City of Iligan,Santiago,PUROK 5-B,02/23/2024,2024,B-
Male,4,City of Iligan,Abuno,ZONE 9,02/23/2024,2024,O+
Female,9,City of Iligan,Del Carmen,PUROK 2-B,02/23/2024,2024,O+
Male,7,City of Iligan,Suarez,ZONE SATURN,02/23/2024,2024,A-
Female,27,City of Iligan,San Miguel,#23 PERMITES COMPOUND,02/20/2024,2024,A+
Female,32,City of Iligan,Palao,"0003, AGUINALDO EXT. PRK.2",02/23/2024,2024,B-
Male,10,City of Iligan,Tibanga,,02/26/2024,2024,B-
Male,10,City of Iligan,Tibanga,,02/26/2024,2024,O-
Female,13,City of Iligan,Buru-un,PUROK 11,02/23/2024,2024,O+
Male,6,City of Iligan,Upper Hinaplanon,PUROK 12,02/26/2024,2024,B+
Female,9,City of Iligan,Buru-un,# 15 PHOENIX ST. BEL AIR SUBD.,02/26/2024,2024,A+
Male,3,City of Iligan,Dalipuga,# 15 PHOENIX ST. BEL AIR SUBD.,02/24/2024,2024,AB+
Male,3,City of Iligan,Dalipuga,# 15 PHOENIX ST. BEL AIR SUBD.,02/24/2024,2024,B-
Male,3,City of Iligan,Dalipuga,# 15 PHOENIX ST. BEL AIR SUBD.,02/24/2024,2024,O+
Male,3,City of Iligan,Dalipuga,# 15 PHOENIX ST. BEL AIR SUBD.,02/24/2024,2024,O+
Male,3,City of Iligan,Dalipuga,# 15 PHOENIX ST. BEL AIR SUBD.,02/24/2024,2024,B-
Male,18,City of Iligan,Upper Tominobo,,,2024,O+
Male,18,City of Iligan,Upper Tominobo,,,2024,A-
Male,18,City of Iligan,Upper Tominobo,,,2024,O+
Female,3,City of Iligan,Upper Tominobo,"PUROK 8, DEUS CARITAS",02/26/2024,2024,O-
Male,3,City of Iligan,Kiwalan,PUROK 10,02/27/2024,2024,B-
Male,11,City of Iligan,Buru-un,PUROK 1-B,02/27/2024,2024,O-
Male,0,City of Iligan,Tibanga,PUROK 8,02/27/2024,2024,O+
Male,1,City of Iligan,Tubod,PUROK MAUSWAGON IST EAST EXTENSION,02/28/2024,2024,O+
Male,15,City of Iligan,Tipanoy,PUROK 6,02/28/2024,2024,O-
Male,15,City of Iligan,Tipanoy,PUROK 6,02/28/2024,2024,AB-
Male,15,City of Iligan,Tipanoy,PUROK 6,02/28/2024,2024,A+
Male,15,City of Iligan,Tipanoy,PUROK 6,02/28/2024,2024,O-
Male,15,City of Iligan,Tipanoy,PUROK 6,02/28/2024,2024,A-
Female,7,City of Iligan,San Roque,PUROK ORCHIDS LAMBAGUHON,02/29/2024,2024,A-
Male,12,City of Iligan,Bonbonon,PUROK 4,02/27/2024,2024,O+
Female,2,City of Iligan,Luinab,PUROK 8-A,02/28/2024,2024,O-
Male,8,City of Iligan,Luinab,PUROK 9,03/01/2024,2024,O+
Male,8,City of Iligan,Luinab,PUROK 9,03/01/2024,2024,O-
Male,0,City of Iligan,Hinaplanon,PUROK 6,03/01/2024,2024,O-
Female,12,City of Iligan,San Roque,"COOP HOUSING, LAMBAGUHON",02/24/2024,2024,A+
Male,2,City of Iligan,Ditucalan,,02/26/2024,2024,O+
Female,8,City of Iligan,Tambacan,PUROK 10,02/29/2024,2024,B+
Female,4,City of Iligan,Dalipuga,PUROK 18,03/03/2024,2024,O+
Female,6,City of Iligan,Hinaplanon,PUROK 6B,02/28/2024,2024,B+
Female,11,City of Iligan,Tubod,2ND EAST ROSARIO HEIGHTS,02/28/2024,2024,B+
Female,20,City of Iligan,Suarez,ZONE SAGUITARIUS,02/28/2024,2024,O+
Male,9,City of Iligan,Buru-un,,03/03/2024,2024,O+
Male,0,City of Iligan,Luinab,"PRK 7A, BAHAYAN",03/03/2024,2024,B+
Male,1,City of Iligan,Bagong Silang,ZONE 11,02/29/2024,2024,O+
Male,3,City of Iligan,Bagong Silang,ZONE 11,02/28/2024,2024,B+
Female,6,City of Iligan,Bagong Silang,ZONE 11,02/29/2024,2024,O-
Male,3,City of Iligan,Santiago,PRK 8B,03/02/2024,2024,O+
Male,6,City of Iligan,Hinaplanon,PRK 4,03/02/2024,2024,O-
Male,27,City of Iligan,Villa Verde,PRK SAMPAGUITA,02/28/2024,2024,O+
Male,36,City of Iligan,Santa Elena,"B1, L6,",03/03/2024,2024,O-
Female,2,City of Iligan,Mandulog,RELOADING,02/27/2024,2024,B+
Male,9,City of Iligan,Dalipuga,PRK. 8,02/28/2024,2024,O+
Female,8,City of Iligan,San Roque,PRK. 3,03/01/2024,2024,O+
Female,8,City of Iligan,San Roque,PRK. 3,03/01/2024,2024,O+
Female,9,City of Iligan,Tibanga,PUROK 12 CANAWAY,03/03/2024,2024,A-
Male,14,City of Iligan,Tubod,PUROK ILANG ILANG,03/03/2024,2024,O-
Male,8,City of Iligan,Buru-un,PUROK 5,03/03/2024,2024,O+
Female,8,City of Iligan,Upper Tominobo,PUROK 10,03/04/2024,2024,O+
Female,1,City of Iligan,Villa Verde,ROSAL-A,02/24/2024,2024,O+
Male,33,City of Iligan,Bagong Silang,ZONE 13,03/01/2024,2024,O-
Female,20,City of Iligan,Villa Verde,"MARS ST. RABAGO SUBD,",03/05/2024,2024,B-
Female,15,City of Iligan,Santiago,NEW FRONTIER COURT SUBD.,03/05/2024,2024,O-
Male,9,City of Iligan,Luinab,,03/04/2024,2024,O+
Male,5,City of Iligan,Ubaldo Laya,PUROK MALIPAYON,03/05/2024,2024,A+
Male,4,City of Iligan,Buru-un,,03/05/2024,2024,B+
Male,12,City of Iligan,Buru-un,MIMBALOT,03/05/2024,2024,O-
Male,11,City of Iligan,San Roque,PUROK ORCHIDS,03/05/2024,2024,B+
Female,10,City of Iligan,Mahayahay,PUROK LOVE AND DEVOTION,03/06/2024,2024,O+
Male,9,City of Iligan,Maria Cristina,"PUROK 29-A, ZONE 11",03/06/2024,2024,O-
Female,2,City of Iligan,Tubod,PUROK UBAAN,03/06/2024,2024,O+
Male,1,City of Iligan,Dalipuga,PUROK 22,03/05/2024,2024,B-
Male,5,City of Iligan,Ubaldo Laya,PRK MATINABANGON,03/07/2024,2024,O+
Female,5,City of Iligan,Abuno,PINDUGANGAN,03/07/2024,2024,O-
Male,5,City of Iligan,Tubod,"PUROK 2, LAKAMBINI, BARAAS,",03/07/2024,2024,O+
Female,10,City of Iligan,Mahayahay,PUROK LOVE AND DEVOTION,03/06/2024,2024,B-
Male,2,City of Iligan,Bagong Silang,ZONE 10,03/04/2024,2024,O+
Male,2,City of Iligan,Bagong Silang,ZONE 10,03/04/2024,2024,A-
Female,3,City of Iligan,Ubaldo Laya,PUROK MATINABANGON,03/06/2024,2024,O-
Female,3,City of Iligan,Ubaldo Laya,PUROK MATINABANGON,03/06/2024,2024,O-
Female,6,City of Iligan,Mahayahay,PUROK LOVE AND DEVOTION,03/06/2024,2024,O-
Female,50,City of Iligan,Palao,CORNER 6TH  ST. JUANA LLUCH SUBD,03/06/2024,2024,O+
Female,50,City of Iligan,Palao,CORNER 6TH  ST. JUANA LLUCH SUBD,03/06/2024,2024,O-
Female,50,City of Iligan,Palao,CORNER 6TH  ST. JUANA LLUCH SUBD,03/06/2024,2024,O-
Female,50,City of Iligan,Palao,CORNER 6TH  ST. JUANA LLUCH SUBD,03/06/2024,2024,O+
Female,50,City of Iligan,Palao,CORNER 6TH  ST. JUANA LLUCH SUBD,03/06/2024,2024,A-
Female,50,City of Iligan,Palao,CORNER 6TH  ST. JUANA LLUCH SUBD,03/06/2024,2024,O-
Female,50,City of Iligan,Palao,CORNER 6TH  ST. JUANA LLUCH SUBD,03/06/2024,2024,B+
Female,50,City of Iligan,Palao,CORNER 6TH  ST. JUANA LLUCH SUBD,03/06/2024,2024,B+
Female,50,City of Iligan,Palao,CORNER 6TH  ST. JUANA LLUCH SUBD,03/06/2024,2024,B-
Female,50,City of Iligan,Palao,CORNER 6TH  ST. JUANA LLUCH SUBD,03/06/2024,2024,O+
Female,50,City of Iligan,Palao,CORNER 6TH  ST. JUANA LLUCH SUBD,03/06/2024,2024,B+
Female,50,City of Iligan,Palao,CORNER 6TH  ST. JUANA LLUCH SUBD,03/06/2024,2024,O+
Female,50,City of Iligan,Palao,CORNER 6TH  ST. JUANA LLUCH SUBD,03/06/2024,2024,AB-
Female,50,City of Iligan,Palao,CORNER 6TH  ST. JUANA LLUCH SUBD,03/06/2024,2024,O-
Female,50,City of Iligan,Palao,CORNER 6TH  ST. JUANA LLUCH SUBD,03/06/2024,2024,O-
Female,50,City of Iligan,Palao,CORNER 6TH  ST. JUANA LLUCH SUBD,03/06/2024,2024,A-
Female,50,City of Iligan,Palao,CORNER 6TH  ST. JUANA LLUCH SUBD,03/06/2024,2024,A-
Female,50,City of Iligan,Palao,CORNER 6TH  ST. JUANA LLUCH SUBD,03/06/2024,2024,O+
Male,7,City of Iligan,Tubod,BLOCK 8 PUROK ILANG-ILANG,03/05/2024,2024,AB+
Female,8,City of Iligan,Mahayahay,PUROK LOVE AND DEVOTION,03/08/2024,2024,O+
Female,2,City of Iligan,Palao,DOÑA JUANA VILLAGE 542,03/02/2024,2024,O+
Female,20,City of Iligan,Tubod,10TH EAST,03/07/2024,2024,O-
Female,3,City of Iligan,Tubod,PUROK. RIVERSIDE,03/02/2024,2024,O+
Male,1,City of Iligan,Tubod,10TH EAST,03/07/2024,2024,B-
Female,12,City of Iligan,Luinab,PRK.1A,03/05/2024,2024,B-
Female,15,City of Iligan,Tipanoy,PHASE 2 LANDLESS,03/07/2024,2024,O-
Female,9,City of Iligan,Abuno,ZONE 4 ISLA VERDE,03/07/2024,2024,O+
Male,2,City of Iligan,Tibanga,PRK 15,03/08/2024,2024,O+
Male,6,City of Iligan,Ubaldo Laya,PUROK MATINABANGON,03/11/2024,2024,O-
Male,1,City of Iligan,Tambacan,PUROK 14,03/11/2024,2024,O+
Female,10,City of Iligan,Tubod,8TH ST. STO ROSARIO,03/08/2024,2024,B-
Male,3,City of Iligan,Bagong Silang,ZONE 11,03/08/2024,2024,O+
Female,16,City of Iligan,Del Carmen,ANDRADA HEIGHTS,03/09/2024,2024,B-
Female,57,City of Iligan,Tibanga,"PUROK 13, SARAY-TIBANGA",03/09/2024,2024,B+
Male,3,City of Iligan,Buru-un,PUROK 2B,03/11/2024,2024,O+
Female,4,City of Iligan,Suarez,ZONE CAPRICORN SUMAYLO,03/08/2024,2024,O-
Female,4,City of Iligan,Suarez,ZONE CAPRICORN SUMAYLO,03/08/2024,2024,B+
Female,4,City of Iligan,Suarez,ZONE CAPRICORN SUMAYLO,03/08/2024,2024,B-
Male,9,City of Iligan,Del Carmen,"BLOCK 2, LOT 8 ABIGAIL HOMES",03/09/2024,2024,O+
Male,9,City of Iligan,Del Carmen,"BLOCK 2, LOT 8 ABIGAIL HOMES",03/09/2024,2024,O+
Male,9,City of Iligan,Del Carmen,"BLOCK 2, LOT 8 ABIGAIL HOMES",03/09/2024,2024,O+
Male,9,City of Iligan,Del Carmen,"BLOCK 2, LOT 8 ABIGAIL HOMES",03/09/2024,2024,O-
Male,9,City of Iligan,Del Carmen,"BLOCK 2, LOT 8 ABIGAIL HOMES",03/09/2024,2024,O-
Male,9,City of Iligan,Del Carmen,"BLOCK 2, LOT 8 ABIGAIL HOMES",03/09/2024,2024,O+
Male,9,City of Iligan,Del Carmen,"BLOCK 2, LOT 8 ABIGAIL HOMES",03/09/2024,2024,O-
Male,9,City of Iligan,Del Carmen,"BLOCK 2, LOT 8 ABIGAIL HOMES",03/09/2024,2024,O+
Male,9,City of Iligan,Del Carmen,"BLOCK 2, LOT 8 ABIGAIL HOMES",03/09/2024,2024,A-
Male,9,City of Iligan,Del Carmen,"BLOCK 2, LOT 8 ABIGAIL HOMES",03/09/2024,2024,B+
Male,9,City of Iligan,Del Carmen,"BLOCK 2, LOT 8 ABIGAIL HOMES",03/09/2024,2024,B-
Male,0,City of Iligan,Tubod,36 PRINCETON ST. CELDRAN VILLAGE,03/09/2024,2024,B-
Female,17,City of Iligan,Tubod,"BLOCK 4, LOT 5, DOMINIQUE SQUARE",03/09/2024,2024,AB-
Female,17,City of Iligan,Tubod,"BLOCK 4, LOT 5, DOMINIQUE SQUARE",03/09/2024,2024,A-
Female,17,City of Iligan,Tubod,"BLOCK 4, LOT 5, DOMINIQUE SQUARE",03/09/2024,2024,A-
Female,17,City of Iligan,Tubod,"BLOCK 4, LOT 5, DOMINIQUE SQUARE",03/09/2024,2024,O-
Female,17,City of Iligan,Tubod,"BLOCK 4, LOT 5, DOMINIQUE SQUARE",03/09/2024,2024,AB-
Female,17,City of Iligan,Tubod,"BLOCK 4, LOT 5, DOMINIQUE SQUARE",03/09/2024,2024,B+
Female,17,City of Iligan,Tubod,"BLOCK 4, LOT 5, DOMINIQUE SQUARE",03/09/2024,2024,O+
Female,17,City of Iligan,Tubod,"BLOCK 4, LOT 5, DOMINIQUE SQUARE",03/09/2024,2024,O+
Female,17,City of Iligan,Tubod,"BLOCK 4, LOT 5, DOMINIQUE SQUARE",03/09/2024,2024,B+
Female,17,City of Iligan,Tubod,"BLOCK 4, LOT 5, DOMINIQUE SQUARE",03/09/2024,2024,B-
Female,17,City of Iligan,Tubod,"BLOCK 4, LOT 5, DOMINIQUE SQUARE",03/09/2024,2024,B+
Female,17,City of Iligan,Tubod,"BLOCK 4, LOT 5, DOMINIQUE SQUARE",03/09/2024,2024,A-
Female,17,City of Iligan,Tubod,"BLOCK 4, LOT 5, DOMINIQUE SQUARE",03/09/2024,2024,O-
Male,19,City of Iligan,Tambacan,PUROK 9,03/11/2024,2024,B+
Male,19,City of Iligan,Tambacan,PUROK 9,03/11/2024,2024,B-
Male,19,City of Iligan,Tambacan,PUROK 9,03/11/2024,2024,AB+
Male,19,City of Iligan,Tambacan,PUROK 9,03/11/2024,2024,O+
Male,19,City of Iligan,Tambacan,PUROK 9,03/11/2024,2024,B-
Male,19,City of Iligan,Tambacan,PUROK 9,03/11/2024,2024,O+
Male,19,City of Iligan,Tambacan,PUROK 9,03/11/2024,2024,A-
Male,19,City of Iligan,Tambacan,PUROK 9,03/11/2024,2024,O+
Male,19,City of Iligan,Tambacan,PUROK 9,03/11/2024,2024,O-
Female,3,City of Iligan,Suarez,ZONE VIRGO,03/11/2024,2024,B-
Female,6,City of Iligan,Suarez,ZONE SATURN,03/12/2024,2024,O+
Female,10,City of Iligan,Suarez,ZONE SATURN,03/11/2024,2024,O+
Male,13,City of Iligan,Ubaldo Laya,ADELFA EAST ST.,03/13/2024,2024,B+
Male,13,City of Iligan,Ubaldo Laya,ADELFA EAST ST.,03/13/2024,2024,A+
Male,13,City of Iligan,Ubaldo Laya,ADELFA EAST ST.,03/13/2024,2024,O+
Male,13,City of Iligan,Ubaldo Laya,ADELFA EAST ST.,03/13/2024,2024,O-
Male,13,City of Iligan,Ubaldo Laya,ADELFA EAST ST.,03/13/2024,2024,B-
Male,13,City of Iligan,Ubaldo Laya,ADELFA EAST ST.,03/13/2024,2024,B+
Male,13,City of Iligan,Ubaldo Laya,ADELFA EAST ST.,03/13/2024,2024,A+
Male,13,City of Iligan,Ubaldo Laya,ADELFA EAST ST.,03/13/2024,2024,O-
Male,13,City of Iligan,Ubaldo Laya,ADELFA EAST ST.,03/13/2024,2024,O+
Female,7,City of Iligan,Santa Filomena,"PUROK ORCHIDS, ACMAC",03/14/2024,2024,O-
Female,8,City of Iligan,Tubod,"SAMPAGUITA ST., CORPUS CHRISTI",,2024,B+
Female,8,City of Iligan,Mahayahay,PUROK LOVE AND DEVOTION,03/13/2024,2024,B+
Male,5,City of Iligan,Santiago,PUROK 8C,03/13/2024,2024,O+
Female,1,City of Iligan,Bagong Silang,ZONE 8,03/14/2024,2024,O+
Female,13,City of Iligan,Kiwalan,PUROK 10-A,03/15/2024,2024,A-
Female,13,City of Iligan,Tibanga,PRK.10,03/10/2024,2024,O+
Female,12,City of Iligan,Bagong Silang,ZONE 3,03/14/2024,2024,O+
Male,7,City of Iligan,Mahayahay,GUMAMELA 1,03/14/2024,2024,B+
Male,9,City of Iligan,Ubaldo Laya,,03/17/2024,2024,A-
Female,10,City of Iligan,Poblacion,"BENCEP APT., BADELLES ST.",03/15/2024,2024,B+
Male,6,City of Iligan,Santiago,"P-10, SANTOL ST. BALITE DRIVE",03/14/2024,2024,O-
Female,3,City of Iligan,Ubaldo Laya,,03/15/2024,2024,B-
Male,10,City of Iligan,Hinaplanon,TAMBO,03/18/2024,2024,O-
Female,12,City of Iligan,Hinaplanon,"P-2, KATIPUNAN",03/16/2024,2024,A+
Male,8,City of Iligan,Tipanoy,PUROK 1B SITIO PINDUGANGAN,03/16/2024,2024,O+
Male,8,City of Iligan,Tipanoy,PUROK 1B SITIO PINDUGANGAN,03/16/2024,2024,O+
Male,8,City of Iligan,Tipanoy,PUROK 1B SITIO PINDUGANGAN,03/16/2024,2024,O-
Male,8,City of Iligan,Tipanoy,PUROK 1B SITIO PINDUGANGAN,03/16/2024,2024,A+
Male,7,City of Iligan,Tubod,"LOT 3, BLK 16, DOÑA MARIA SUBD BARAAS",03/17/2024,2024,O+
Male,5,City of Iligan,Palao,PUROK 7,03/16/2024,2024,B+
Male,5,City of Iligan,Palao,PUROK 7,03/16/2024,2024,O+
Male,5,City of Iligan,Palao,PUROK 7,03/16/2024,2024,B+
Male,5,City of Iligan,Palao,PUROK 7,03/16/2024,2024,A-
Male,5,City of Iligan,Palao,PUROK 7,03/16/2024,2024,O-
Male,13,City of Iligan,Del Carmen,"ZONE 1B,",03/18/2024,2024,A+
Male,5,City of Iligan,Mahayahay,,03/15/2024,2024,B+
Male,8,City of Iligan,Upper Hinaplanon,,03/18/2024,2024,O+
Male,8,City of Iligan,Upper Hinaplanon,,03/18/2024,2024,O-
Female,3,City of Iligan,Luinab,"PUROK 5 ,UPPER LUINAB",02/25/2024,2024,O+
Female,0,City of Iligan,Kiwalan,PUROK 1,02/28/2024,2024,O+
Female,7,City of Iligan,Upper Hinaplanon,"PUROK 6 G ABRAGAN COMP. TAMBO, HINAPLANON",03/01/2024,2024,O+
Male,13,City of Iligan,Dalipuga,B2 L12,03/04/2024,2024,O+
Female,2,City of Iligan,Del Carmen,ABIGAIL HOMES,03/04/2024,2024,O+
Female,2,City of Iligan,Tipanoy,,03/08/2024,2024,O-
Female,17,City of Iligan,San Roque,,03/09/2024,2024,B+
Male,18,City of Iligan,Palao,0018 6TH ST. DOÑA JUANA,03/11/2024,2024,O-
Female,8,City of Iligan,Maria Cristina,,01/02/2024,2024,O+
Female,7,City of Iligan,Dalipuga,PUROK 5C,01/02/2024,2024,B-
Male,13,City of Iligan,Villa Verde,ROSAL-B,01/03/2024,2024,O+
Male,17,City of Iligan,Dalipuga,PUROK 2,01/03/2024,2024,O-
Female,23,City of Iligan,Tibanga,,01/17/2024,2024,O+
Male,2,City of Iligan,Kiwalan,PUROK 9-A,01/25/2024,2024,O-
Male,1,City of Iligan,Dalipuga,PAITAN,01/26/2024,2024,B-
Female,14,City of Iligan,Luinab,PRK. 3A,01/28/2024,2024,A-
Male,13,City of Iligan,Tipanoy,,01/29/2024,2024,O-
Female,28,City of Iligan,Ubaldo Laya,,02/02/2024,2024,B+
Female,4,City of Iligan,Ditucalan,,02/04/2024,2024,A+
Female,9,City of Iligan,Suarez,ZONE 221,02/06/2024,2024,O+
Female,16,City of Iligan,Maria Cristina,"PRK 9,ZONE 3",02/08/2024,2024,B+
Male,18,City of Iligan,Tubod,"BLK 4 LOT 5 DMS, BARAAS",02/09/2024,2024,O+
Male,12,City of Iligan,Hinaplanon,"PUROK 3, DAO",02/11/2024,2024,O+
Female,6,City of Iligan,Suarez,,02/27/2024,2024,O-
Male,2,City of Iligan,Santa Elena,"BLOCK 8, LOT 24 STEELTOWN",03/20/2024,2024,O+
Male,7,City of Iligan,Tubod,PUROK ILANG-ILANG,03/19/2024,2024,B+
Male,7,City of Iligan,Tubod,PUROK ILANG-ILANG,03/19/2024,2024,O-
Female,28,City of Iligan,Tambacan,PUROK 12,03/20/2024,2024,O+
Male,37,City of Iligan,Tubod,PUROK MANUANG,03/16/2024,2024,A-
Female,10,City of Iligan,Tubod,,02/03/2024,2024,O-
Female,5,City of Iligan,Tipanoy,"PUROK 1, BERNALES",03/19/2024,2024,O+
Female,5,City of Iligan,Tipanoy,PUROK 2,03/18/2024,2024,B+
Male,14,City of Iligan,Kiwalan,PUROK9-D,03/18/2024,2024,O+
Male,10,City of Iligan,Tomas L. Cabili,PUROK 6,03/18/2024,2024,B-
Female,8,City of Iligan,Tomas L. Cabili,5TH ST. WHITE HOUSE CEANURI VILLAGE,03/17/2024,2024,B+
Female,10,City of Iligan,Tubod,CELDRAN VILLAGE,03/21/2024,2024,O+
Female,10,City of Iligan,Tubod,CELDRAN VILLAGE,03/21/2024,2024,B+
Female,16,City of Iligan,Santa Elena,PUROK 1,03/18/2024,2024,B-
Female,21,City of Iligan,Tipanoy,PUROK 1 MIBALA,03/21/2024,2024,O+
Male,1,City of Iligan,Tubod,0047 PUROK SANTAN ORELLANA,03/21/2024,2024,O-
Female,3,City of Iligan,Dalipuga,"BLK 10 LOT 26 PHASE 2, KALUBIHON",,2024,O+
Female,7,City of Iligan,San Roque,PUROK ANTHURIUM,03/22/2024,2024,O+
Male,21,City of Iligan,Palao,PRK.5,03/17/2024,2024,O-
Female,9,City of Iligan,Ubaldo Laya,PUROK MALIPAYON,03/24/2024,2024,B+
Female,17,City of Iligan,Hinaplanon,"PUROK 9, BAYUG RIVERSIDE",03/24/2024,2024,O+
Female,5,City of Iligan,Tibanga,"PUROK 11 A, CANAWAY,",03/23/2024,2024,O+
Male,10,City of Iligan,Luinab,PUROK 2,03/25/2024,2024,O-
Female,10,City of Iligan,Ubaldo Laya,PUROK GREEN VALLEY,03/27/2024,2024,B+
Female,14,City of Iligan,Suarez,"ZONE METEOR, IKNAI",03/27/2024,2024,AB+
Male,11,City of Iligan,Ubaldo Laya,PUROK BOUGINVILLA,03/27/2024,2024,B+
Male,5,City of Iligan,Mahayahay,PUROK STA. LUCIA,03/28/2024,2024,B+
Male,11,City of Iligan,Palao,EMPIRE VILLAGE,03/29/2024,2024,O+
Female,5,City of Iligan,Upper Hinaplanon,PUROK 6,03/29/2024,2024,O+
Female,12,City of Iligan,Santiago,PUROK 8A,03/30/2024,2024,O-
Female,15,City of Iligan,Palao,#6 FLAME TREE ST.,03/24/2024,2024,B-
Male,3,City of Iligan,Bagong Silang,0039 AMETHYST RD ZONE 11,03/25/2024,2024,O-
Female,19,City of Iligan,Luinab,,03/30/2024,2024,O-
Male,33,City of Iligan,Hinaplanon,TAMBO,03/31/2024,2024,O-
Male,8,City of Iligan,Bagong Silang,ZONE 6,04/01/2024,2024,B-
Female,1,City of Iligan,Suarez,ZONE SATURN,04/01/2024,2024,AB-
Male,7,City of Iligan,Mahayahay,PUROK ASUSINA,04/01/2024,2024,O-
Male,0,City of Iligan,San Roque,PUROK ROSAL LAMBAGUHON,03/31/2024,2024,A-
Male,0,City of Iligan,San Roque,PUROK ROSAL LAMBAGUHON,03/31/2024,2024,B-
Male,0,City of Iligan,San Roque,PUROK ROSAL LAMBAGUHON,03/31/2024,2024,O-
Male,0,City of Iligan,San Roque,PUROK ROSAL LAMBAGUHON,03/31/2024,2024,B+
Male,0,City of Iligan,San Roque,PUROK ROSAL LAMBAGUHON,03/31/2024,2024,B-
Male,4,City of Iligan,Maria Cristina,PUROK 5,03/30/2024,2024,O+
Female,64,City of Iligan,Ubaldo Laya,PUROK MABINATION,04/01/2024,2024,A-
Female,6,City of Iligan,Poblacion,BAPTIST CONFERENCE CHURCH,03/30/2024,2024,O+
Female,5,City of Iligan,Mahayahay,,04/02/2024,2024,B-
Female,6,City of Iligan,Poblacion,"ZONE 7, ZAMORA ST.,",04/01/2024,2024,O+
Female,9,City of Iligan,Buru-un,TINAGO BEL-AIR,04/05/2024,2024,O-
Male,3,City of Iligan,Santa Elena,PUROK 1,04/08/2024,2024,B+
Male,34,City of Iligan,Tubod,"BLK 10, LOT 15, APITONG ST.",04/07/2024,2024,O-
Male,34,City of Iligan,Tubod,"BLK 10, LOT 15, APITONG ST.",04/07/2024,2024,O+
Male,34,City of Iligan,Tubod,"BLK 10, LOT 15, APITONG ST.",04/07/2024,2024,O-
Female,11,City of Iligan,Santa Elena,BLOCK 117 LOT 3 BAYANIHAN VILLAGE,04/03/2024,2024,O-
Female,11,City of Iligan,Santa Elena,BLOCK 117 LOT 3 BAYANIHAN VILLAGE,04/03/2024,2024,O-
Female,11,City of Iligan,Santa Elena,BLOCK 117 LOT 3 BAYANIHAN VILLAGE,04/03/2024,2024,O-
Male,4,City of Iligan,Abuno,,04/08/2024,2024,O-
Male,4,City of Iligan,Abuno,,04/08/2024,2024,O+
Female,1,City of Iligan,Maria Cristina,"ZONE 8, PUROK 19A,",04/06/2024,2024,AB-
Female,2,City of Iligan,Puga-an,,04/07/2024,2024,O+
Female,3,City of Iligan,Puga-an,,,2024,O+
Female,2,City of Iligan,Puga-an,PUROK 4,04/08/2024,2024,B+
Male,38,City of Iligan,Maria Cristina,,04/08/2024,2024,O-
Male,38,City of Iligan,Maria Cristina,,04/08/2024,2024,O-
Female,1,City of Iligan,Tubod,,04/08/2024,2024,O-
Male,6,City of Iligan,Mahayahay,BAGONG LIPUNAN,04/12/2024,2024,O+
Female,10,City of Iligan,Acmac-Mariano Badelles Sr.,PUROK GUMAMELA,04/11/2024,2024,B-
Female,10,City of Iligan,Acmac-Mariano Badelles Sr.,PUROK GUMAMELA,04/11/2024,2024,A-
Female,10,City of Iligan,Acmac-Mariano Badelles Sr.,PUROK GUMAMELA,04/11/2024,2024,A+
Female,3,City of Iligan,Santiago,"BLOCK 13, LOT 15 & 17 ORCHID HOME SUBDIVISION",04/11/2024,2024,O-
Female,5,City of Iligan,Buru-un,PUROK 2 MIMBALUT,04/13/2024,2024,O+
Female,8,City of Iligan,Mahayahay,PUROK STA. LUCIA,04/13/2024,2024,O-
Male,4,City of Iligan,Dalipuga,PUROK 10,04/15/2024,2024,O+
Male,6,City of Iligan,Tomas L. Cabili,PUROK 5-A,04/15/2024,2024,O+
Female,9,City of Iligan,Suarez,ZONE SATURN,04/14/2024,2024,O+
Male,12,City of Iligan,Tambacan,PUROK 10,04/15/2024,2024,O+
Female,2,City of Iligan,Suarez,ZONE LEO,04/13/2024,2024,O-
Male,19,City of Iligan,Buru-un,PUROK 10,04/15/2024,2024,O-
Female,27,City of Iligan,Luinab,,04/16/2024,2024,A-
Female,56,City of Iligan,Hinaplanon,PUROK 5,04/15/2024,2024,A-
Female,2,City of Iligan,Dalipuga,"PHASE 2 HABITAT, KALUBIHON",04/16/2024,2024,A-
Female,2,City of Iligan,Dalipuga,"PHASE 2 HABITAT, KALUBIHON",04/16/2024,2024,O-
Male,14,City of Iligan,Poblacion,ZONE 3,04/16/2024,2024,A-
Male,11,City of Iligan,Tubod,,04/17/2024,2024,O+
Male,11,City of Iligan,Tubod,,04/17/2024,2024,A+
Female,9,City of Iligan,Mahayahay,GENNERAL WOOD ST.,04/13/2024,2024,O+
Male,5,City of Iligan,Mandulog,PUROK 21,04/13/2024,2024,A-
Female,30,City of Iligan,Santo Rosario,ZONE 1,04/12/2024,2024,B+
Female,4,City of Iligan,Suarez,,04/11/2024,2024,A-
Male,14,City of Iligan,Tipanoy,PUROK 5A,04/17/2024,2024,O+
Female,5,City of Iligan,Santa Elena,STEELTOWN,04/14/2024,2024,B+
Male,14,City of Iligan,Suarez,ZONE MADASIGON 1,04/18/2024,2024,O+
Female,0,City of Iligan,Suarez,PUROK HILLSIDE,04/20/2024,2024,O-
Female,19,City of Iligan,San Miguel,0039 HUNTERS ROW,,2024,O+
Male,17,City of Iligan,Tubod,,04/23/2024,2024,B-
Male,17,City of Iligan,Tubod,,04/23/2024,2024,AB+
Male,18,City of Iligan,Mahayahay,PUROK ABESTILLA,04/22/2024,2024,O+
Female,1,City of Iligan,Santa Elena,,04/21/2024,2024,AB+
Female,1,City of Iligan,Santa Elena,,04/21/2024,2024,O+
Male,12,City of Iligan,Palao,PUROK 13A,04/23/2024,2024,O-
Male,33,City of Iligan,Suarez,"ZONE METEOR, IISHAI",04/26/2024,2024,O+
Male,5,City of Iligan,Ubaldo Laya,"PUROK GREEN VALLEY,",04/23/2024,2024,O+
Male,3,City of Iligan,Kiwalan,"PUROK 5,",04/24/2024,2024,B+
Male,14,City of Iligan,Tomas L. Cabili,"PUROK 18, TOMINOBO",04/25/2024,2024,B+
Female,10,City of Iligan,Dalipuga,PUROK 9,04/25/2024,2024,B-
Male,9,City of Iligan,Tomas L. Cabili,BLOCK 7 LOT 3 SCIONS SUBDIVISION,04/24/2024,2024,O-
Male,9,City of Iligan,Ditucalan,PUROK SUNFLOWER,04/23/2024,2024,B-
Male,18,City of Iligan,Tubod,PUROK MANUANG,04/25/2024,2024,B+
Male,7,City of Iligan,Buru-un,PRK.6A,04/20/2024,2024,O+
Female,27,City of Iligan,Santa Elena,PUROK 7,04/27/2024,2024,A+
Female,4,City of Iligan,Mainit,PUROK 6,04/25/2024,2024,O+
Female,20,City of Iligan,Ditucalan,#802 PUROK SUNFLOWER,04/27/2024,2024,B+
Female,24,City of Iligan,Suarez,ZONE GEMINI,04/17/2024,2024,B-
Male,11,City of Iligan,Tibanga,PUROK 8,04/28/2024,2024,B+
Female,25,City of Iligan,Tambacan,PUROK 8,05/02/2024,2024,B-
Male,6,City of Iligan,Tibanga,PUROK-13,04/27/2024,2024,O+
Female,38,City of Iligan,Tubod,CORPUS CRISTI,04/28/2024,2024,O-
Male,17,City of Iligan,Tubod,"LAVILLE SUBD,",05/01/2024,2024,O-
Female,21,City of Iligan,Maria Cristina,"PUROK 2A, ZONE 1",05/01/2024,2024,O-
Male,40,City of Iligan,Bagong Silang,,05/02/2024,2024,O-
Female,56,City of Iligan,Luinab,PUROK 2A,05/02/2024,2024,AB+
Male,12,City of Iligan,Suarez,ZONE SAGUITTARIUS,04/29/2024,2024,O-
Female,5,City of Iligan,Buru-un,,04/29/2024,2024,O+
Male,18,City of Iligan,Suarez,ZONE PISCES 1,05/01/2024,2024,O-
Male,13,City of Iligan,Tipanoy,PRK 20 PHASE 1 MARIANVILLE SUBD.,05/02/2024,2024,B+
Female,1,City of Iligan,Tipanoy,PRK.1 A BERNALES,05/02/2024,2024,A-
Male,3,City of Iligan,Bonbonon,"PUROK 5, POBLACION",05/04/2024,2024,B+
Male,6,City of Iligan,Hinaplanon,"PUROK 5 TAMBO,",05/03/2024,2024,O+
Female,65,City of Iligan,San Roque,PUROK 3A GUMAMELA,05/05/2024,2024,O-
Male,9,City of Iligan,Santiago,PUROK 9A,05/05/2024,2024,O+
Female,10,City of Iligan,Santiago,,05/05/2024,2024,AB-
Male,9,City of Iligan,Del Carmen,GREEN HEIGHTS,04/25/2024,2024,O+
Female,3,City of Iligan,Maria Cristina,"PUROK 7, ZONE 2A,",05/06/2024,2024,O-
Female,4,City of Iligan,Suarez,ZOME MADASIGON,05/09/2024,2024,O+
Female,7,City of Iligan,Santiago,PRK.5A,05/08/2024,2024,O+
Female,15,City of Iligan,Suarez,,05/10/2024,2024,O+
Female,15,City of Iligan,Suarez,,05/10/2024,2024,O-
Male,30,City of Iligan,Ditucalan,,05/10/2024,2024,B+
Male,30,City of Iligan,Ditucalan,,05/10/2024,2024,O-
Male,30,City of Iligan,Ditucalan,,05/10/2024,2024,AB-
Male,2,City of Iligan,Tambacan,PUROK 3A,05/10/2024,2024,B+
Female,81,City of Iligan,Villa Verde,RABAGO SUBD.,05/12/2024,2024,A-
Female,5,City of Iligan,Palao,JOSE ECHAVEZ COMPOUND,05/13/2024,2024,O-
Female,4,City of Iligan,Suarez,ZONE HILLSIDE,05/12/2024,2024,O-
Male,14,City of Iligan,Puga-an,PUROK 3,05/13/2024,2024,B+
Female,4,City of Iligan,Palao,PUROK 19,05/15/2024,2024,O+
Male,6,City of Iligan,Buru-un,"PUROK 2, MIMBALOT",05/15/2024,2024,O+
Female,2,City of Iligan,Dalipuga,"PUROK 8, TAG-IBO",05/15/2024,2024,O+
Female,2,City of Iligan,Mahayahay,,05/15/2024,2024,A-
Male,12,City of Iligan,Buru-un,BLK 29 LOT 3 BEL AIR STREET,05/14/2024,2024,O-
Male,15,City of Iligan,Tambacan,PUROK 7B,,2024,A-
Male,1,City of Iligan,Dalipuga,PUROK 22,,2024,B-
Male,63,City of Iligan,Tubod,"PUROK PAG-ASA, CARBIDE VILLAGE",05/11/2024,2024,O+
Male,4,City of Iligan,Upper Tominobo,PUROK 4-A CEANURI VILLAGE,05/11/2024,2024,O-
Female,10,City of Iligan,Santa Elena,PUROK 1 STEELTOWN SUBD.,05/11/2024,2024,O+
Male,8,City of Iligan,Mahayahay,"0023,PUROK LERIO 1",05/06/2024,2024,B-
Male,3,City of Iligan,Mahayahay,,05/17/2024,2024,O+
Female,12,City of Iligan,Santiago,,05/17/2024,2024,O-
Female,3,City of Iligan,Saray,PUROK 3,05/19/2024,2024,O-
Male,12,City of Iligan,Hinaplanon,PUROK 6B,05/20/2024,2024,O-
Female,5,City of Iligan,Tomas L. Cabili,PUROK 2,05/19/2024,2024,O+
Male,4,City of Iligan,Dalipuga,"PUROK 7, TAG-IBO",05/21/2024,2024,O+
Male,7,City of Iligan,Upper Tominobo,PUROK 18 A TABAY 2,05/18/2024,2024,O-
Male,7,City of Iligan,Upper Tominobo,PUROK 18 A TABAY 2,05/18/2024,2024,O+
Male,7,City of Iligan,Upper Tominobo,PUROK 18 A TABAY 2,05/18/2024,2024,A-
Male,1,City of Iligan,Tipanoy,PUROK 7,05/18/2024,2024,A+
Male,6,City of Iligan,Maria Cristina,PUROK 30,05/20/2024,2024,O-
Male,11,City of Iligan,Tambacan,PRK.7B,05/15/2024,2024,B-
Male,15,City of Iligan,Abuno,"ZONE 14, TEVES,",,2024,O-
Male,16,City of Iligan,Luinab,PUROK 3A,05/26/2024,2024,O+
Female,8,City of Iligan,Tubod,"PUROK STA. TERESITA, HINALINAN,",,2024,O-
Female,8,City of Iligan,Kiwalan,PUROK 6,05/28/2024,2024,A-
Male,31,City of Iligan,Tubod,PUROK BULOG,05/29/2024,2024,B+
Female,7,City of Iligan,Ubaldo Laya,PRK. 7,06/01/2024,2024,A-
Female,7,City of Iligan,Ubaldo Laya,PRK. 7,06/01/2024,2024,A+
Female,17,City of Iligan,Tambacan,PRK.7B,05/30/2024,2024,O+
Female,17,City of Iligan,Tambacan,PRK.7B,05/30/2024,2024,B+
Female,9,City of Iligan,Poblacion,001 ROXAS AVE.,05/31/2024,2024,O-
Female,22,City of Iligan,Mandulog,PRK 1,,2024,B+
Female,83,City of Iligan,Tubod,C-2183 CELDRAN VILLAGE,05/29/2024,2024,O-
Male,4,City of Iligan,Tomas L. Cabili,PUROK 17 HILLTOP,06/02/2024,2024,B+
Male,32,City of Iligan,Tibanga,PUROK 17,06/01/2024,2024,O+
Female,21,City of Iligan,Tomas L. Cabili,022 OBACH SUBD.,06/01/2024,2024,B+
Male,7,City of Iligan,Santa Elena,BLOCK 11 LOT 21 STEELTOWN,05/27/2024,2024,B-
Female,2,City of Iligan,Mahayahay,,06/03/2024,2024,O+
Female,2,City of Iligan,Mahayahay,,06/03/2024,2024,A+
Female,51,City of Iligan,Buru-un,PUROK 8,06/03/2024,2024,B-
Male,16,City of Iligan,Santo Rosario,ZONE 4 ANDRES LLANES ST.,05/25/2024,2024,O+
Male,16,City of Iligan,Santo Rosario,ZONE 4 ANDRES LLANES ST.,05/25/2024,2024,O+
Male,16,City of Iligan,Santo Rosario,ZONE 4 ANDRES LLANES ST.,05/25/2024,2024,O-
Male,6,City of Iligan,Del Carmen,ZONE 4,05/25/2024,2024,O+
Female,24,City of Iligan,Tibanga,,05/27/2024,2024,B-
Female,9,City of Iligan,Hinaplanon,P-8,06/04/2024,2024,O-
Male,1,City of Iligan,Tubod,0013 VILLAROSA ST. STO. NIÑO,06/06/2024,2024,B-
Female,2,City of Iligan,Luinab,P-7,06/06/2024,2024,O+
Female,33,City of Iligan,Buru-un,P-1,06/06/2024,2024,O-
Female,56,City of Iligan,Santa Elena,"BLOCK 12 LOT 20, STEELTOWN",06/06/2024,2024,O+
Female,12,City of Iligan,Buru-un,BEL AIR SUBD. MIMBALUT,06/08/2024,2024,O+
Male,1,City of Iligan,Tambacan,PUROK 7 B,06/06/2024,2024,O+
Male,9,City of Iligan,Tipanoy,PUROK 11,06/10/2024,2024,B+
Female,13,City of Iligan,Tubod,,06/08/2024,2024,B+
Female,6,City of Iligan,Maria Cristina,DITUCALAN,06/07/2024,2024,O-
Male,25,City of Iligan,Tibanga,PUROK 1,06/07/2024,2024,AB+
Female,9,City of Iligan,Tibanga,PUROK 2,06/08/2024,2024,O+
Female,2,City of Iligan,Tibanga,PUROK 1,06/09/2024,2024,O+
Female,9,City of Iligan,Del Carmen,CONCEPCION ST.,06/09/2024,2024,O-
Female,10,City of Iligan,Dalipuga,"PHASE 1, HABCORE VILLAGE, KALUBIHON,",06/10/2024,2024,O+
Male,4,City of Iligan,Buru-un,"B8, L5, BEL-AIR, MIMBALOT,",06/11/2024,2024,O-
Male,9,City of Iligan,Buru-un,"B8, L5, BEL-AIR, MIMBALOT,",06/11/2024,2024,O+
Male,0,City of Iligan,Tubod,"HARDVARD VILLAGE, CELDRAN ST.",06/12/2024,2024,O+
Female,2,City of Iligan,Santa Filomena,,,2024,O-
Male,23,City of Iligan,Luinab,PUROK 2 A MANRIQUE,06/14/2024,2024,AB+
Male,14,City of Iligan,Hindang,ZONE 12,06/16/2024,2024,O-
Male,18,City of Iligan,Suarez,MALASUIGON,06/12/2024,2024,O+
Female,56,City of Iligan,Tambacan,PRK 7,,2024,A-
Female,13,City of Iligan,Luinab,PRK 9,,2024,O+
Male,11,City of Iligan,San Miguel,PERMITES COMPOUND,06/14/2024,2024,B-
Male,1,City of Iligan,Santiago,"PUROK 10, SANTOL ST.",06/16/2024,2024,A-
Male,3,City of Iligan,Puga-an,PUROK 3,06/16/2024,2024,B+
Male,14,City of Iligan,Puga-an,PUROK 3,06/17/2024,2024,B-
Female,2,City of Iligan,Ubaldo Laya,GREENVALLEY,06/15/2024,2024,O-
Male,15,City of Iligan,Tibanga,"PUROK 2, CANAWAY",06/22/2024,2024,A-
Male,15,City of Iligan,Tibanga,"PUROK 2, CANAWAY",06/22/2024,2024,B-
Female,13,City of Iligan,Maria Cristina,"P-10, SAWALI, FUENTES,",06/23/2024,2024,O-
Female,13,City of Iligan,Luinab,ABEGAIL HOMES ANNEX II,06/24/2024,2024,O+
Female,1,City of Iligan,Palao,"PUROK 7,",06/24/2024,2024,B-
Female,24,City of Iligan,Ubaldo Laya,,06/24/2024,2024,O+
Female,24,City of Iligan,Ubaldo Laya,,06/24/2024,2024,O-
Male,8,City of Iligan,Del Carmen,"ZONE A 1, C3 ROAD",06/25/2024,2024,O+
Male,15,City of Iligan,Tubod,"TECSON APARTMENT, 3RD EAST,",06/23/2024,2024,A-
Female,28,City of Iligan,Dalipuga,,,2024,O+
Male,4,City of Iligan,Tambacan,PRK 4A,,2024,B-
Female,9,City of Iligan,Santiago,PRK 8C,,2024,A-
Male,62,City of Iligan,Tubod,"DOÑA MARIA SUBD. BARAAS,",06/26/2024,2024,O-
Male,62,City of Iligan,Tubod,"DOÑA MARIA SUBD. BARAAS,",06/26/2024,2024,A-
Male,1,City of Iligan,Ubaldo Laya,"PUROK BOUGAINVILLA,",06/27/2024,2024,B+
Female,5,City of Iligan,Maria Cristina,"P-29, ZONE 9, FUENTES,",06/27/2024,2024,O+
Female,14,City of Iligan,Kalilangan,"PUROK, UKNAYAN",06/28/2024,2024,A-
Male,10,City of Iligan,Kiwalan,PUROK 10,06/27/2024,2024,O-
Female,9,City of Iligan,Kiwalan,PUROK 6,06/24/2024,2024,B+
Male,6,City of Iligan,Ubaldo Laya,PUROK MABINATION,06/27/2024,2024,O+
Female,0,City of Iligan,Ditucalan,,06/23/2024,2024,B-
Male,29,City of Iligan,San Roque,"PHASE 2 LOT 2S EMERALD HOMES, LAMBAGUHON",06/25/2024,2024,O-
Male,10,City of Iligan,Tambacan,PUROK 7B,06/27/2024,2024,O-
Female,18,City of Iligan,Tibanga,"P-2, CANAWAY",06/30/2024,2024,O-
Female,14,City of Iligan,Suarez,"ZONE-2, ARIES,",06/30/2024,2024,B-
Male,13,City of Iligan,Ditucalan,,,2024,B+
Male,30,City of Iligan,Tomas L. Cabili,PUROK 20A,07/02/2024,2024,B+
Female,9,City of Iligan,Suarez,ZONE URANUS,07/03/2024,2024,O-
Female,4,City of Iligan,Upper Tominobo,PUROK 9 CASA VILLAGE,07/03/2024,2024,O+
Female,4,City of Iligan,Upper Tominobo,PUROK 9 CASA VILLAGE,07/03/2024,2024,A+
Female,4,City of Iligan,Upper Tominobo,PUROK 9 CASA VILLAGE,07/03/2024,2024,A-
Female,62,City of Iligan,Santiago,"COLUMBINE ST. NEW FRONTIER COURT SUBD.,",07/04/2024,2024,O-
Female,5,City of Iligan,Mahayahay,,06/30/2024,2024,O+
Female,39,City of Iligan,Suarez,ZONE PLUTO 2,07/04/2024,2024,B-
Female,39,City of Iligan,Suarez,ZONE PLUTO 2,07/04/2024,2024,O-
Female,12,City of Iligan,Tomas L. Cabili,CAMAGUE,07/01/2024,2024,O-
Female,1,City of Iligan,Tibanga,PUROK 9,07/04/2024,2024,O+
Male,14,City of Iligan,Tomas L. Cabili,PUROK  1-A CAMAGUE,07/03/2024,2024,B+
Female,5,City of Iligan,Mahayahay,PUROK ANTHURIUM,07/04/2024,2024,O+
Female,11,City of Iligan,Tambacan,PUROK 11-A MALIGAYA,07/01/2024,2024,O+
Female,11,City of Iligan,Tambacan,PUROK 11-A MALIGAYA,07/01/2024,2024,AB+
Female,15,City of Iligan,Ubaldo Laya,C3 ROAD UPPER KAPLAG,06/29/2024,2024,B-
Male,24,City of Iligan,San Miguel,0029 JORG SHEKER ST.,07/05/2024,2024,B+
Male,3,City of Iligan,Santa Elena,BLOCK3 LOT 2 STEELTOWN,07/05/2024,2024,O+
Female,15,City of Iligan,Puga-an,PRK.3,06/30/2024,2024,B+
Female,15,City of Iligan,Puga-an,PRK.3,06/30/2024,2024,B-
Female,33,City of Iligan,Tomas L. Cabili,PUROK 1A,,2024,O-
Female,33,City of Iligan,Tomas L. Cabili,PUROK 1A,,2024,O+
Female,8,City of Iligan,Digkilaan,PUROK 1 NARRA,07/04/2024,2024,B+
Female,8,City of Iligan,Digkilaan,PUROK 1 NARRA,07/04/2024,2024,O-
Female,8,City of Iligan,Digkilaan,PUROK 1 NARRA,07/04/2024,2024,A+
Female,8,City of Iligan,Digkilaan,PUROK 1 NARRA,07/04/2024,2024,O-
Female,6,City of Iligan,Tipanoy,,07/08/2024,2024,O+
Male,3,City of Iligan,San Miguel,0013 PEDRO PERMITES ROAD,07/09/2024,2024,O-
Male,13,City of Iligan,Palao,,,2024,O+
Female,44,City of Iligan,Buru-un,"PUROK 2, MIMBALOT",07/03/2024,2024,O-
Female,44,City of Iligan,Buru-un,"PUROK 2, MIMBALOT",07/03/2024,2024,B-
Male,11,City of Iligan,Tubod,SAN ANTONIO,07/12/2024,2024,B+
Male,2,City of Iligan,Maria Cristina,PENSIONER'S VILLAGE,07/09/2024,2024,O-
Female,9,City of Iligan,Poblacion,PUROK 2-B,07/12/2024,2024,O+
Female,15,City of Iligan,Buru-un,"BLOCK 17, LOT 14 TAURUS ST. BEL AIR SUBD.",07/12/2024,2024,O+
Female,15,City of Iligan,Buru-un,"BLOCK 17, LOT 14 TAURUS ST. BEL AIR SUBD.",07/12/2024,2024,O+
Male,3,City of Iligan,Suarez,ZONE ARIES 2,07/12/2024,2024,O-
Female,1,City of Iligan,Dalipuga,PUROK 7,07/13/2024,2024,A-
Female,12,City of Iligan,Upper Tominobo,PUROK 7,07/08/2024,2024,O+
Male,9,City of Iligan,Maria Cristina,0016 PUROK 24B SAWALI FUENTES,07/08/2024,2024,B-
Male,9,City of Iligan,Maria Cristina,0016 PUROK 24B SAWALI FUENTES,07/08/2024,2024,O-
Female,11,City of Iligan,Tibanga,PUROK 2 CANAWAY,07/08/2024,2024,O-
Male,12,City of Iligan,Kiwalan,PUROK 6,07/11/2024,2024,B+
Female,8,City of Iligan,Ubaldo Laya,GREEN VALLEY,07/15/2024,2024,A+
Male,4,City of Iligan,Acmac-Mariano Badelles Sr.,PUROK DAHLIA,07/15/2024,2024,O+
Male,13,City of Iligan,San Miguel,FERNDALE STREET,07/14/2024,2024,A-
Female,41,City of Iligan,Tubod,MERCY REGIONAL HOUSE,07/14/2024,2024,A-
Female,7,City of Iligan,Abuno,ZONE 19,07/14/2024,2024,O-
Female,8,City of Iligan,Tipanoy,VILLA CELESTE,07/15/2024,2024,B+
Male,17,City of Iligan,Tibanga,"P-15, CANAWAY,",07/05/2024,2024,O+
Male,7,City of Iligan,Buru-un,P-14,07/05/2024,2024,O-
Male,48,City of Iligan,Palao,P-5,07/05/2024,2024,O+
Female,11,City of Iligan,Buru-un,P-3 MIMBALOT,07/11/2024,2024,B+
Female,8,City of Iligan,Santa Elena,"B9, L21, STEEL TOWN",07/07/2024,2024,A-
Male,8,City of Iligan,Tubod,2ND EAST ROARIO HEIGHTS,07/07/2024,2024,O+
Male,16,City of Iligan,Santa Elena,BAYANIHAN VILLAGE,07/08/2024,2024,A-
Male,41,City of Iligan,Tubod,,07/08/2024,2024,A+
Female,3,City of Iligan,Hinaplanon,"PHASE 4, BAHAYAN,",07/08/2024,2024,O+
Male,29,City of Iligan,Santa Elena,PUROK ZONE II,07/05/2024,2024,O-
Female,78,City of Iligan,Luinab,LA SIERRA COMPOUND,07/09/2024,2024,O-
Male,27,City of Iligan,Suarez,,07/09/2024,2024,O-
Female,6,City of Iligan,San Miguel,0020 NORTHGATE ST.,07/10/2024,2024,B+
Male,12,City of Iligan,San Roque,"EMERALD HOMES, LAMBAGUHON,",07/10/2024,2024,B-
Male,54,City of Iligan,Santiago,PUROK 8A,07/12/2024,2024,O-
Male,2,City of Iligan,Santiago,PUROK 3,07/13/2024,2024,O-
Male,12,City of Iligan,Villa Verde,PUROK BOUGAINVILLA,07/14/2024,2024,A-
Female,27,City of Iligan,Tubod,"DURIAN STREET, PRK MABINATION",07/15/2024,2024,A-
Female,27,City of Iligan,Tubod,"DURIAN STREET, PRK MABINATION",07/15/2024,2024,AB+
Male,12,City of Iligan,Maria Cristina,"PUROK 21, FUENTES",07/16/2024,2024,O-
Female,3,City of Iligan,Tubod,"LAVILLE BARAAS,",07/14/2024,2024,O-
Male,6,City of Iligan,Del Carmen,ZONE 6A NARRA ST. ANDRADA HEIGHTS SUBDIVISION,07/18/2024,2024,O+
Female,6,City of Iligan,Del Carmen,ANDRADA HEIGHTS SUBDIVISION,07/16/2024,2024,O-
Female,22,City of Iligan,Tubod,PURDUE ST. CELDRAN VILLAGE,07/18/2024,2024,O+
Female,8,City of Iligan,Suarez,ZONE SAGITTARIUS,07/20/2024,2024,O+
Male,8,City of Iligan,Luinab,PRK.7,07/14/2024,2024,B+
Male,8,City of Iligan,Suarez,,07/14/2024,2024,O-
Male,6,City of Iligan,San Roque,PUROK ROSAL,07/21/2024,2024,O+
Female,21,City of Iligan,Tibanga,SANDBOX DAILY,07/23/2024,2024,A+
Male,33,City of Iligan,Ubaldo Laya,ZONE 12,07/23/2024,2024,O-
Female,53,City of Iligan,Acmac-Mariano Badelles Sr.,ZONE JASMINE,07/18/2024,2024,B-
Male,69,City of Iligan,Luinab,PUROK 1A,07/20/2024,2024,O-
Female,3,City of Iligan,Kiwalan,PUROK 6,07/20/2024,2024,O-
Female,36,City of Iligan,San Miguel,HUNTERS ROW,07/23/2024,2024,O+
Female,6,City of Iligan,Suarez,ZONE VENUS,07/21/2024,2024,A-
Female,6,City of Iligan,Suarez,ZONE VENUS,07/21/2024,2024,O+
Male,17,City of Iligan,Luinab,PRK.7,07/26/2024,2024,B-
Male,12,City of Iligan,Santa Filomena,PRK.SANTO NIÑO,07/27/2024,2024,O-
Male,19,City of Iligan,Hinaplanon,"PRK. 513 NEUPODA VILLAGE, TAMBO",07/24/2024,2024,O+
Female,1,City of Iligan,Tipanoy,PRK.9A,07/22/2024,2024,B+
Female,12,City of Iligan,Tipanoy,PRK. 9A,07/22/2024,2024,O-
Female,20,City of Iligan,Maria Cristina,,,2024,B-
Male,5,City of Iligan,Tomas L. Cabili,0034 CEANURI VILLAGE,07/24/2024,2024,A+
Female,26,City of Iligan,Buru-un,"B28, L28, BELAIR SUBD.",07/16/2024,2024,O+
Female,39,City of Iligan,Suarez,ZONE CANCER,07/17/2024,2024,B+
Male,12,City of Iligan,Tipanoy,"PUROK 5A, VILLA CELESTE",07/18/2024,2024,O-
Male,12,City of Iligan,Tipanoy,"PUROK 5A, VILLA CELESTE",07/18/2024,2024,O+
Female,11,City of Iligan,Del Carmen,ZONE 1A,07/18/2024,2024,O-
Female,16,City of Iligan,San Miguel,0035 M. SHEKER AVE.,07/18/2024,2024,O+
Female,13,City of Iligan,Santiago,PUROK 8A,07/18/2024,2024,A-
Female,3,City of Iligan,Santiago,PUROK 8,07/19/2024,2024,B+
Male,9,City of Iligan,Santiago,PUROK 8,07/19/2024,2024,O+
Male,2,City of Iligan,Abuno,"ZONE 8, MALINDWAG",07/20/2024,2024,B+
Male,9,City of Iligan,Santiago,PUROK 8,07/20/2024,2024,A-
Female,51,City of Iligan,Santiago,PUROK 8,07/20/2024,2024,O-
Female,8,City of Iligan,San Miguel,PUROK SUDLONON,07/20/2024,2024,B+
Female,1,City of Iligan,Kiwalan,PUROK 1,07/22/2024,2024,O-
Male,12,City of Iligan,Dalipuga,"PUROK 2, KALUBIHON",07/23/2024,2024,B-
Female,4,City of Iligan,Hinaplanon,PUROK 5B,07/23/2024,2024,B-
Male,0,City of Iligan,Tambacan,PRK 12,,2024,A-
Female,5,City of Iligan,Del Carmen,0017 OLIVE ST. PUROK 3-B,07/26/2024,2024,B+
Female,8,City of Iligan,Tambacan,PRK 12,,2024,O-
Male,3,City of Iligan,Tambacan,PRK 12,,2024,O+
Male,11,City of Iligan,Tomas L. Cabili,0037 CEANURI VILLE,07/26/2024,2024,B-
Male,2,City of Iligan,Mahayahay,ZONE 1 RIVERSIDE,07/25/2024,2024,O+
Male,14,City of Iligan,Hinaplanon,PUROK 5-B TAMBO,07/24/2024,2024,O-
Female,4,City of Iligan,Bagong Silang,ZONE 10,07/24/2024,2024,O+
Female,1,City of Iligan,Del Carmen,ZONE 3B,07/25/2024,2024,O-
Male,11,City of Iligan,Santo Rosario,GRAGEDA COMPOUND,07/25/2024,2024,A+
Female,10,City of Iligan,Santo Rosario,GRAGEDA COMPOUND,07/25/2024,2024,B+
Male,1,City of Iligan,Bagong Silang,ZONE 13,07/25/2024,2024,A+
Female,6,City of Iligan,Ditucalan,BOUGAINVILLA WHITE,07/31/2024,2024,A-
Male,40,City of Iligan,Santiago,PRK 5A,,2024,O-
Male,4,City of Iligan,Kalilangan,LANTUD,07/30/2024,2024,O+
Female,5,City of Iligan,Tambacan,P9,07/30/2024,2024,AB+
Female,11,City of Iligan,Abuno,ZONE 9,07/31/2024,2024,O-
Male,4,City of Iligan,Maria Cristina,,07/25/2024,2024,O+
Male,22,City of Iligan,Ditucalan,44-B HOUSE MPC COMPOUND,07/31/2024,2024,O-
Male,22,City of Iligan,Ditucalan,44-B HOUSE MPC COMPOUND,07/31/2024,2024,B+
Male,15,City of Iligan,Luinab,PUROK 4,07/30/2024,2024,O+
Male,11,City of Iligan,Hinaplanon,PUROK 1A,07/27/2024,2024,O+
Male,10,City of Iligan,Hinaplanon,"RIVERSIDE BAYUG,",07/29/2024,2024,O+
Male,4,City of Iligan,Kiwalan,PUROK 6,07/26/2024,2024,O+
Female,12,City of Iligan,Tipanoy,VILLA CELESTE,07/26/2024,2024,O-
Male,19,City of Iligan,Tomas L. Cabili,CEANURI VILLAGE,07/26/2024,2024,O+
Female,14,City of Iligan,Suarez,ZONE ACCESS,07/22/2024,2024,B-
Male,22,City of Iligan,Palao,"0026 DOVE STREET, ISABEL VILLAGE",07/30/2024,2024,B-
Male,22,City of Iligan,Palao,"0026 DOVE STREET, ISABEL VILLAGE",07/30/2024,2024,O+
Male,16,City of Iligan,Suarez,ZONE JUPITER,07/30/2024,2024,B+
Male,12,City of Iligan,Mahayahay,PUROK BAGONG LIPUNAN,07/29/2024,2024,O-
Female,10,City of Iligan,Abuno,ZONE 3 PANUL-IRAN,07/30/2024,2024,O-
Female,7,City of Iligan,Suarez,ZONE LEO,07/29/2024,2024,B+
Female,7,City of Iligan,Suarez,ZONE LEO,07/29/2024,2024,AB-
Male,16,City of Iligan,Maria Cristina,PENSIONER VILLAGE,07/29/2024,2024,B+
Female,19,City of Iligan,Puga-an,PRK.2A,07/30/2024,2024,B+
Male,33,City of Iligan,Tibanga,PRK.10,08/01/2024,2024,AB+
Female,8,City of Iligan,Tubod,PRK. BAUTISTA,07/31/2024,2024,O-
Female,7,City of Iligan,Suarez,ZONE METEOR IISHAI,07/31/2024,2024,B+
Female,5,City of Iligan,Hinaplanon,PUROK 6B TAMBO,07/30/2024,2024,O-
Female,5,City of Iligan,Hinaplanon,PUROK 6B TAMBO,07/30/2024,2024,A+
Female,4,City of Iligan,Abuno,"ZONE 4, ISLA VERDE",08/02/2024,2024,O-
Female,4,City of Iligan,Abuno,"ZONE 4, ISLA VERDE",08/02/2024,2024,O+
Male,5,City of Iligan,Del Carmen,GREEN HEIGHTS,08/01/2024,2024,O+
Male,5,City of Iligan,Del Carmen,GREEN HEIGHTS,08/01/2024,2024,O-
Female,9,City of Iligan,Maria Cristina,,07/31/2024,2024,O-
Female,9,City of Iligan,Maria Cristina,,07/31/2024,2024,O-
Female,9,City of Iligan,Hinaplanon,"PUROK 3A, PIONEER VILLAGE",07/30/2024,2024,O-
Female,22,City of Iligan,Acmac-Mariano Badelles Sr.,PRK TULIP,,2024,AB-
Male,16,City of Iligan,Del Carmen,ERLINDAVILLE ZONE 2-B,08/05/2024,2024,B-
Female,21,City of Iligan,Tubod,IST EAST ROSARIO HEIGHTS,08/05/2024,2024,O+
Female,84,City of Iligan,Tubod,MERCY REGIONAL HOUSE,08/05/2024,2024,O+
Male,7,City of Iligan,Buru-un,PUROK 12 TIMOGA,08/05/2024,2024,B-
Male,7,City of Iligan,Buru-un,PUROK 12 TIMOGA,08/05/2024,2024,O+
Male,7,City of Iligan,Buru-un,PUROK 12 TIMOGA,08/05/2024,2024,O+
Male,7,City of Iligan,Buru-un,PUROK 12 TIMOGA,08/05/2024,2024,O+
Male,7,City of Iligan,Buru-un,PUROK 12 TIMOGA,08/05/2024,2024,O-
Male,7,City of Iligan,Buru-un,PUROK 12 TIMOGA,08/05/2024,2024,O-
Male,7,City of Iligan,Buru-un,PUROK 12 TIMOGA,08/05/2024,2024,O+
Male,7,City of Iligan,Buru-un,PUROK 12 TIMOGA,08/05/2024,2024,O+
Male,7,City of Iligan,Buru-un,PUROK 12 TIMOGA,08/05/2024,2024,O+
Female,9,City of Iligan,Tubod,#11 LLUCH COMPOUND,08/01/2024,2024,A-
Female,32,City of Iligan,Palao,STUDYHALL DORMITEL,08/03/2024,2024,O+
Female,23,City of Iligan,Ubaldo Laya,PUROK 1 MERILA,08/04/2024,2024,O+
Female,11,City of Iligan,Poblacion,,,2024,O+
Male,18,City of Iligan,Suarez,PLUTO 2,,2024,O+
Female,5,City of Iligan,Maria Cristina,FUENTEZ,07/26/2024,2024,B-
Male,60,City of Iligan,Tibanga,,07/28/2024,2024,O+
Male,3,City of Iligan,Suarez,ZONE ARIES II,08/06/2024,2024,O+
Male,13,City of Iligan,Abuno,"ZONE 4, ISLA VERDE",08/02/2024,2024,O+
Female,5,City of Iligan,Abuno,ZONE 1,08/03/2024,2024,B-
Female,8,City of Iligan,Abuno,ZONE 16,,2024,A+
Female,7,City of Iligan,Tipanoy,PUROK 9,08/05/2024,2024,O+
Male,9,City of Iligan,Abuno,Z-9 UPPER ANAS,08/06/2024,2024,O-
Male,13,City of Iligan,Suarez,Z-JUPITER,08/06/2024,2024,O-
Female,7,City of Iligan,Santiago,"PUROK 1, SARAY",08/06/2024,2024,O+
Male,34,City of Iligan,Buru-un,MIMBALOT,08/05/2024,2024,O+
Male,34,City of Iligan,Buru-un,MIMBALOT,08/05/2024,2024,A-
Male,34,City of Iligan,Buru-un,MIMBALOT,08/05/2024,2024,A-
Male,11,City of Iligan,Luinab,"B1, L13, OLIVE HOME SUBD.",07/31/2024,2024,O+
Female,3,City of Iligan,Hinaplanon,"PUROK 8, BAHAYAN SUBD.",08/02/2024,2024,O+
Male,25,City of Iligan,Luinab,"PUROK 1, PREMIUM PLAINS,",08/02/2024,2024,O+
Male,25,City of Iligan,Luinab,"PUROK 1, PREMIUM PLAINS,",08/02/2024,2024,O+
Male,3,City of Iligan,Tipanoy,"PHASE 5B, DOÑA MARIA SUBD.",08/02/2024,2024,B+
Male,39,City of Iligan,Hinaplanon,"PUROK 6A, TAMBO,",08/03/2024,2024,O-
Male,37,City of Iligan,Tubod,"0011ACASIA ROAD, PHASE 4, DOÑA MARIA SUBD.",08/03/2024,2024,O-
Female,1,City of Iligan,Upper Tominobo,CEANURI VILLAGE,08/03/2024,2024,O-
Male,17,City of Iligan,Ditucalan,NPC COMPOUND,08/03/2024,2024,A-
Female,30,City of Iligan,Dalipuga,PUROK 19B,08/04/2024,2024,A-
Male,33,City of Iligan,Luinab,009 NSC VILLAGE PHASE 2,08/04/2024,2024,AB+
Female,79,City of Iligan,Kiwalan,PUROK 17,,2024,O+
Male,13,City of Iligan,Upper Tominobo,CEANURI VILLAGE,08/04/2024,2024,B-
Female,19,City of Iligan,Mahayahay,PUROK LOVE & DEVOTION,08/05/2024,2024,B+
Male,9,City of Iligan,Ubaldo Laya,P-2 MERILA,08/07/2024,2024,O-
Female,25,City of Iligan,Del Carmen,,,2024,B-
Female,9,City of Iligan,Maria Cristina,PUROK 20A ZONE 8 FUENTES,08/08/2024,2024,O+
Male,43,City of Iligan,Buru-un,Macapagal,08/08/2024,2024,O+
Male,6,City of Iligan,Suarez,,08/05/2024,2024,AB+
Male,12,City of Iligan,Suarez,ZONE LIBRA,08/09/2024,2024,O-
Female,22,City of Iligan,Villa Verde,PRK RIGODON,,2024,B-
Female,5,City of Iligan,Tipanoy,PRK 6A,,2024,O+
Female,28,City of Iligan,Mahayahay,PRK ABESTILLA,,2024,AB-
Female,7,City of Iligan,Tibanga,CANAWAY PUROK 3,08/09/2024,2024,O-
Male,4,City of Iligan,Del Carmen,0006 ANDRADA HEIGHTS SUBDIVISION,08/05/2024,2024,O+
Female,9,City of Iligan,Palao,DOÑA JUANA SUBDIVISION,08/07/2024,2024,B-
Male,12,City of Iligan,Palao,PUROK 5,08/05/2024,2024,O+
Female,5,City of Iligan,Suarez,ZONE PLUTO 2,08/09/2024,2024,AB+
Female,5,City of Iligan,Suarez,ZONE PLUTO 2,08/09/2024,2024,O+
Female,16,City of Iligan,Abuno,ZONE 4 ISLA VERDE,08/06/2024,2024,O+
Female,16,City of Iligan,Abuno,ZONE 4 ISLA VERDE,08/06/2024,2024,O+
Female,11,City of Iligan,Hinaplanon,PUROK 10 UPPER,08/04/2024,2024,O-
Female,11,City of Iligan,Hinaplanon,PUROK 10 UPPER,08/04/2024,2024,O+
Male,10,City of Iligan,San Miguel,PRK 3,,2024,O-
Male,70,City of Iligan,Upper Hinaplanon,,08/08/2024,2024,B+
Male,9,City of Iligan,Tubod,DOÑA MARIA SUBD. PHASE 2,08/07/2024,2024,O+
Female,1,City of Iligan,Palao,ISABEL VILLAGE,08/07/2024,2024,AB+
Male,10,City of Iligan,Dalipuga,VISTA VILLAGE,,2024,O+
Female,18,City of Iligan,Saray,PUROK 1,08/11/2024,2024,B+
Female,18,City of Iligan,Saray,PUROK 1,08/11/2024,2024,O+
Female,18,City of Iligan,Tomas L. Cabili,PUROK 5A CEANURI VILLAGE,08/13/2024,2024,O+
Male,9,City of Iligan,Mahayahay,PRK BAGONG LIPUNAN,08/11/2024,2024,B-
Male,9,City of Iligan,Mahayahay,PRK BAGONG LIPUNAN,08/11/2024,2024,O-
Male,9,City of Iligan,Mahayahay,PRK BAGONG LIPUNAN,08/11/2024,2024,O+
Female,11,City of Iligan,Tubod,"BLK 3 LOT 1 DMS, BARAAS",08/13/2024,2024,O+
Male,0,City of Iligan,Del Carmen,,,2024,A-
Female,23,City of Iligan,Digkilaan,PUROK TABLON,08/10/2024,2024,B+
Male,26,City of Iligan,Ubaldo Laya,"BLOCK 2, LOT 6 DOMINIQUE SQUARE",08/10/2024,2024,O+
Female,26,City of Iligan,Tambacan,PUROK 8A,08/08/2024,2024,AB+
Male,12,City of Iligan,Palao,026 CARDINAL STREET ISABEL VILLAGE,08/12/2024,2024,A-
Male,31,City of Iligan,Palao,GENERAL AGUINALDO EXTENSION,08/13/2024,2024,A-
Female,12,City of Iligan,Suarez,ZONE JUPITER,08/09/2024,2024,O+
Female,8,City of Iligan,Hinaplanon,PUROK 1,08/12/2024,2024,B+
Female,2,City of Iligan,Santa Elena,,,2024,O+
Female,3,City of Iligan,Del Carmen,PUROK 5,08/09/2024,2024,O-
Female,6,City of Iligan,Buru-un,"PUROK 5, BLISS",08/07/2024,2024,O-
Male,4,City of Iligan,Luinab,"PUROK 2,",08/08/2024,2024,O+
Female,12,City of Iligan,Hinaplanon,"PHASE 1, BAHAYAN, UPPER HINAPLANON,",08/08/2024,2024,A-
Female,19,City of Iligan,Palao,DOVE ST.,08/08/2024,2024,O+
Male,1,City of Iligan,Del Carmen,PUROK 4,08/09/2024,2024,B+
Male,0,City of Iligan,Upper Hinaplanon,PUROK 11,08/08/2024,2024,O-
Male,18,City of Iligan,San Miguel,MSU-IIT,08/09/2024,2024,B+
Male,20,City of Iligan,Dalipuga,"B7,L5, NEW DAY HOMES SUBD.",08/09/2024,2024,O+
Male,2,City of Iligan,Santa Filomena,"PUROK PALMERA HILSS,",08/10/2024,2024,AB-
Female,5,City of Iligan,Suarez,ZONE SATURN,08/08/2024,2024,O+
Female,10,City of Iligan,Suarez,ZONE KAUGMARAN,08/08/2024,2024,B-
Male,61,City of Iligan,Tubod,"PUROK LEGASPI, BARAAS,",08/11/2024,2024,O+
Male,8,City of Iligan,Ubaldo Laya,"PUROK 4,",08/11/2024,2024,O+
Female,3,City of Iligan,Tubod,,08/12/2024,2024,O-
Female,3,City of Iligan,San Miguel,PINESVILLE ST.,08/12/2024,2024,A-
Male,17,City of Iligan,Tubod,PUROK SAN MIGUEL,08/13/2024,2024,O+
Male,5,City of Iligan,Poblacion,0031 B SABAYLE,08/15/2024,2024,O+
Female,22,City of Iligan,Tubod,PUROK KALAYAAN ROSARIO HEIGHTS,08/15/2024,2024,O-
Male,10,City of Iligan,Hinaplanon,PRK 9,,2024,B-
Female,11,City of Iligan,Tambacan,PRK 11,,2024,B-
Male,39,City of Iligan,Tipanoy,PRK 4,,2024,O+
Female,4,City of Iligan,Tubod,FALCATA,,2024,O-
Male,5,City of Iligan,Hinaplanon,PRK 9A,,2024,AB+
Male,7,City of Iligan,Rogongon,KABONGAHAN,,2024,O-
Male,7,City of Iligan,Tubod,"PUROK 4, BAYBAY CAMAGUE",08/14/2024,2024,A-
Female,10,City of Iligan,Poblacion,"ZONE 8, COCOGROVE",08/16/2024,2024,O-
Female,9,City of Iligan,San Roque,LAMBAGUHON,08/15/2024,2024,O-
Female,12,City of Iligan,Tipanoy,PUROK 11 VILLA CELESTE,08/16/2024,2024,A+
Male,2,City of Iligan,Tubod,10TH EAST PUROK MAHARLIKA,08/14/2024,2024,B-
Female,6,City of Iligan,Luinab,PUROK 2A,08/12/2024,2024,O-
Female,4,City of Iligan,Suarez,ZONE BALITE DRIVE,08/15/2024,2024,O+
Male,13,City of Iligan,Palao,PRK.5 EMPIRE VILLAGE,08/10/2024,2024,O-
Female,14,City of Iligan,Bagong Silang,DOOR APT.ST.MARY ST.EXT,08/16/2024,2024,A+
Female,14,City of Iligan,Bagong Silang,DOOR APT.ST.MARY ST.EXT,08/16/2024,2024,O-
Female,2,City of Iligan,Abuno,ZONE 4A URBAN,08/13/2024,2024,A-
Male,67,City of Iligan,Hinaplanon,PRK.1A,08/13/2024,2024,AB-
Male,6,City of Iligan,Poblacion,15-A BADELLES ST.,08/17/2024,2024,O+
Female,6,City of Iligan,Suarez,ZONE PIECES 1,08/17/2024,2024,B+
Female,38,City of Iligan,Tomas L. Cabili,PRK 1 A CAMAGUE,,2024,B+
Female,14,City of Iligan,Tubod,2ND EAST ROSARIO HEIGHTS,08/15/2024,2024,A-
Male,37,City of Iligan,Luinab,PRK. 3A,08/14/2024,2024,O-
Male,15,City of Iligan,Palao,PRK 4,07/31/2024,2024,AB+
Female,2,City of Iligan,Palao,005E EMPIRE VILLAGE,08/15/2024,2024,O+
Male,3,City of Iligan,Tubod,,08/17/2024,2024,A-
Male,25,City of Iligan,Suarez,ZONE JUPITER,08/17/2024,2024,B+
Female,9,City of Iligan,Suarez,ZONE BALITE DRIVE,08/17/2024,2024,A+
Female,7,City of Iligan,Santa Elena,PUROK 7,08/15/2024,2024,O-
Male,12,City of Iligan,Bagong Silang,,,2024,O-
Female,8,City of Iligan,Tubod,PUROK COCA-COLA,08/15/2024,2024,B+
Male,12,City of Iligan,Mahayahay,PUROK DAMA DE NOCH,08/16/2024,2024,B-
Male,2,City of Iligan,Maria Cristina,"PUROK 31, ZONE 13 PENSIONEER'S VILLAGE",08/19/2024,2024,O-
Male,14,City of Iligan,San Miguel,PUROK SUDLONON,08/19/2024,2024,O-
Male,0,City of Iligan,Dalipuga,"PUROK 10, PHASE 3, KALUBIHON",08/18/2024,2024,O-
Male,0,City of Iligan,Dalipuga,"PUROK 10, PHASE 3, KALUBIHON",08/18/2024,2024,O+
Female,35,City of Iligan,Tambacan,PUROK 8,08/14/2024,2024,O-
Male,12,City of Iligan,Santiago,FRONTIER COURT,08/15/2024,2024,A-
Female,23,City of Iligan,Ubaldo Laya,GREEN VALLEY,08/17/2024,2024,O-
Male,9,City of Iligan,Maria Cristina,PUROK 21,08/17/2024,2024,O+
Female,1,City of Iligan,Mahayahay,PUROK MASIDLAKON,08/17/2024,2024,A+
Female,23,City of Iligan,Santa Filomena,PUROK STO. NIÑO,08/18/2024,2024,O+
Female,8,City of Iligan,Luinab,PUROK 4,08/18/2024,2024,O+
Female,8,City of Iligan,Luinab,PUROK 4,08/18/2024,2024,B-
Female,33,City of Iligan,Del Carmen,ANDRA HEIGHTS,08/18/2024,2024,B-
Female,7,City of Iligan,Palao,DOÑA JUANA,08/18/2024,2024,O+
Male,9,City of Iligan,Hinaplanon,PRK 2,,2024,B+
Female,14,City of Iligan,Tipanoy,PRK 4,,2024,B+
Male,5,City of Iligan,Tubod,PUROK SAN ANTONIO,08/18/2024,2024,B-
Female,8,City of Iligan,Abuno,"PUROK 4, ISLAVERDE",08/18/2024,2024,B+
Male,1,City of Iligan,Bagong Silang,ZONE 10,08/19/2024,2024,O+
Male,10,City of Iligan,Tipanoy,PUROK 4,08/19/2024,2024,O+
Female,11,City of Iligan,Suarez,PUROK 2,,2024,B+
Male,8,City of Iligan,Tambacan,PUROK 11,08/20/2024,2024,B+
Female,12,City of Iligan,Tambacan,PRK 8,,2024,O-
Female,0,City of Iligan,Hinaplanon,PRK 5B NEOPODA,,2024,O+
Male,30,City of Iligan,Tambacan,PRK 1,,2024,O-
Male,12,City of Iligan,Upper Hinaplanon,PRK 6,08/20/2024,2024,O+
Female,4,City of Iligan,Suarez,ZONE MATINABANGON,08/20/2024,2024,O+
Female,0,City of Iligan,San Roque,B2 L7 EMERALD HOMES SUBD. LAMBAGUHON,08/20/2024,2024,A-
Male,4,City of Iligan,Hinaplanon,,08/17/2024,2024,O-
Female,6,City of Iligan,Saray,PUROK 2,08/21/2024,2024,O+
Male,21,City of Iligan,Upper Tominobo,PUROK 9,08/21/2024,2024,B-
Female,16,City of Iligan,Palao,03 STREET DOÑA JUANA VILLAGE  PUROK 14A,08/22/2024,2024,O-
Male,4,City of Iligan,Suarez,ZONE BEVERLY HILLS,08/20/2024,2024,B-
Male,8,City of Iligan,Upper Tominobo,PUROK 6 PALM COURT SUBD,08/20/2024,2024,B-
Female,17,City of Iligan,Luinab,ZONE 12,08/19/2024,2024,A-
Male,14,City of Iligan,Abuno,"ZONE 21, ABUNO, I.C",08/21/2024,2024,A+
Female,6,City of Iligan,Tipanoy,"PUROK 5A, PINDUGANGAN, I.C.",08/21/2024,2024,O+
Male,8,City of Iligan,Buru-un,PUROK MIMBALOT,08/21/2024,2024,O+
Female,3,City of Iligan,Upper Tominobo,"PUROK 5C, DEUS, CARITAS VILL.",08/22/2024,2024,O+
Female,15,City of Iligan,Tambacan,PUROK 7,08/22/2024,2024,A+
Female,6,City of Iligan,Del Carmen,ZONE 1,08/22/2024,2024,O-
Male,3,City of Iligan,Palao,PRK.5,08/16/2024,2024,O-
Female,6,City of Iligan,Abuno,ZONE 6 MALINDAWAG,08/21/2024,2024,O+
Female,4,City of Iligan,Santo Rosario,ZONE 3,08/21/2024,2024,B-
Male,12,City of Iligan,Abuno,"ZONE 4A URBAN, ISLAVERDE",08/19/2024,2024,B+
Male,4,City of Iligan,Hinaplanon,PRK.14 UPPER,08/21/2024,2024,O-
Male,5,City of Iligan,Suarez,"0006, ZONE PLUTO 2",08/19/2024,2024,O+
Female,7,City of Iligan,Upper Hinaplanon,PUROK 6 BLISS,08/17/2024,2024,O-
Male,11,City of Iligan,Dalipuga,PUROK TAG-IBO,08/21/2024,2024,O+
Female,4,City of Iligan,Dalipuga,BLOCK 7 LOT 1,08/22/2024,2024,O+
Female,13,City of Iligan,Tubod,3RD EAST ROSARIO HEIGHTS,08/22/2024,2024,O-
Female,8,City of Iligan,Tubod,PUROK LOURDES,08/24/2024,2024,B-
Male,1,City of Iligan,Santa Elena,BAYANIHAN VILLAGE,08/21/2024,2024,O+
Female,8,City of Iligan,Tipanoy,P-5A,08/21/2024,2024,O+
Female,8,City of Iligan,Tipanoy,P-5A,08/21/2024,2024,A+
Male,16,City of Iligan,Upper Tominobo,P-17 HILLTOP,08/21/2024,2024,O-
Male,16,City of Iligan,Upper Tominobo,P-17 HILLTOP,08/21/2024,2024,B+
Male,11,City of Iligan,Tambacan,PUROK 9,08/24/2024,2024,O-
Male,7,City of Iligan,Kiwalan,PUROK 3,08/22/2024,2024,B+
Female,7,City of Iligan,Poblacion,ZONE COCOGROVE,08/22/2024,2024,O+
Female,3,City of Iligan,Ubaldo Laya,PUROK GREENHILLS,08/23/2024,2024,B-
Male,3,City of Iligan,Palao,CARDINAL ST.,08/24/2024,2024,O-
Male,7,City of Iligan,Maria Cristina,"PUROK 26, CURVADA",08/24/2024,2024,O+
Female,12,City of Iligan,Maria Cristina,"ZONE 3, FUENTES",08/25/2024,2024,O-
Male,14,City of Iligan,Santiago,PRK 7,,2024,O-
Female,20,City of Iligan,Kabacsanan,PRK 11,,2024,B-
Male,6,City of Iligan,Upper Tominobo,PUROK 18 A,08/26/2024,2024,O+
Male,7,City of Iligan,Kiwalan,PRK 6,,2024,O-
Female,0,City of Iligan,Suarez,,08/10/2024,2024,O+
Female,8,City of Iligan,Ubaldo Laya,,,2024,O-
Male,4,City of Iligan,Dalipuga,PUROK 19A,08/23/2024,2024,O+
Female,2,City of Iligan,Tubod,"10TH EAST, ROSARIO HEIGHTS,",08/21/2024,2024,O-
Female,12,City of Iligan,Suarez,"LOT 16, STEEL TOWN,",08/23/2024,2024,A+
Female,13,City of Iligan,Puga-an,"PUROK 5,",08/22/2024,2024,O+
Male,7,City of Iligan,Kiwalan,"BAMBOO ST, PUROK 4",08/24/2024,2024,O+
Male,10,City of Iligan,Dalipuga,PRK VISTA VILLAGE,,2024,B-
Female,65,City of Iligan,Suarez,ZONE GREENHILLS,08/26/2024,2024,O+
Male,7,City of Iligan,Dalipuga,"PUROK 7, HABITAT, PHASE 1, KALUBIHON,",08/26/2024,2024,O+
Male,14,City of Iligan,San Miguel,MILESTONE DRIVE,08/26/2024,2024,O-
Female,30,City of Iligan,Del Carmen,ANDRADA HEIGHTS SUBD.,08/26/2024,2024,O-
Male,2,City of Iligan,Tibanga,PUROK 8 CANAWAY,08/17/2024,2024,O+
Female,7,City of Iligan,Del Carmen,ZONE 3A,08/26/2024,2024,O+
Female,0,City of Iligan,Hinaplanon,PUROK 6,08/23/2024,2024,B-
Female,11,City of Iligan,Upper Tominobo,PRK 11,,2024,B-
Male,10,City of Iligan,Hinaplanon,PUROK 3,08/27/2024,2024,O-
Female,3,City of Iligan,Tipanoy,PUROK 11,08/27/2024,2024,O+
Male,11,City of Iligan,Abuno,ZONE 11,08/27/2024,2024,B+
Male,12,City of Iligan,Suarez,TANGKE,08/27/2024,2024,O+
Female,26,City of Iligan,Luinab,PUROK 1,,2024,O-
Female,30,City of Iligan,Palao,P-SAN PEDRO LA SALLE ROAD,08/26/2024,2024,B+
Female,5,City of Iligan,Tubod,"PATES COMPOUND, NOVILLE",08/25/2024,2024,O+
Female,4,City of Iligan,Tipanoy,PRK 9A,08/27/2024,2024,O+
Male,12,City of Iligan,Luinab,,,2024,O+
Male,7,City of Iligan,Abuno,ZONE 19,08/28/2024,2024,O+
Male,8,City of Iligan,Buru-un,"PUROK 3, TONGGO",08/28/2024,2024,O-
Male,3,City of Iligan,Mahayahay,PUROK DAMA DE NOCHE,,2024,O+
Male,9,City of Iligan,Kiwalan,PUROK 4,,2024,O+
Male,3,City of Iligan,Tambacan,PUROK 7-A,08/28/2024,2024,B-
Male,13,City of Iligan,Abuno,,,2024,A+
Male,3,City of Iligan,Buru-un,,,2024,O-
Female,19,City of Iligan,Mandulog,PRK 30,,2024,A+
Female,5,City of Iligan,Palao,PUROK 15,08/29/2024,2024,O-
Female,2,City of Iligan,Buru-un,PUROK 2,08/29/2024,2024,O+
Female,5,City of Iligan,Santa Filomena,PUROK DURANTA B,08/22/2024,2024,A+
Male,10,City of Iligan,Del Carmen,ANDRADA HEIGHTS SUBDIVISION,08/25/2024,2024,O-
Male,3,City of Iligan,Hinaplanon,PUROK 4-A TAMBO,08/29/2024,2024,O+
Female,8,City of Iligan,Upper Hinaplanon,,08/26/2024,2024,O-
Female,8,City of Iligan,Upper Hinaplanon,,08/26/2024,2024,B+
Female,5,City of Iligan,Hinaplanon,PUROK 5A TAMBO,08/28/2024,2024,B-
Female,8,City of Iligan,Upper Hinaplanon,PUROK 6,08/27/2024,2024,O+
Female,5,City of Iligan,Maria Cristina,Zone 8,08/29/2024,2024,B-
Male,5,City of Iligan,Hinaplanon,PUROK 3A BAO,08/30/2024,2024,B-
Female,5,City of Iligan,Tubod,PUROK ILANG-ILANG,08/29/2024,2024,O+
Male,5,City of Iligan,Luinab,MANRIQUE,08/26/2024,2024,O+
Male,41,City of Iligan,Maria Cristina,PUROK 1,,2024,B+
Female,18,City of Iligan,Digkilaan,PUROK 4,,2024,O+
Female,8,City of Iligan,Upper Hinaplanon,PUROK 8,08/30/2024,2024,O+
Male,7,City of Iligan,Abuno,"ZONE 4, ISLA VERDE",08/30/2024,2024,O+
Male,5,City of Iligan,Saray,PUROK 3,08/30/2024,2024,A-
Female,7,City of Iligan,Villa Verde,PUROK SAMPAGUITA,08/30/2024,2024,B-
Female,4,City of Iligan,Suarez,ZONE MARS,08/30/2024,2024,A+
Female,8,City of Iligan,Upper Hinaplanon,PRK.7,08/23/2024,2024,O+
Female,6,City of Iligan,Abuno,"ZONE 4, ISLA VERDE",08/27/2024,2024,O-
Female,6,City of Iligan,Abuno,"ZONE 4, ISLA VERDE",08/27/2024,2024,O+
Male,0,City of Iligan,San Miguel,PRK.SUDLUNON,08/29/2024,2024,AB+
Male,4,City of Iligan,Ubaldo Laya,PRK.MALIPAYON,08/29/2024,2024,B+
Male,7,City of Iligan,Saray,PRK.4,08/28/2024,2024,B+
Male,11,City of Iligan,Suarez,ZONE ORCHIDS,08/31/2024,2024,O+
Female,69,City of Iligan,Santa Elena,,08/14/2024,2024,B+
Male,3,City of Iligan,Abuno,,08/11/2024,2024,O+
Female,12,City of Iligan,Rogongon,P-BADAG,09/02/2024,2024,O+
Female,15,City of Iligan,Tubod,"PUROK 2 , BLOCK 5 BARAAS",08/29/2024,2024,O+
Female,21,City of Iligan,Upper Tominobo,BLOCK 6 LOT 31 4TH ST. CEANURI VILLAGE,08/31/2024,2024,O+
Male,0,City of Iligan,Bagong Silang,ZONE 8,09/01/2024,2024,O+
Male,8,City of Iligan,Tomas L. Cabili,COCA COLA,,2024,O+
Male,13,City of Iligan,Suarez,ZONE MARS,09/02/2024,2024,O-
Male,9,City of Iligan,Luinab,P-5 UPPER LUINAB,09/02/2024,2024,O+
Male,5,City of Iligan,Suarez,P-ORCHIDS,09/02/2024,2024,A-
Female,23,City of Iligan,Acmac-Mariano Badelles Sr.,PUROK CATHLEYA,08/31/2024,2024,O+
Male,5,City of Iligan,Mahayahay,BAYANIHAN,,2024,B-
Female,11,City of Iligan,Mahayahay,,08/22/2024,2024,A-
Female,3,City of Iligan,Suarez,,08/24/2024,2024,O+
Male,6,City of Iligan,Maria Cristina,,08/25/2024,2024,O-
Male,12,City of Iligan,Buru-un,P-3 TONGGO,09/03/2024,2024,O+
Male,8,City of Iligan,Hinaplanon,PUROK 13,09/04/2024,2024,O-
Female,8,City of Iligan,Suarez,ZONE SATURN,09/03/2024,2024,O+
Female,2,City of Iligan,Santa Elena,"P-2 D B-5, L-12",09/03/2024,2024,A-
Male,1,City of Iligan,Mahayahay,PRK SAMPAGUITA,08/29/2024,2024,B+
Female,4,City of Iligan,Saray,0025-A JARIOL DRIVE,08/31/2024,2024,AB+
Female,28,City of Iligan,Luinab,BAHAYAN,09/03/2024,2024,O+
Female,28,City of Iligan,Luinab,BAHAYAN,09/03/2024,2024,A-
Female,19,City of Iligan,Luinab,"BLK 9, LOT 16, BAHAYAN 7",08/30/2024,2024,O-
Female,12,City of Iligan,Santa Filomena,PRK. MAGBANWAG,09/01/2024,2024,B+
Female,18,City of Iligan,Tambacan,,08/14/2024,2024,O+
Female,32,City of Iligan,Bagong Silang,,,2024,O+
Female,8,City of Iligan,Hinaplanon,PUROK 1,09/04/2024,2024,AB+
Female,2,City of Iligan,Tambacan,,08/28/2024,2024,B+
Female,7,City of Iligan,Luinab,PUROK 8,08/28/2024,2024,O+
Female,0,City of Iligan,Maria Cristina,"PUROK 26, ZONE 11",08/28/2024,2024,O-
Male,34,City of Iligan,Tubod,PUROK LOURDES,08/28/2024,2024,O+
Male,58,City of Iligan,Puga-an,CITY EMPLOYEES VILLAGE,08/29/2024,2024,B-
Female,9,City of Iligan,Santiago,"B3L4, ORCHIDS HOMES",08/29/2024,2024,O-
Male,32,City of Iligan,Santiago,ORCHIDS HOME,08/29/2024,2024,O-
Female,8,City of Iligan,Tomas L. Cabili,CEANURI VILLAGE,08/29/2024,2024,B-
Female,8,City of Iligan,Tomas L. Cabili,CEANURI VILLAGE,08/29/2024,2024,O+
Male,52,City of Iligan,Upper Tominobo,007B DAGUISONAN ST.,08/29/2024,2024,B+
Female,19,City of Iligan,Upper Tominobo,007B DAGUISONAN ST.,08/29/2024,2024,O+
Male,18,City of Iligan,Tipanoy,"DMS PHASE 5,",08/29/2024,2024,O+
Male,21,City of Iligan,Suarez,"BEVERLY HILLS,",08/30/2024,2024,O-
Male,1,City of Iligan,Santa Elena,"B1L8, STEEL TOWN,",08/31/2024,2024,O+
Female,1,City of Iligan,Santa Filomena,DIAMOND VILLAGE,08/31/2024,2024,O+
Male,6,City of Iligan,Santiago,,09/01/2024,2024,AB-
Male,31,City of Iligan,Tubod,"PUROK SUNRISE, CARBIDE VILLAGE",09/02/2024,2024,B-
Female,7,City of Iligan,Tubod,PUROK MANGGA,09/03/2024,2024,O-
Male,3,City of Iligan,Tubod,"DMS, BARA-AS,",09/03/2024,2024,O+
Male,55,City of Iligan,Hinaplanon,"PUROK 5, TAMBO,",09/04/2024,2024,A-
Male,55,City of Iligan,Hinaplanon,"PUROK 5, TAMBO,",09/04/2024,2024,O-
Female,2,City of Iligan,Dalipuga,PUROK 7,09/05/2024,2024,O-
Male,11,City of Iligan,Upper Tominobo,PUROK 18A,09/05/2024,2024,B-
Male,7,City of Iligan,Villa Verde,PUROK SAN FRANCISCO,09/05/2024,2024,O+
Female,12,City of Iligan,Tambacan,PRK 8A,,2024,O+
Male,5,City of Iligan,Buru-un,PRK 5,,2024,A+
Female,7,City of Iligan,Hinaplanon,PUROK 7,09/05/2024,2024,O-
Female,10,City of Iligan,Dalipuga,PUROK 19,09/06/2024,2024,O-
Female,3,City of Iligan,Bagong Silang,ZONE 13,09/05/2024,2024,O-
Male,8,City of Iligan,Hinaplanon,P-5B NEOPOLDA,09/05/2024,2024,O+
Male,13,City of Iligan,Abuno,ZONE 1,09/05/2024,2024,O+
Female,60,City of Iligan,Poblacion,,09/01/2024,2024,O+
Female,2,City of Iligan,Maria Cristina,,,2024,B-
Male,6,City of Iligan,Villa Verde,"DOOR 3, BANADA APARTMENT, PUROK ORCHIDS",09/03/2024,2024,O-
Male,4,City of Iligan,Palao,PRK.16,09/01/2024,2024,A-
Male,4,City of Iligan,Palao,PRK.5,09/01/2024,2024,O-
Male,13,City of Iligan,Palao,"AGUINALDO, EXT.",08/28/2024,2024,O+
Male,12,City of Iligan,Palao,#0007 GREGORIO LLUCH,09/04/2024,2024,O+
Female,9,City of Iligan,Del Carmen,001 ZONE 1B,09/04/2024,2024,B+
Female,9,City of Iligan,Del Carmen,001 ZONE 1B,09/04/2024,2024,O+
Male,12,City of Iligan,Ubaldo Laya,PRK. GREENFIELDS,08/31/2024,2024,B+
Male,1,City of Iligan,Buru-un,PRK.10,09/02/2024,2024,B-
Female,0,City of Iligan,Dalipuga,PUROK 3,09/06/2024,2024,B-
Male,5,City of Iligan,Lanipao,,09/05/2024,2024,AB+
Male,3,City of Iligan,Dalipuga,"P-9A, TAG-IBO",09/06/2024,2024,O-
Male,15,City of Iligan,Luinab,P2A LARANJO SUBDIVISION,09/04/2024,2024,O-
Female,9,City of Iligan,Suarez,ZONE AQUARIUS,09/05/2024,2024,O+
Male,5,City of Iligan,Buru-un,P-4,09/05/2024,2024,A-
Male,15,City of Iligan,Abuno,Z-4 ISLAVERDE,09/04/2024,2024,O-
Male,13,City of Iligan,Kiwalan,PUROK 6,08/31/2024,2024,A+
Female,11,City of Iligan,Santiago,,08/22/2024,2024,O+
Male,14,City of Iligan,Tipanoy,PUROK 3,09/06/2024,2024,AB+
Female,10,City of Iligan,Abuno,PUROK MADASIGON,09/08/2024,2024,AB+
Male,11,City of Iligan,Hinaplanon,PUROK-5 A,09/08/2024,2024,B-
Male,2,City of Iligan,Suarez,ZONE 1,09/08/2024,2024,O-
Male,2,City of Iligan,Ditucalan,,09/05/2024,2024,B-
Female,11,City of Iligan,Ubaldo Laya,PUROK 4,,2024,O+
Male,7,City of Iligan,Hinaplanon,PUROK 1,09/10/2024,2024,A+
Male,7,City of Iligan,Luinab,"BLOCK 10 LOT 9, BAHAYAN",09/10/2024,2024,B+
Female,17,City of Iligan,Maria Cristina,ZONE 1,09/09/2024,2024,O-
Female,5,City of Iligan,Abuno,ZONE 19 COLASA,09/10/2024,2024,O+
Female,5,City of Iligan,Abuno,ZONE 19 COLASA,09/10/2024,2024,B-
Male,1,City of Iligan,Villa Verde,PUROK SAMPAGUITA,09/11/2024,2024,B+
Male,10,City of Iligan,Suarez,ZONE ARIES 2,09/10/2024,2024,B-
Female,4,City of Iligan,Tubod,1ST EAST,09/10/2024,2024,B-
Female,4,City of Iligan,Tubod,1ST EAST,09/10/2024,2024,O+
Female,3,City of Iligan,Dalipuga,P-3,09/08/2024,2024,B-
Female,7,City of Iligan,Palao,,,2024,A-
Male,20,City of Iligan,Tambacan,,09/10/2024,2024,B+
Male,6,City of Iligan,Ubaldo Laya,,09/10/2024,2024,O+
Male,13,City of Iligan,Tomas L. Cabili,,09/10/2024,2024,O-
Male,0,City of Iligan,Ubaldo Laya,BAGONG KAPLAG,09/11/2024,2024,O+
Female,18,City of Iligan,Upper Tominobo,PUROK 8 DANAO CIRCLE,09/04/2024,2024,B-
Female,5,City of Iligan,Upper Tominobo,PUROK 8 DELAS CARITAS,09/11/2024,2024,B+
Male,75,City of Iligan,Tubod,015 DOÑA JOSEFA AVENUE ROSARIO HGTS.,09/06/2024,2024,O+
Female,3,City of Iligan,Tubod,PUROK SAN ANTONIO TALIPAPA,09/05/2024,2024,O+
Female,5,City of Iligan,Bagong Silang,,09/06/2024,2024,AB+
Female,10,City of Iligan,Tibanga,,09/06/2024,2024,B+
Male,47,City of Iligan,Tambacan,"PUROK 4A,",09/07/2024,2024,O+
Male,9,City of Iligan,Suarez,ZONE MADASIGON I,09/07/2024,2024,O-
Male,7,City of Iligan,Tubod,MANGGA,,2024,A-
Female,21,City of Iligan,Palao,28 CARDINAL ST. ISABEL VILLAGE,09/08/2024,2024,B+
Male,5,City of Iligan,Palao,"H-28, CARDINAL ST.",09/09/2024,2024,A-
Female,52,City of Iligan,Dalipuga,PUROK 18 A,09/09/2024,2024,O-
Female,5,City of Iligan,Tipanoy,"PUROK 4 UPPER PINDUGAN,",09/09/2024,2024,O+
Female,4,City of Iligan,Suarez,ZONE BEGONIA,09/09/2024,2024,O+
Male,12,City of Iligan,Buru-un,"PUROK 1,",09/10/2024,2024,A-
Male,12,City of Iligan,Tubod,"PUROK MABUHAY#16, TULIP ST.",09/10/2024,2024,O+
Male,2,City of Iligan,San Miguel,"MILESTONE DRIVE,",09/11/2024,2024,B+
Female,4,City of Iligan,Del Carmen,ZONE 1B,,2024,B-
Male,9,City of Iligan,Maria Cristina,PUROK 20 FUENTES,09/11/2024,2024,O+
Male,2,City of Iligan,Upper Tominobo,PUROK 2,09/12/2024,2024,B-
Male,2,City of Iligan,Upper Tominobo,PUROK 2,09/12/2024,2024,AB+
Male,12,City of Iligan,Santa Filomena,PUROK MASIDLAKON A. PANDAN,09/12/2024,2024,O+
Male,7,City of Iligan,Abuno,ZONE 1,09/13/2024,2024,B+
Female,24,City of Iligan,Abuno,ZONE 11,,2024,B+
Female,2,City of Iligan,Tambacan,,09/12/2024,2024,O+
Male,11,City of Iligan,Tambacan,PRK 2A,,2024,O+
Male,4,City of Iligan,Poblacion,ZONE 1,09/13/2024,2024,B-
Male,9,City of Iligan,Suarez,ZONE AQUARIUS,09/12/2024,2024,A-
Male,9,City of Iligan,Suarez,ZONE AQUARIUS,09/12/2024,2024,A-
Male,3,City of Iligan,Suarez,ZONE URANUS,09/13/2024,2024,O+
Male,12,City of Iligan,Bagong Silang,ZONE 10,09/13/2024,2024,O+
Female,17,City of Iligan,Suarez,ZONE TAURUS,09/13/2024,2024,A+
Male,5,City of Iligan,Tubod,UPPER LLUCH COMPOUND,09/12/2024,2024,O+
Male,3,City of Iligan,Santa Elena,PUROK 1,09/09/2024,2024,B+
Female,41,City of Iligan,Buru-un,PUROK3A,09/11/2024,2024,A-
Female,2,City of Iligan,Suarez,ZONE MARS,09/13/2024,2024,O+
Male,1,City of Iligan,Abuno,ZONE 8 MALINDAWAG,09/15/2024,2024,B-
Female,9,City of Iligan,Ubaldo Laya,PUROK BOUGINVILLA,09/14/2024,2024,O+
Male,7,City of Iligan,Upper Hinaplanon,"PUROK 6, BLISS",09/14/2024,2024,B+
Female,8,City of Iligan,Suarez,ZONE SATURN,09/15/2024,2024,O-
Male,17,City of Iligan,Luinab,PRK.5A,09/08/2024,2024,O+
Female,3,City of Iligan,Dalipuga,PRK.6 UPPER PAITAN,09/07/2024,2024,O+
Female,27,City of Iligan,Santa Elena,"BLOCK 12, LOT 30, STEELTOWN",09/07/2024,2024,O+
Female,15,City of Iligan,Luinab,"BLOCK 9, LOT 16 BAHAYAN 7",09/09/2024,2024,A-
Female,1,City of Iligan,Dalipuga,"PAULINA HOMES SUBD. BLOCK 3, LOT 20-21",09/12/2024,2024,O+
Female,7,City of Iligan,Hinaplanon,PRK.7 UPPER HINAPLANON,09/09/2024,2024,O-
Female,39,City of Iligan,Dalipuga,PRK.6A UPPER PAITAN,09/11/2024,2024,O+
Male,4,City of Iligan,Kiwalan,ZONE 3 PUROK 9B,09/14/2024,2024,O-
Male,11,City of Iligan,Mahayahay,,09/16/2024,2024,A-
Female,3,City of Iligan,Mandulog,PUROK 18,09/16/2024,2024,O+
Male,2,City of Iligan,Santiago,PUROK 1,09/16/2024,2024,O+
Female,22,City of Iligan,Bonbonon,PUROK 5,09/16/2024,2024,O-
Male,40,City of Iligan,Tambacan,PUROK 7A,09/17/2024,2024,O+
Female,12,City of Iligan,Tibanga,SARAY-TIBANGA,09/17/2024,2024,B+
Female,11,City of Iligan,Santiago,PUROK 5A,09/17/2024,2024,A-
Female,6,City of Iligan,Dalipuga,PUROK 7,09/17/2024,2024,O-
Female,0,City of Iligan,Tibanga,PUROK 12,09/17/2024,2024,B+
Male,27,City of Iligan,Tubod,PUROK MANUANG,09/17/2024,2024,O+
Female,35,City of Iligan,San Miguel,JAMILLE ST.,09/13/2024,2024,O-
Male,26,City of Iligan,Suarez,ZONE PLUTO 1,09/13/2024,2024,O+
Male,2,City of Iligan,Acmac-Mariano Badelles Sr.,PUROK LERIO,09/13/2024,2024,O+
Male,27,City of Iligan,Tubod,"PUROK MANGGA, ZONE 1",09/13/2024,2024,O-
Male,5,City of Iligan,Suarez,ZONE PLUTO 2,09/13/2024,2024,O+
Male,12,City of Iligan,Maria Cristina,"PUROK 15, ZONE 6",09/13/2024,2024,B-
Male,0,City of Iligan,Santa Filomena,PUROK MASIDLAKON,09/13/2024,2024,O+
Female,18,City of Iligan,Poblacion,POBLACION,09/14/2024,2024,O+
Male,39,City of Iligan,Santiago,,09/14/2024,2024,B+
Male,5,City of Iligan,Maria Cristina,FUENTES,09/14/2024,2024,O+
Male,17,City of Iligan,Palao,JEFFREY ROAD,09/16/2024,2024,B+
Female,9,City of Iligan,Hinaplanon,PUROK 1,09/16/2024,2024,O+
Male,21,City of Iligan,Santiago,NEW FRONTIER COURT SUBD.,09/16/2024,2024,A-
Male,82,City of Iligan,Hinaplanon,UPPER HINAPLANON,09/17/2024,2024,O-
Female,4,City of Iligan,Tibanga,"PUROK 6, CANAWAY,",09/18/2024,2024,O-
Male,4,City of Iligan,Villa Verde,PUROK BOUGAINVILLA,09/18/2024,2024,O+
Female,5,City of Iligan,Tambacan,"PUROK 6,",09/19/2024,2024,O+
Female,2,City of Iligan,Palao,PUROK 6,09/19/2024,2024,O+
Male,9,City of Iligan,Villa Verde,PUROK ROSAL,09/19/2024,2024,B+
Male,6,City of Iligan,Tipanoy,PUROK 1-A,09/19/2024,2024,A+
Male,8,City of Iligan,Buru-un,"PUROK 1-C, MIMBALUT",09/20/2024,2024,B-
Female,3,City of Iligan,Tibanga,"PUROK 3, CANAWAY",09/19/2024,2024,O+
Female,9,City of Iligan,Upper Tominobo,"LOT.21, LOT25 SCIONS SUBD.",09/20/2024,2024,O+
Female,23,City of Iligan,Tomas L. Cabili,PRK.12,09/18/2024,2024,O+
Female,2,City of Iligan,Bagong Silang,PUROK 9A ZONE 3,09/17/2024,2024,O-
Female,2,City of Iligan,Bagong Silang,PUROK 9A ZONE 3,09/17/2024,2024,A+
Female,9,City of Iligan,Suarez,ZONE FAMILY VILLAGE,09/21/2024,2024,O+
Female,9,City of Iligan,Santa Elena,PUROK 4,09/19/2024,2024,O+
Female,12,City of Iligan,Upper Tominobo,PUROK 9,09/19/2024,2024,O+
Male,14,City of Iligan,Upper Tominobo,P-11 TOMAS CABILI,09/12/2024,2024,A-
Male,11,City of Iligan,Hinaplanon,"PK-2A KATIPUNAN, GREEN VILLAGE",09/11/2024,2024,B-
Male,10,City of Iligan,Upper Hinaplanon,,09/22/2024,2024,B+
Male,13,City of Iligan,Tubod,"DMS, BARA-AS",09/20/2024,2024,AB+
Male,3,City of Iligan,Bagong Silang,ZONE II,09/19/2024,2024,O+
Male,8,City of Iligan,Tipanoy,PUROK 3,09/22/2024,2024,O+
Female,7,City of Iligan,Santiago,,09/22/2024,2024,O+
Male,39,City of Iligan,Puga-an,"PUROK 1, TALUNTUNAN",09/24/2024,2024,O+
Male,26,City of Iligan,Poblacion,"ZONE 1, LLUCH ST.",09/23/2024,2024,O-
Female,2,City of Iligan,Hinaplanon,PUROK 3-A,,2024,AB-
Female,3,City of Iligan,Santiago,,09/17/2024,2024,O+
Female,16,City of Iligan,Tubod,28 STEELMAKERS VILLAGE,09/19/2024,2024,AB+
Male,2,City of Iligan,Tambacan,PUROK 2B,09/19/2024,2024,O+
Female,10,City of Iligan,Suarez,ZONE ARIES 2,09/18/2024,2024,O+
Male,9,City of Iligan,Suarez,ZONE ARIES 1,09/19/2024,2024,O+
Female,7,City of Iligan,Suarez,ZONE ARIES 1,09/23/2024,2024,A-
Female,15,City of Iligan,San Roque,"PUROK ROSAL, LAMBAGUHON,",09/20/2024,2024,B+
Female,19,City of Iligan,Tubod,PUROK LOURDES MANGGA STREET,09/24/2024,2024,O-
Female,1,City of Iligan,Tambacan,,09/23/2024,2024,O+
Male,11,City of Iligan,Tambacan,PUROK 8 BULOG,09/23/2024,2024,B-
Male,6,City of Iligan,Tomas L. Cabili,CAMAGUE,09/21/2024,2024,O+
Male,63,City of Iligan,Villa Verde,"MARS ST. RABAGO SUBD,",09/22/2024,2024,O+
Female,9,City of Iligan,Santa Elena,"B2,L14, BAHAYAN VILLAGE,",09/23/2024,2024,O+
Female,4,City of Iligan,Hinaplanon,"PUROK 1, UPPER HINAPLANON,",09/24/2024,2024,O-
Male,56,City of Iligan,Palao,"PUROK RIVERSIDE,",09/24/2024,2024,O+
Male,3,City of Iligan,Upper Tominobo,"PUROK 7, DANAO",09/25/2024,2024,O-
Male,3,City of Iligan,Upper Tominobo,"PUROK 7, DANAO",09/25/2024,2024,AB-
Female,9,City of Iligan,Upper Tominobo,PUROK 5,09/26/2024,2024,B-
Female,7,City of Iligan,Tibanga,PUROK 8,09/26/2024,2024,O-
Female,5,City of Iligan,Ditucalan,PRK.BOUGAINVILLA RED,09/23/2024,2024,A-
Male,5,City of Iligan,Upper Hinaplanon,PRK 5A,09/26/2024,2024,O-
Female,4,City of Iligan,Dalipuga,,09/26/2024,2024,B+
Female,5,City of Iligan,Maria Cristina,PUROK 10ZONE 4 FUENTES,09/24/2024,2024,A-
Male,11,City of Iligan,Bagong Silang,,09/25/2024,2024,O+
Male,2,City of Iligan,Acmac-Mariano Badelles Sr.,PUROK GUMAMELA,09/25/2024,2024,O-
Female,11,City of Iligan,Santiago,"NEW FRONTIER COURT SUBD.,",09/25/2024,2024,A+
Male,7,City of Iligan,Upper Tominobo,PUROK 7,09/25/2024,2024,O-
Female,3,City of Iligan,Santa Elena,"B4, L6, STEEL TOWN, SUBD.",09/25/2024,2024,O+
Male,1,City of Iligan,Hinaplanon,PUROK 5,09/26/2024,2024,A-
Male,1,City of Iligan,Hinaplanon,PUROK 5,09/26/2024,2024,O+
Male,5,City of Iligan,Tipanoy,,09/26/2024,2024,O-
Male,5,City of Iligan,Tambacan,PUROK 3A,09/28/2024,2024,O+
Male,13,City of Iligan,Suarez,ZONE ORCHIDS,09/28/2024,2024,O-
Female,10,City of Iligan,Tambacan,PUROK 4-A,09/27/2024,2024,B-
Male,7,City of Iligan,Abuno,"ZONE 17, FATIMA",09/28/2024,2024,B+
Female,16,City of Iligan,Buru-un,PUROK 10-A,09/28/2024,2024,B-
Male,13,City of Iligan,Dalipuga,"PUROK 5, ST. GODS WILL",09/30/2024,2024,O-
Female,6,City of Iligan,Tomas L. Cabili,SCIONS,,2024,B-
Male,16,City of Iligan,Bonbonon,,09/28/2024,2024,O-
Male,24,City of Iligan,Del Carmen,,09/28/2024,2024,O+
Female,40,City of Iligan,Mandulog,PUROK 16,09/29/2024,2024,B-
Female,5,City of Iligan,Suarez,PM,09/30/2024,2024,B-
Female,7,City of Iligan,Tibanga,"PUROK 13,",09/30/2024,2024,O-
Female,5,City of Iligan,Dalipuga,"PUROK 4, STO. NIÑO KALUBI,",09/30/2024,2024,O+
Female,5,City of Iligan,Dalipuga,"PUROK 4, STO. NIÑO KALUBI,",09/30/2024,2024,B-
Male,9,City of Iligan,Ubaldo Laya,GREEN VALLEY,10/01/2024,2024,O+
Male,12,City of Iligan,Santa Filomena,MAUSWAGON B,10/01/2024,2024,AB-
Female,11,City of Iligan,Suarez,,09/30/2024,2024,B+
Female,4,City of Iligan,Palao,PRK 6,09/19/2024,2024,A-
Female,53,City of Iligan,Dalipuga,PRK 1,,2024,O-
Male,2,City of Iligan,Saray,P-13,10/01/2024,2024,O-
Male,12,City of Iligan,Luinab,P-3,10/01/2024,2024,O-
Female,5,City of Iligan,Hinaplanon,P-3 DAO,09/28/2024,2024,O+
Female,5,City of Iligan,Hinaplanon,P-3 DAO,09/28/2024,2024,O-
Male,5,City of Iligan,Upper Hinaplanon,PUROK 1,09/29/2024,2024,B+
Female,8,City of Iligan,Santiago,PUROK 10 CAIMETO,10/02/2024,2024,O+
Female,7,City of Iligan,Upper Tominobo,#3 CABOT APT.,10/02/2024,2024,B-
Male,6,City of Iligan,Luinab,PUROK 4,10/02/2024,2024,O+
Male,15,City of Iligan,San Miguel,,10/01/2024,2024,B-
Male,12,City of Iligan,Tubod,NOVILLE SUBDIVISION,09/30/2024,2024,B+
Male,7,City of Iligan,Ditucalan,PUROK PAG ASA LOWER TAYTAY,10/01/2024,2024,B+
Male,14,City of Iligan,Dalipuga,PAULINA HOMES PUROK 15,10/01/2024,2024,O+
Male,14,City of Iligan,Suarez,ZONE METEOR IISHAI,10/01/2024,2024,A-
Male,0,City of Iligan,Mahayahay,STA. LUCIA,,2024,O+
Female,27,City of Iligan,Mahayahay,GENERAL WOOD ST.,09/29/2024,2024,O+
Male,4,City of Iligan,Hinaplanon,PRK.13 UPPER,09/30/2024,2024,O+
Male,4,City of Iligan,Tubod,2ND EAST ROSARIO HEIGHTS,10/02/2024,2024,O-
Female,8,City of Iligan,Tambacan,PRK.4,10/02/2024,2024,B-
Male,11,City of Iligan,Luinab,PUROK 4,09/29/2024,2024,O+
Male,4,City of Iligan,Dalipuga,KALUBIHON,10/01/2024,2024,O+
Female,4,City of Iligan,Tomas L. Cabili,CEANURI VILLAGE,10/02/2024,2024,A+
Female,11,City of Iligan,San Miguel,PERMITES COMP,10/04/2024,2024,O+
Female,8,City of Iligan,Hinaplanon,PUROK 4,,2024,A-
Male,9,City of Iligan,Mandulog,PUROK 16,,2024,A-
Female,2,City of Iligan,Tipanoy,,10/07/2024,2024,O-
Male,16,City of Iligan,Upper Hinaplanon,PRK 4,,2024,B+
Male,10,City of Iligan,Acmac-Mariano Badelles Sr.,CATLEYA,10/07/2024,2024,O+
Female,39,City of Iligan,Puga-an,PRK 5,,2024,O-
Female,32,City of Iligan,Santa Elena,SAN JUAN,,2024,A+
Male,11,City of Iligan,Santa Elena,PUROK 9,10/08/2024,2024,O-
Male,6,City of Iligan,Luinab,BAHAYAN,,2024,O+
Male,20,City of Iligan,Tipanoy,PHASE 1,,2024,O+
Male,4,City of Iligan,Hinaplanon,PRK 5 TAMBO,,2024,O+
Female,1,City of Iligan,Buru-un,PRK 11,,2024,O+
Male,4,City of Iligan,Upper Tominobo,PUROK 9,10/09/2024,2024,O-
Female,7,City of Iligan,San Roque,PUROK 1,10/09/2024,2024,O+
Male,14,City of Iligan,Tubod,#2 PAG-IBIG COMPOUND CAMAGUE,10/05/2024,2024,O+
Male,3,City of Iligan,Tubod,,10/10/2024,2024,O+
Male,3,City of Iligan,Tubod,,10/10/2024,2024,AB+
Male,8,City of Iligan,Santa Filomena,PUROK TALISAY,10/03/2024,2024,O-
Male,5,City of Iligan,Dalipuga,"PHASE 1, KALUBIHON",10/04/2024,2024,O+
Female,1,City of Iligan,Villa Verde,PUROK ROSAL A,10/05/2024,2024,O-
Female,32,City of Iligan,Suarez,ZONE VIRGO,10/05/2024,2024,B+
Female,39,City of Iligan,Luinab,"BLK. 5, LOT 7, ABEGAIL SUBD.",10/05/2024,2024,AB+
Male,4,City of Iligan,Upper Tominobo,"BLK. 4, LOT 16, SCIONS SUBD.",10/05/2024,2024,O-
Male,7,City of Iligan,Hinaplanon,"PUROK 9, BAYUG",10/07/2024,2024,B-
Male,0,City of Iligan,Maria Cristina,PUROK 30 A,10/08/2024,2024,O-
Male,20,City of Iligan,Santiago,PUROK SANTOL ST.,10/10/2024,2024,O-
Male,2,City of Iligan,Luinab,PUROK 5A,10/09/2024,2024,A+
Female,64,City of Iligan,Palao,PUROK 13A,10/09/2024,2024,B+
Male,28,City of Iligan,San Roque,,10/09/2024,2024,O+
Male,14,City of Iligan,Mandulog,PUROK 16,10/09/2024,2024,A-
Male,11,City of Iligan,San Roque,PUROK ANDRADA,10/10/2024,2024,A+
Male,3,City of Iligan,Villa Verde,PUROK SAMPAGUITA,10/10/2024,2024,O+
Male,2,City of Iligan,Tubod,"P2,B2,L2, CATLEYA, DOÑA MARIA SUBD.",10/10/2024,2024,A-
Female,15,City of Iligan,Maria Cristina,"PUROK 31, ZONE 12",10/11/2024,2024,O+
Male,14,City of Iligan,Suarez,ZONE ARIES 1,10/05/2024,2024,O-
Male,3,City of Iligan,Dalipuga,PRK 7,,2024,B-
Male,2,City of Iligan,Tubod,PUROK MAPAG-UNLAD CARBIDE VILLAGE,10/10/2024,2024,O+
Female,11,City of Iligan,Tambacan,PUROK 2B,10/09/2024,2024,B+
Female,11,City of Iligan,Tambacan,PUROK 2B,10/09/2024,2024,O+
Female,21,City of Iligan,Tomas L. Cabili,PRK.8 DANAO,10/08/2024,2024,AB+
Male,3,City of Iligan,Tambacan,PUROK 3A,10/11/2024,2024,O+
Female,3,City of Iligan,Acmac-Mariano Badelles Sr.,PUROK CATLEYA,,2024,B+
Male,6,City of Iligan,Kiwalan,PUROK 8,10/11/2024,2024,O+
Male,1,City of Iligan,Dalipuga,PUROK 14,10/07/2024,2024,B+
Male,1,City of Iligan,Luinab,BLOCK 2 LOT 5 PHASE 4 FLORAVILLE SUBDIVISION,10/07/2024,2024,O-
Male,5,City of Iligan,Mahayahay,ZONE 1 RIVERSIDE,10/08/2024,2024,A+
Female,3,City of Iligan,Kiwalan,PUROK 8,10/11/2024,2024,O+
Male,22,City of Iligan,Suarez,ZONE SCORPIO,10/05/2024,2024,O-
Male,4,City of Iligan,Bagong Silang,SDC ZONE 6,,2024,B-
Female,17,City of Iligan,Palao,0146 GEN. AGUINALDO EXTENSION,09/22/2024,2024,O-
Male,7,City of Iligan,Ditucalan,NPC COMPOUND 36-B,10/03/2024,2024,O-
Female,6,City of Iligan,Mahayahay,PRK. MASIDLAKON,10/07/2024,2024,B+
Female,3,City of Iligan,Kiwalan,P-9 B,10/10/2024,2024,AB+
Male,7,City of Iligan,Santo Rosario,ZONE 7,10/11/2024,2024,O-
Female,13,City of Iligan,Dalipuga,PRK 16A BROOKESIDE VILLAGE,10/09/2024,2024,O+
Female,31,City of Iligan,Tipanoy,PUROK 19,10/09/2024,2024,B-
Male,2,City of Iligan,Tibanga,,10/13/2024,2024,O-
Female,3,City of Iligan,Buru-un,PUROK 6A,10/13/2024,2024,O+
Male,2,City of Iligan,Tubod,PUROK SAN MIGUEL,10/10/2024,2024,O-
Male,1,City of Iligan,Tubod,DOÑA MARIA SUBDIVISION,10/09/2024,2024,O-
Male,19,City of Iligan,Tubod,"0015 LLUCH ALTEA STREET, CARBIDE VILLAGE",10/13/2024,2024,B+
Male,3,City of Iligan,Tubod,"LLUCH COMPOUND, CAMAGUE",10/15/2024,2024,AB+
Female,5,City of Iligan,Bagong Silang,,10/16/2024,2024,O+
Female,3,City of Iligan,Dalipuga,PUROK 1- KALUBIHON,,2024,AB+
Female,16,City of Iligan,Suarez,ZONE NEPTUNE,,2024,A+
Female,32,City of Iligan,Maria Cristina,PUROK 20 ZONE 8 FUENTES,10/15/2024,2024,B-
Male,3,City of Iligan,Buru-un,"PUROK 4B, MIMBALOT",10/17/2024,2024,O+
Male,3,City of Iligan,Buru-un,"PUROK 4B, MIMBALOT",10/17/2024,2024,A-
Female,28,City of Iligan,Abuno,ZONE 4A,10/11/2024,2024,O+
Male,6,City of Iligan,Buru-un,PUROK 3 MIMBALOT,10/12/2024,2024,O-
Female,3,City of Iligan,Suarez,ZONE RIO GRANDE,10/16/2024,2024,O+
Female,6,City of Iligan,Abuno,ZONE 9 UPPER ANAS,10/13/2024,2024,O+
Female,0,City of Iligan,Tomas L. Cabili,"DOOR 5 SAMAD APARTMENT, CEANURI VILLAGE",10/18/2024,2024,O+
Male,4,City of Iligan,Hinaplanon,PUROK 2 KATIPUNAN,10/15/2024,2024,O-
Female,5,City of Iligan,Tubod,PUROK LOURDES,10/19/2024,2024,O+
Male,3,City of Iligan,Abuno,ZONE 17,10/19/2024,2024,O+
Male,13,City of Iligan,Dalipuga,PUROK 7 PHASE 1 DALIPUGA,10/19/2024,2024,AB+
Female,9,City of Iligan,Bagong Silang,ZONE 6,10/19/2024,2024,A-
Male,3,City of Iligan,Tambacan,PUROK 1,10/19/2024,2024,O-
Female,34,City of Iligan,Suarez,BALITE DRIVE,,2024,A-
Female,6,City of Iligan,Upper Tominobo,,10/14/2024,2024,O+
Male,10,City of Iligan,Hinaplanon,,10/19/2024,2024,A+
Female,12,City of Iligan,Tambacan,PUROK 1,10/21/2024,2024,O+
Female,6,City of Iligan,Buru-un,"PUROK 8, BLISS",10/23/2024,2024,O+
Male,10,City of Iligan,Tipanoy,PUROK 15,10/23/2024,2024,O+
Male,9,City of Iligan,Maria Cristina,PENSION VILLAGE,10/23/2024,2024,O+
Female,38,City of Iligan,Suarez,ZONE PISCES II,10/21/2024,2024,O-
Female,14,City of Iligan,Ditucalan,LOWER TAYTAY,10/16/2024,2024,O+
Female,12,City of Iligan,Tubod,FROSTY BITES STREET BACAYO,10/22/2024,2024,B-
Female,13,City of Iligan,Suarez,ZONE LEO,10/22/2024,2024,B+
Female,2,City of Iligan,Tambacan,,10/18/2024,2024,B+
Male,4,City of Iligan,Luinab,"PHASE 3, FLORAVILLE SUBD,",10/11/2024,2024,O+
Female,5,City of Iligan,Palao,,10/13/2024,2024,A-
Female,5,City of Iligan,Palao,,10/13/2024,2024,A+
Male,9,City of Iligan,Del Carmen,C3 ROAD,10/13/2024,2024,A-
Male,7,City of Iligan,Luinab,ABIGAIL SUBDIVISION,10/13/2024,2024,O+
Male,10,City of Iligan,Luinab,"B16, LOT 18",10/13/2024,2024,O-
Female,8,City of Iligan,Luinab,"B16, LOT 18, BAHAYAN,",10/14/2024,2024,A-
Female,2,City of Iligan,San Miguel,MILESTONE DRIVE,10/14/2024,2024,O-
Male,11,City of Iligan,Palao,PUROK 15,10/14/2024,2024,O-
Female,9,City of Iligan,Luinab,FLORAVILLE SUBD. 5,10/14/2024,2024,O-
Male,3,City of Iligan,Luinab,ABEGAIL HOMES 2,10/14/2024,2024,O+
Male,19,City of Iligan,Santiago,PAPAYA ST.,10/18/2024,2024,B-
Male,7,City of Iligan,Hinaplanon,"PUROK 7, UPPER",10/19/2024,2024,O-
Male,4,City of Iligan,Palao,PUROK 17,10/19/2024,2024,B+
Female,13,City of Iligan,Santa Elena,,10/25/2024,2024,O-
Female,13,City of Iligan,Santa Elena,,10/25/2024,2024,O-
Male,8,City of Iligan,Palao,PUROK 5,10/28/2024,2024,O+
Male,36,City of Iligan,Palao,PUROK 13A,10/25/2024,2024,B-
Female,31,City of Iligan,Buru-un,PUROK 9,10/24/2024,2024,O-
Male,17,City of Iligan,Santa Elena,PUROK 1,10/27/2024,2024,AB-
Male,5,City of Iligan,Tubod,PUROK BOUGAINVILLA CORPUS CHRISTI VILLAGE,10/24/2024,2024,B+
Male,3,City of Iligan,Suarez,ZONE CAPRICORN,10/26/2024,2024,O+
Female,9,City of Iligan,Ubaldo Laya,ZONE GREENHILLS,10/27/2024,2024,O-
Female,2,City of Iligan,Acmac-Mariano Badelles Sr.,PUROK SAMPAGUITA,10/28/2024,2024,O-
Male,3,City of Iligan,Santa Elena,,10/29/2024,2024,B-
Female,7,City of Iligan,Santa Elena,,,2024,O-
Female,7,City of Iligan,Santa Elena,,,2024,O+
Female,10,City of Iligan,Suarez,PUROK 13,10/29/2024,2024,O+
Male,14,City of Iligan,Hinaplanon,PUROK 2A GREEN VILLAGE,10/28/2024,2024,O-
Female,5,City of Iligan,Luinab,PUROK 5A,10/28/2024,2024,O+
Female,9,City of Iligan,Maria Cristina,"PUROK 31, ZONE 13",10/30/2024,2024,O-
Male,2,City of Iligan,Palao,PUROK 10.,10/27/2024,2024,B+
Female,4,City of Iligan,Maria Cristina,,10/30/2024,2024,O-
Female,1,City of Iligan,Tipanoy,P-4,10/29/2024,2024,O+
Female,5,City of Iligan,Santa Filomena,PANDAN,11/03/2024,2024,B-
Male,2,City of Iligan,Maria Cristina,P-16 Z-6 FUENTES,10/30/2024,2024,AB-
Female,0,City of Iligan,Dalipuga,PUROK 14,10/19/2024,2024,O+
Male,10,City of Iligan,Santiago,PUROK 5A,11/02/2024,2024,O+
Male,10,City of Iligan,Santiago,PUROK 5A,11/02/2024,2024,O+
Female,0,City of Iligan,Maria Cristina,PUROK 32 A ZONE 13 BEHIND VILLAGE,10/31/2024,2024,O-
Female,13,City of Iligan,Acmac-Mariano Badelles Sr.,PUROK SAN FRANCISCO,10/26/2024,2024,O+
Female,0,City of Iligan,Tubod,"PUROK MALIGAYA, CARBIDE VILLAGE,",10/26/2024,2024,A-
Female,3,City of Iligan,San Miguel,JAMILLE ST.,10/25/2024,2024,O+
Male,4,City of Iligan,Hinaplanon,PUROK - 1,10/25/2024,2024,A-
Male,8,City of Iligan,Villa Verde,BOUGAINVILLA PUTI,10/23/2024,2024,O+
Male,1,City of Iligan,Acmac-Mariano Badelles Sr.,PUROK SANTAN,10/21/2024,2024,B+
Male,2,City of Iligan,San Miguel,PERMITES COMPOUND,10/21/2024,2024,O-
Female,11,City of Iligan,Ubaldo Laya,GREEN VALLEY,,2024,A+
Female,5,City of Iligan,Tambacan,PRK 8A,,2024,A-
Male,19,City of Iligan,Poblacion,PRK 3,,2024,O-
Male,3,City of Iligan,Ubaldo Laya,PRK 2,,2024,O-
Female,11,City of Iligan,Suarez,ZONE TANGKE,,2024,O+
Male,8,City of Iligan,Santa Elena,,,2024,O+
Female,25,City of Iligan,Tibanga,CANAWAY,,2024,O+
Female,6,City of Iligan,Maria Cristina,BEHIND VILLAGE,11/04/2024,2024,O+
Female,6,City of Iligan,Maria Cristina,BEHIND VILLAGE,11/04/2024,2024,O+
Male,11,City of Iligan,Tubod,ILANG ILANG,,2024,B-
Male,10,City of Iligan,Abuno,ZONE 17,11/03/2024,2024,A-
Male,15,City of Iligan,Luinab,BAHAYAN,11/04/2024,2024,AB+
Female,4,City of Iligan,Digkilaan,,11/04/2024,2024,A-
Female,9,City of Iligan,Digkilaan,,11/04/2024,2024,O-
Female,0,City of Iligan,Dalipuga,PUROK 26,11/06/2024,2024,AB+
Female,15,City of Iligan,Villa Verde,,11/06/2024,2024,B-
Female,23,City of Iligan,Mandulog,PUROK 21,11/06/2024,2024,AB+
Female,27,City of Iligan,Kiwalan,PUROK 9B,11/07/2024,2024,AB-
Female,14,City of Iligan,Ubaldo Laya,PUROK GREENVALLEY,11/07/2024,2024,B+
Female,4,City of Iligan,Hinaplanon,"PUROK 7,",10/28/2024,2024,O+
Female,4,City of Iligan,Hinaplanon,"PUROK 7,",10/28/2024,2024,O+
Female,11,City of Iligan,Dalipuga,"PUROK 17, TOWNSITE",10/29/2024,2024,O-
Male,7,City of Iligan,Hinaplanon,"PIONEERS VILLAGE, PUROK 3A",10/30/2024,2024,B+
Female,79,City of Iligan,Del Carmen,ABEGAILHOMES,10/31/2024,2024,O+
Male,3,City of Iligan,Abuno,"ZONE 2, PANUL-IRAN",11/04/2024,2024,A-
Female,3,City of Iligan,Tipanoy,PUROK 1A,11/09/2024,2024,B+
Male,30,City of Iligan,Dalipuga,"PUROK 7,",11/09/2024,2024,AB+
Female,18,City of Iligan,Maria Cristina,"PUROK 20, ZONE -8,",11/10/2024,2024,AB+
Male,30,City of Iligan,Santiago,PUROK 8B,11/10/2024,2024,O+
Female,8,City of Iligan,Tubod,"PUROK MANGGA, ZONE 1",11/11/2024,2024,O+
Male,11,City of Iligan,Santa Elena,,11/10/2024,2024,O-
Male,11,City of Iligan,Santa Elena,,11/10/2024,2024,O-
Female,48,City of Iligan,Tubod,PUROK LAKAMBINI 10TH EAST,11/09/2024,2024,A+
Male,55,City of Iligan,San Miguel,FERNDALE ST.,11/13/2024,2024,O-
Male,11,City of Iligan,Abuno,ZONE 2,11/13/2024,2024,B+
Male,0,City of Iligan,Hinaplanon,SAN ROQUE,11/14/2024,2024,O+
Female,2,City of Iligan,Santiago,"PUROK 8B CABILI VILLAGE,",11/14/2024,2024,B+
Female,2,City of Iligan,Santa Elena,"B17, L 4, STEEL TOWN,",11/12/2024,2024,O+
Male,0,City of Iligan,Tibanga,PUROK 12,11/12/2024,2024,B+
Female,17,City of Iligan,Tipanoy,PUROK 4,,2024,B-
Female,10,City of Iligan,Kiwalan,PUROK. 7,11/10/2024,2024,O-
Male,8,City of Iligan,Tomas L. Cabili,ZONE 1 PRK.14 SHEIKERS ST.,11/13/2024,2024,O+
Male,8,City of Iligan,Tubod,"ZONE 1, PUROK MANGGA",11/09/2024,2024,A+
Female,21,City of Iligan,Tipanoy,P-1 MIBOLO,11/11/2024,2024,B-
Male,11,City of Iligan,Kiwalan,PRK. 3,11/13/2024,2024,O+
Male,15,City of Iligan,Kiwalan,PK. 8,11/13/2024,2024,O+
Female,4,City of Iligan,Ubaldo Laya,PUROK KAPLAG,11/15/2024,2024,O+
Female,9,City of Iligan,Hinaplanon,PUROK 6 TAMBO HINAPLANON,11/15/2024,2024,O-
Female,6,City of Iligan,Kiwalan,PUROK 3,11/11/2024,2024,O+
Male,1,City of Iligan,Tipanoy,PRK 7,,2024,O-
Female,0,City of Iligan,Buru-un,PRK 6,,2024,O+
Female,5,City of Iligan,Upper Tominobo,,11/16/2024,2024,O-
Male,40,City of Iligan,Tambacan,"FAITH TABERNACLE, PUROK 3A",11/16/2024,2024,O-
Male,36,City of Iligan,Santa Elena,"B1, L6,",11/16/2024,2024,A-
Male,0,City of Iligan,Santa Filomena,PUROK PANDAN,11/16/2024,2024,A+
Male,8,City of Iligan,San Miguel,"0005 HUNTER'S ROW,",11/17/2024,2024,B-
Female,17,City of Iligan,San Miguel,CRYSTAL INN,11/18/2024,2024,B+
Male,53,City of Iligan,San Miguel,15 SHEKER AVE.,11/18/2024,2024,O-
Female,1,City of Iligan,Mahayahay,PUROK STA LUCIA,11/11/2024,2024,O+
Male,4,City of Iligan,Tomas L. Cabili,PUROK 8 DANAO,11/09/2024,2024,AB+
Female,3,City of Iligan,Suarez,ZONE ARIES II,11/15/2024,2024,B-
Male,18,City of Iligan,Luinab,BLOCK 4 LOT 9 OLIVE HOMES SUBD.,11/13/2024,2024,O-
Female,11,City of Iligan,Suarez,ZONE GEMINI,11/19/2024,2024,A-
Male,4,City of Iligan,Suarez,Z-GEMINI,11/07/2024,2024,O-
Female,5,City of Iligan,Tomas L. Cabili,"BLK.9 LOT 46, STEELTOWN",11/19/2024,2024,O+
Male,9,City of Iligan,Abuno,PRK 16,,2024,A+
Male,8,City of Iligan,Hinaplanon,"TAMBO, BAYUG",11/20/2024,2024,O-
Male,4,City of Iligan,Mahayahay,"PUROK BAGONG LIPUNAN,",11/20/2024,2024,O-
Male,1,City of Iligan,Bagong Silang,ZONE 8,11/21/2024,2024,O+
Male,4,City of Iligan,Santa Elena,PRK 12,,2024,B+
Male,11,City of Iligan,Tubod,IST EAST EXTENSION,11/19/2024,2024,O+
Female,15,City of Iligan,Dalipuga,PUROK 5,11/22/2024,2024,A-
Male,17,City of Iligan,Bunawan,PRK 1,,2024,B+
Male,31,City of Iligan,Upper Hinaplanon,PRK. 4,11/15/2024,2024,O-
Male,3,City of Iligan,Dalipuga,"PHASE 1, KALUBIHON",11/17/2024,2024,A-
Male,3,City of Iligan,Dalipuga,"PHASE 1, KALUBIHON",11/17/2024,2024,B+
Male,3,City of Iligan,Dalipuga,"PHASE 1, KALUBIHON",11/17/2024,2024,O-
Male,1,City of Iligan,Suarez,NEPTUNE 2,11/18/2024,2024,B+
Female,4,City of Iligan,Luinab,PHASE 7 BLOCK 10 BAHAYAN SUBDIVISION,11/22/2024,2024,A+
Male,9,City of Iligan,Saray,PUROK 14,11/18/2024,2024,O-
Female,0,City of Iligan,Luinab,PUROK 1,11/10/2024,2024,O-
Female,1,City of Iligan,Tomas L. Cabili,"PUROK 19, ALITA VILLAGE",11/24/2024,2024,O+
Female,21,City of Iligan,Tubod,10TH EAST,,2024,B-
Female,0,City of Iligan,Tubod,,11/25/2024,2024,AB-
Female,0,City of Iligan,Tubod,,11/25/2024,2024,B+
Female,6,City of Iligan,Suarez,ZONE TANGKE,11/24/2024,2024,O+
Female,17,City of Iligan,Maria Cristina,PUROK 13 ZONE B,11/26/2024,2024,O+
Female,17,City of Iligan,Maria Cristina,PUROK 13 ZONE B,11/26/2024,2024,O+
Female,17,City of Iligan,Maria Cristina,PUROK 13 ZONE B,11/26/2024,2024,O-
Male,30,City of Iligan,Tambacan,PUROK A-1,11/26/2024,2024,O-
Female,7,City of Iligan,Santa Filomena,PRK MALINAWON,,2024,A-
Male,15,City of Iligan,Santa Elena,,11/27/2024,2024,B+
Female,1,City of Iligan,Tubod,8TH EAST,11/24/2024,2024,A-
Male,13,City of Iligan,Santiago,NEW FRONTIER COURT SUBDIVISION,11/28/2024,2024,O-
Male,17,City of Iligan,Hinaplanon,CABUGASON,11/27/2024,2024,O+
Female,10,City of Iligan,Del Carmen,71B,11/27/2024,2024,A+
Male,11,City of Iligan,Tibanga,SANTIAGO,11/28/2024,2024,O-
Male,1,City of Iligan,Tubod,SAN ANTONIO,11/28/2024,2024,O+
Male,4,City of Iligan,Bagong Silang,ZONE 14,11/29/2024,2024,O-
Female,38,City of Iligan,Santo Rosario,,11/28/2024,2024,B-
Female,6,City of Iligan,Luinab,PUROK 9A,11/23/2024,2024,O+
Female,59,City of Iligan,Luinab,,11/27/2024,2024,A-
Female,1,City of Iligan,Del Carmen,ZONE 1,11/25/2024,2024,O+
Male,8,City of Iligan,Tubod,"PRK SAN MIGUEL, BACAYO,",11/21/2024,2024,O+
Male,4,City of Iligan,Santa Elena,"B14, L20, STEEL TOWN,",11/22/2024,2024,O-
Female,1,City of Iligan,Tubod,NOVILLE,11/23/2024,2024,O+
Female,14,City of Iligan,Tubod,MACAPAGAL AVENUE,11/27/2024,2024,O+
Male,38,City of Iligan,Poblacion,ZONE 8,11/26/2024,2024,O-
Male,60,City of Iligan,Del Carmen,ZONE 1B,11/28/2024,2024,O-
Female,11,City of Iligan,Tambacan,PUROK 3,11/27/2024,2024,B-
Female,16,City of Iligan,Tomas L. Cabili,PUROK BAYBAY CAMAGUE,11/27/2024,2024,O-
Female,2,City of Iligan,Tubod,"STEEL MAKERS, BARAAS,",11/29/2024,2024,O+
Male,20,City of Iligan,Dalipuga,PRK 22,,2024,A-
Male,20,City of Iligan,Dalipuga,PRK 22,,2024,O+
Male,21,City of Iligan,Palao,PUROK 17,11/30/2024,2024,AB+
Male,6,City of Iligan,Santa Elena,,,2024,B+
Female,8,City of Iligan,Santa Elena,,,2024,O+
Female,26,City of Iligan,Buru-un,"PUROK 2, TONGGO,",12/02/2024,2024,O+
Male,3,City of Iligan,Tambacan,PUROK 10,,2024,AB+
Female,9,City of Iligan,Luinab,PUROK 8,12/03/2024,2024,A-
Male,6,City of Iligan,Luinab,PUROK 8,12/03/2024,2024,B+
Female,2,City of Iligan,Luinab,BAHAYAN,12/03/2024,2024,O-
Female,2,City of Iligan,Tipanoy,PUROK 7,12/04/2024,2024,O-
Female,0,City of Iligan,Abuno,"ZONE 5, MALINDAWAG,",,2024,O-
Male,1,City of Iligan,Hinaplanon,"PRK 7, UPPER HINAPLANON,",12/04/2024,2024,AB-
Male,15,City of Iligan,Palao,PUROK 14,12/02/2024,2024,AB+
Male,1,City of Iligan,Tipanoy,PRK. 3 MIBOLO,12/03/2024,2024,O+
Female,4,City of Iligan,Suarez,ZONE RIVERSIDE,12/03/2024,2024,O-
Female,3,City of Iligan,Bagong Silang,PUROK 3,12/07/2024,2024,O-
Female,0,City of Iligan,Maria Cristina,PUROK 32 ZONE 13 BEHIND VILLAGE,12/04/2024,2024,B-
Male,16,City of Iligan,Villa Verde,PUROK BOUGAINVILLA PULA,12/05/2024,2024,B+
Male,16,City of Iligan,Villa Verde,PUROK BOUGAINVILLA PULA,12/05/2024,2024,O+
Male,6,City of Iligan,Abuno,ZONE 2,12/06/2024,2024,O+
Female,7,City of Iligan,Palao,PUROK 6,12/04/2024,2024,A-
Male,5,City of Iligan,Dalipuga,PUROK 5 MAPALAD,12/06/2024,2024,A+
Female,2,City of Iligan,Saray,PUROK 5,12/02/2024,2024,O+
Female,19,City of Iligan,Lanipao,.,12/02/2024,2024,O-
Male,1,City of Iligan,Palao,PRK.5,11/16/2024,2024,O-
Male,52,City of Iligan,Upper Hinaplanon,P-6 BLISS,11/25/2024,2024,A-
Male,24,City of Iligan,Maria Cristina,,11/29/2024,2024,B-
Female,25,City of Iligan,Maria Cristina,"Z-1, P-17 FUENTES",12/07/2024,2024,B+
Female,8,City of Iligan,Mahayahay,,12/08/2024,2024,O+
Female,10,City of Iligan,Buru-un,"BLOCK 4, LOT 1 MERCY HEIGHTS PUROK 3B TONGGO",12/07/2024,2024,O+
Female,5,City of Iligan,Tambacan,PUROK 8,12/07/2024,2024,O+
Male,7,City of Iligan,Tomas L. Cabili,PUROK 11,12/06/2024,2024,O+
Male,1,City of Iligan,Saray,PUROK 13,12/07/2024,2024,O-
Male,0,City of Iligan,Hinaplanon,PUROK 2,12/07/2024,2024,O-
Female,2,City of Iligan,Ubaldo Laya,PUROK GREEN VALLEY,12/07/2024,2024,B+
Female,3,City of Iligan,Luinab,"0059, B9, BAHAYAN 7",12/08/2024,2024,O+
Male,39,City of Iligan,Hinaplanon,"PUROK 7, UPPER",12/08/2024,2024,O+
Female,10,City of Iligan,Tipanoy,PUROK 5,12/09/2024,2024,B+
Female,66,City of Iligan,Tubod,PUROK LOURDES,12/10/2024,2024,O+
Male,0,City of Iligan,Luinab,FLORAVILLE SUBD.,12/10/2024,2024,O+
Female,11,City of Iligan,Luinab,"B4, L12",12/10/2024,2024,O-
Female,11,City of Iligan,Luinab,"B4, L12",12/10/2024,2024,O-
Female,21,City of Iligan,San Miguel,WHITE PLAINS,12/11/2024,2024,O+
Male,10,City of Iligan,Dalipuga,PUROK 5 MAPALAD,12/08/2024,2024,AB-
Female,11,City of Iligan,Hinaplanon,PUROK 1 ZONE MOONSTONE,12/12/2024,2024,O+
Male,9,City of Iligan,Buru-un,PUROK 18MIMBALOT,12/07/2024,2024,O+
Female,11,City of Iligan,Santa Elena,PUROK 12,12/07/2024,2024,O+
Male,4,City of Iligan,Dalipuga,KALUBIHON,12/07/2024,2024,A-
Female,12,City of Iligan,Santa Elena,PUROK 12,12/07/2024,2024,A+
Male,14,City of Iligan,Maria Cristina,PUROK 25 ZONE 10 CURVADA,12/10/2024,2024,O-
Male,12,City of Iligan,Abuno,MALINDAWAG,12/10/2024,2024,O-
Male,13,City of Iligan,Palao,PUROK 10,12/11/2024,2024,B+
Male,11,City of Iligan,Dalipuga,PUROK 7 HABITAT,12/12/2024,2024,O-
Male,15,City of Iligan,Dalipuga,PRK.5,12/09/2024,2024,O+
Male,16,City of Iligan,Tomas L. Cabili,ZONE 1 PRK.14,12/09/2024,2024,B+
Male,9,City of Iligan,Kiwalan,PRK.8,12/08/2024,2024,O-
Male,9,City of Iligan,Kiwalan,PRK.8,12/08/2024,2024,A-
Male,5,City of Iligan,Hinaplanon,,11/20/2024,2024,O-
Female,19,City of Iligan,Abuno,ZONE 2,12/09/2024,2024,B+
Female,28,City of Iligan,Santo Rosario,46 ZONE 2,12/02/2024,2024,O-
Female,11,City of Iligan,Dalipuga,PHASE 2 HABITAT KALUBIHON,12/12/2024,2024,O+
Male,32,City of Iligan,Santa Elena,"B4, L6, STEEL TOWN,",12/12/2024,2024,AB-
Female,33,City of Iligan,Santa Elena,"B43,L32, BAYANIHAN VILLAGE",12/11/2024,2024,A-
Male,6,City of Iligan,Dalipuga,PUROK 1,12/15/2024,2024,O+
Female,6,City of Iligan,Maria Cristina,P-20 ZONE 12,12/15/2024,2024,A+
Male,12,City of Iligan,Hinaplanon,"PUROK 7, TAMBO",12/16/2024,2024,B+
Female,0,City of Iligan,Tubod,SAN MIGUEL,12/16/2024,2024,O+
Male,15,City of Iligan,Tomas L. Cabili,PUROK 5 BAYBAY CAMAGUE,12/13/2024,2024,O+
Female,11,City of Iligan,Tubod,STA. TERESITA,12/13/2024,2024,B-
Female,16,City of Iligan,Maria Cristina,NUNUCAN,12/17/2024,2024,B+
Male,7,City of Iligan,Luinab,"PUROK 6A,",12/13/2024,2024,O+
Male,55,City of Iligan,Santa Filomena,PUROK VALDERAMA,12/14/2024,2024,O+
Male,66,City of Iligan,Dalipuga,"PUROK 16,",12/14/2024,2024,O-
Male,19,City of Iligan,Saray,"PUROK 3,",12/16/2024,2024,A-
Female,2,City of Iligan,Abuno,"ZONE 2, PANULIRAN.",12/16/2024,2024,A-
Female,7,City of Iligan,San Roque,BARINAUT,12/17/2024,2024,O+
Female,7,City of Iligan,Santo Rosario,ZONE 1,12/17/2024,2024,B+
Female,8,City of Iligan,Tipanoy,PINDUGANGAN,12/17/2024,2024,O-
Male,0,City of Iligan,Acmac-Mariano Badelles Sr.,,12/17/2024,2024,B-
Female,10,City of Iligan,Bagong Silang,ZONE 3,12/18/2024,2024,O+
Male,31,City of Iligan,Santiago,,12/19/2024,2024,O+
Male,21,City of Iligan,Hinaplanon,PRK.1,12/15/2024,2024,O+
Male,26,City of Iligan,Tubod,MACAPAGAL AVENUE CAMAGUE,12/16/2024,2024,A-
Male,8,City of Iligan,Hinaplanon,PRK. 6A TAMBO,12/18/2024,2024,O+
Female,6,City of Iligan,Acmac-Mariano Badelles Sr.,PRK. VANDA,12/19/2024,2024,O+
Female,22,City of Iligan,Luinab,PUROK 3,12/20/2024,2024,B-
Female,0,City of Iligan,Tomas L. Cabili,CEANURI VILLAGE,12/16/2024,2024,O+
Male,13,City of Iligan,Saray,PRK. 3A,12/02/2024,2024,B-
Male,1,City of Iligan,Del Carmen,GREENHILLS SUBDIVISION,12/21/2024,2024,O-
Male,9,City of Iligan,Luinab,"B3, L13, FLORAVILLE SUBD.",12/21/2024,2024,A+
Female,2,City of Iligan,Acmac-Mariano Badelles Sr.,,12/21/2024,2024,O+
Male,7,City of Iligan,Tubod,"PUROK MANGGA, ZONE 1,",12/22/2024,2024,A-
Male,36,City of Iligan,San Miguel,,12/23/2024,2024,A-
Male,29,City of Iligan,Ubaldo Laya,PUROK 3 OLAS,12/18/2024,2024,AB+
Female,13,City of Iligan,Maria Cristina,PUROK 31 A ZONE 13,12/18/2024,2024,A+
Male,0,City of Iligan,Tipanoy,"PUROK 14, DOÑA MARIA SUBD.",12/23/2024,2024,B+
Male,10,City of Iligan,Del Carmen,"ZONE 1B, HILLSIDE VILLAGE,",12/24/2024,2024,O+
Male,4,City of Iligan,Dalipuga,"PUROK 2, MAPALAD,",12/24/2024,2024,O-
Female,5,City of Iligan,Upper Tominobo,,12/25/2024,2024,O+
Male,4,City of Iligan,Upper Tominobo,,12/25/2024,2024,O-
Male,21,City of Iligan,Bagong Silang,ZONE 23,12/25/2024,2024,B-
Female,2,City of Iligan,Saray,"PUROK 5,",12/26/2024,2024,O+
Male,14,City of Iligan,Santa Filomena,,12/26/2024,2024,O+
Male,1,City of Iligan,Tubod,LOT 27 BLOCK 3 PHASE 4 DOÑA MARIA SUBDIVISION,12/24/2024,2024,O-
Female,37,City of Iligan,Tubod,CELDRAN VILLAGE,12/21/2024,2024,B+
Female,10,City of Iligan,Tomas L. Cabili,DOOR 5 NB SALBO APARTMENT CEANURI VILLAGE CAMAGUE,12/23/2024,2024,O-
Female,3,City of Iligan,Tomas L. Cabili,"LOT 12 BLOCK 4 PUROK 5-A CEANURI VILLAGE, CAMAGUE",12/24/2024,2024,O-
Male,2,City of Iligan,Abuno,ZONE 6 MALINDAWAG,12/24/2024,2024,A-
Male,8,City of Iligan,Santa Elena,BLOCK 19 LOT 8 STEELTOWN,12/26/2024,2024,O+
Female,10,City of Iligan,Tomas L. Cabili,PUROK 5 BAYBAY CAMAGUE,12/21/2024,2024,O-
Female,9,City of Iligan,Suarez,ZONE BALITE DRIVE,12/26/2024,2024,B+
Female,0,City of Iligan,Tipanoy,"PUROK 20, PINDUGANGAN",12/21/2024,2024,O+
Female,11,City of Iligan,Hinaplanon,"PRK.1A, MOONSTONE",12/23/2024,2024,O-
Female,24,City of Iligan,Kiwalan,PRK.9B,12/21/2024,2024,O+
Female,1,City of Iligan,Santa Elena,BAYANIHAN,12/30/2024,2024,O+
Female,27,City of Iligan,San Roque,"B4,L5, PHASE 2, EMERALD HOMES,",01/01/2025,2024,O+
Female,11,City of Iligan,Bagong Silang,"ZONE 3,",12/26/2024,2024,O+
Male,6,City of Iligan,Del Carmen,GREENHILLS VILLAGE,12/29/2024,2024,O-
Female,2,City of Iligan,Tubod,PURDUE ST. CELDRAN VILLAGE,12/30/2024,2024,O+
Female,6,City of Iligan,Tubod,BARAAS MOALVE ROAD SUBDIVISION,01/03/2025,2024,O+
Female,14,City of Iligan,Tubod,4TH EAST,01/01/2025,2024,O+
Female,6,City of Iligan,Tubod,5TH EAST,01/01/2025,2024,B-
Male,2,City of Iligan,Tubod,PUROK SUNRISE LLUCH ALTHEA HEIGHTS CARBIDE VILLAGE,01/03/2025,2024,O+
Male,6,City of Iligan,Bagong Silang,ZONE 9,01/04/2025,2024,B+
Male,31,City of Iligan,Mahayahay,MAHADLOKON,,2024,B-
Female,4,City of Iligan,Maria Cristina,"PUROK 26, ZONE 11 CURVADA",01/02/2025,2024,B-
Male,2,City of Iligan,Tambacan,PRK 8A,,2024,O+
Female,13,City of Iligan,Maria Cristina,,01/02/2025,2024,O+
Male,10,City of Iligan,Bagong Silang,ZONE 8,01/02/2025,2024,O+
Male,2,City of Iligan,Santa Elena,BAYANIHAN VILLAGE,01/02/2025,2024,O-
Female,5,City of Iligan,Tubod,PHASE 2 DOÑA MARIA SUBD.,12/29/2024,2024,O+
Female,12,City of Iligan,Mahayahay,PUROK MASIDLAKON,12/30/2024,2024,O+
Female,10,City of Iligan,Digkilaan,PPRK 1,,2024,O+
Male,4,City of Iligan,Bonbonon,PRK 8,,2024,O-
Female,6,City of Iligan,Tibanga,PRK 14,,2024,O+
Male,16,City of Iligan,Mahayahay,ADELFA,,2024,O+
Male,15,City of Iligan,Santa Filomena,MAGBANUAG,,2024,O-
Male,21,City of Iligan,Abuno,ZONE 16,01/06/2025,2024,AB+
Male,21,City of Iligan,Abuno,ZONE 16,01/06/2025,2024,B-
Male,4,City of Iligan,Tomas L. Cabili,PUROK 20A UPSURGE,01/10/2024,2024,O+
Male,21,City of Iligan,Abuno,PRK 16,,2024,O+
Male,7,City of Iligan,Ubaldo Laya,PUROK SILANGAN,03/30/2024,2024,A-
Female,8,City of Iligan,Santiago,NEW FRONTIERCOURT SUBD.,03/31/2024,2024,O-
Female,4,City of Iligan,Hinaplanon,"PUROK 3, UPPER HINAPLANON,",03/31/2024,2024,AB+
Male,32,City of Iligan,San Miguel,MILESTONE DRIVE,04/02/2024,2024,B+
Male,27,City of Iligan,Puga-an,"PUROK 5, TINONGOS,",04/04/2024,2024,O+
Female,9,City of Iligan,Dalipuga,"PHASE 2 HABITAT, KALUBIHON,",04/06/2024,2024,O-
Male,9,City of Iligan,San Miguel,"OLIVERIO TOWN HOUSE, FERNDALE ST.",04/06/2024,2024,A-
Male,7,City of Iligan,Luinab,BAHAYAN 7,04/09/2024,2024,O-
